CustomerID,Recency,Frequency,Monetary,PC1,PC2,Cluster,Segmento
12346,326,1,77183.6,0.873338372087125,2.6916107150844284,1,Activos de mayor valor
12347,2,7,4310.0,2.5518744831222584,-0.8028584565784531,1,Activos de mayor valor
12348,75,4,1797.24,0.4773394075321929,0.747867189884553,1,Activos de mayor valor
12349,19,1,1757.55,0.1476088640669685,-0.45706580927755724,0,Menor actividad y valor
12350,310,1,334.4,-1.6862551390641358,0.6790349444153218,0,Menor actividad y valor
12352,36,8,2506.04,1.4417318827045686,0.6374134047607791,1,Activos de mayor valor
12353,204,1,89.0,-2.1508032518105367,-0.06429463777775575,0,Menor actividad y valor
12354,232,1,1079.4,-1.0213019914127104,0.9220157633544541,0,Menor actividad y valor
12355,214,1,459.4,-1.3950395877427844,0.5603840767546808,0,Menor actividad y valor
12356,23,3,2811.43,0.9278083476336723,0.09467236556320502,1,Activos de mayor valor
12357,33,1,6207.67,0.5430368264902355,0.3387465838644627,1,Activos de mayor valor
12358,2,2,1168.06,1.0456016685963108,-1.6533206689545588,1,Activos de mayor valor
12359,58,4,6310.03,1.1693575279866457,1.0446122601268373,1,Activos de mayor valor
12360,52,3,2662.06,0.599298871446901,0.577024783433071,1,Activos de mayor valor
12361,287,1,189.9,-1.9241271046700128,0.42507199000167134,0,Menor actividad y valor
12362,3,10,5226.23,2.8215121299246837,-0.4284852272465627,1,Activos de mayor valor
12363,110,2,552.0,-0.6887133261957896,0.3631274391889979,0,Menor actividad y valor
12364,8,4,1313.1,1.1436135739678936,-0.7188755915320818,1,Activos de mayor valor
12365,291,2,641.38,-0.9871518629166014,1.0308510199602177,0,Menor actividad y valor
12367,4,1,168.9,-0.4309475269938044,-2.187045705844122,0,Menor actividad y valor
12370,51,4,3541.94,0.9438515576658639,0.754279693232615,1,Activos de mayor valor
12371,45,2,1887.96,0.23024835946544264,0.2520976032566342,0,Menor actividad y valor
12372,72,3,1298.04,0.13662280163412627,0.5185463000377043,0,Menor actividad y valor
12373,311,1,364.6,-1.6466016669306942,0.7124702878424031,0,Menor actividad y valor
12374,25,1,742.9300000000001,-0.36052881172008816,-0.604067896399158,0,Menor actividad y valor
12375,11,2,457.5,0.07223276167155386,-1.115392323037843,0,Menor actividad y valor
12377,315,2,1628.12,-0.5760688882074648,1.4198586829122228,0,Menor actividad y valor
12378,130,1,4008.62,-0.17954076319386336,1.0345742256295671,0,Menor actividad y valor
12379,82,2,852.24,-0.37203734018877344,0.33679803853320534,0,Menor actividad y valor
12380,22,4,2724.81,1.1311467953992276,0.14165562210070815,1,Activos de mayor valor
12381,5,5,1845.31,1.6247065411216906,-0.782329928589533,1,Activos de mayor valor
12383,185,5,1850.56,0.31427663986289184,1.3956319536110557,1,Activos de mayor valor
12384,29,2,585.27,-0.16123148079742314,-0.44499398942637247,0,Menor actividad y valor
12386,338,2,401.9,-1.2653532561060883,0.9555653484431772,0,Menor actividad y valor
12388,16,6,2780.66,1.560695008641629,0.08612308528882116,1,Activos de mayor valor
12390,80,1,549.84,-0.9370982003568211,0.006862486120640471,0,Menor actividad y valor
12391,22,1,439.66,-0.5619975953740698,-0.8725139920482801,0,Menor actividad y valor
12393,72,4,1582.6000000000001,0.4324551470593232,0.6760429587082993,1,Activos de mayor valor
12394,64,2,1272.48,-0.08877265692538854,0.3276823611810753,0,Menor actividad y valor
12395,19,12,3018.63,2.097679246799161,0.45584062667733044,1,Activos de mayor valor
12397,36,2,2409.9,0.42909978566064966,0.20293114700745024,1,Activos de mayor valor
12398,46,1,1635.6599999999999,-0.21283563931711297,0.05841719901040145,0,Menor actividad y valor
12399,119,4,1108.65,0.07395349029367293,0.8615980966365695,0,Menor actividad y valor
12401,303,1,84.3,-2.326748670529566,0.16595316119419606,0,Menor actividad y valor
12402,323,1,225.6,-1.8878323637028058,0.5621768371605789,0,Menor actividad y valor
12403,50,1,427.7,-0.879241579314425,-0.37771245603013376,0,Menor actividad y valor
12405,149,1,1710.39,-0.6349693681322685,0.8103531090659403,0,Menor actividad y valor
12406,22,2,3415.3,0.7759813884580942,0.028489315736766958,1,Activos de mayor valor
12407,50,5,1708.1200000000001,0.7705957840620568,0.546214446255992,1,Activos de mayor valor
12408,33,5,2888.55,1.1744722380021988,0.4804273126519381,1,Activos de mayor valor
12409,79,3,11072.67,1.1177334528944596,1.3570637037754025,1,Activos de mayor valor
12410,309,2,693.3299999999999,-0.9731286001596072,1.097095304463083,0,Menor actividad y valor
12412,75,3,1226.88,0.09452602349256078,0.5235594017787584,0,Menor actividad y valor
12413,67,3,758.1,-0.09101256506569141,0.2778996748576025,0,Menor actividad y valor
12414,217,3,562.41,-0.6773934694661107,0.9078482306637344,0,Menor actividad y valor
12415,24,21,124914.53,4.2535256530470145,2.1542921004581483,1,Activos de mayor valor
12417,3,9,3649.1,2.5649876369585205,-0.5957388289747905,1,Activos de mayor valor
12418,113,1,668.58,-0.9750876126818997,0.2946045898075568,0,Menor actividad y valor
12420,64,1,600.39,-0.8114044942520926,-0.10066577361855553,0,Menor actividad y valor
12421,16,4,807.04,0.6700873081213395,-0.4928104862974709,1,Activos de mayor valor
12422,96,3,803.5600000000001,-0.19912165949612354,0.5242586369353098,0,Menor actividad y valor
12423,1,8,1859.31,2.414845596095315,-1.320930042057424,1,Activos de mayor valor
12424,163,2,1760.96,-0.2883580948436301,1.0326243053286186,0,Menor actividad y valor
12425,78,1,777.2,-0.7637084323584055,0.11686011714034293,0,Menor actividad y valor
12426,195,1,582.73,-1.247158404295685,0.5881714868887638,0,Menor actividad y valor
12427,22,3,825.8,0.3635852035556217,-0.3781816598008336,1,Activos de mayor valor
12428,26,9,7956.46,2.205081856404462,0.8986332463068454,1,Activos de mayor valor
12429,9,4,3750.4,1.6007443824338847,-0.27004181346525197,1,Activos de mayor valor
12430,43,1,256.4,-1.0647240384456158,-0.6570943263722827,0,Menor actividad y valor
12431,36,15,6419.95,2.408282333421585,1.2000223385126327,1,Activos de mayor valor
12432,43,5,5059.32,1.3416651157079416,0.8479486492927454,1,Activos de mayor valor
12433,1,7,13375.87,3.2436748057961133,-0.6474879773524033,1,Activos de mayor valor
12434,85,2,806.14,-0.4119371938234449,0.3390777363426182,0,Menor actividad y valor
12435,80,2,7829.89,0.6883837225964806,1.128700085891652,1,Activos de mayor valor
12436,100,1,509.01,-1.0579108610833898,0.11870513321497823,0,Menor actividad y valor
12437,2,18,4951.41,3.400344361383589,-0.4214630983157561,1,Activos de mayor valor
12438,14,2,2906.85,0.8628567693046834,-0.3011721668596558,1,Activos de mayor valor
12441,367,1,173.55,-2.0602185702554014,0.5478536076739505,0,Menor actividad y valor
12442,3,1,172.06,-0.336969242599337,-2.3217927357779686,0,Menor actividad y valor
12444,21,5,5005.46,1.6013721845577011,0.40464055421318146,1,Activos de mayor valor
12445,22,1,133.4,-1.125035119175733,-1.3049895462473342,0,Menor actividad y valor
12446,58,1,1002.3100000000001,-0.5317275718147375,0.02434329665834531,0,Menor actividad y valor
12447,243,1,476.49,-1.4260920664466163,0.6538704608697521,0,Menor actividad y valor
12448,44,1,449.45,-0.8079636878164133,-0.43903349932675273,0,Menor actividad y valor
12449,22,4,4067.29,1.3210257706723232,0.2875038321942642,1,Activos de mayor valor
12450,156,2,197.88,-1.3060561989173496,0.21046705375335054,0,Menor actividad y valor
12451,11,5,9035.52,2.112925076773833,0.23546836764501758,1,Activos de mayor valor
12452,17,2,430.57,-0.11135500586330409,-0.8803989328176375,0,Menor actividad y valor
12453,134,1,707.09,-1.0131593914967436,0.42215464985880524,0,Menor actividad y valor
12454,56,1,3528.34,0.07784195169939774,0.4605797553566428,0,Menor actividad y valor
12455,73,6,2466.86,0.9420778202771115,0.9749548195890563,1,Activos de mayor valor
12456,44,3,3181.04,0.7462267995283683,0.5381395796359472,1,Activos de mayor valor
12457,66,7,2363.23,1.0805244543590677,0.9474134406036192,1,Activos de mayor valor
12458,71,2,947.4,-0.26759190079184875,0.28517784646767874,0,Menor actividad y valor
12461,94,2,826.88,-0.4379274613336823,0.4114133757804807,0,Menor actividad y valor
12462,19,2,1189.59,0.32955847643532865,-0.44402186824744794,1,Activos de mayor valor
12463,53,4,1344.78,0.4704602503534379,0.4256610253811064,1,Activos de mayor valor
12464,10,8,1212.05,1.5608838036927175,-0.39596473007003785,1,Activos de mayor valor
12465,17,2,742.1899999999999,0.1463589765083332,-0.6824458788213987,0,Menor actividad y valor
12468,188,2,729.5400000000001,-0.7600018575027202,0.8019227199497552,0,Menor actividad y valor
12471,2,30,19788.65,4.5001578960076944,0.2703254325940954,1,Activos de mayor valor
12472,32,7,6572.11,1.8358902427072916,0.8708810509213998,1,Activos de mayor valor
12473,29,5,3928.0499999999997,1.3679908352261017,0.5130007519069137,1,Activos de mayor valor
12474,17,18,7324.09,2.9014950615762563,0.8569584305410008,1,Activos de mayor valor
12475,54,1,723.38,-0.6593628696365753,-0.13879895795556144,0,Menor actividad y valor
12476,16,11,6816.42,2.4734606920935303,0.6187847328639416,1,Activos de mayor valor
12477,23,6,13219.74,2.168051363327433,0.8724292715313838,1,Activos de mayor valor
12478,4,1,680.99,0.22803622352635267,-1.680872758808413,0,Menor actividad y valor
12479,11,1,527.2,-0.22755679486986188,-1.2189504713963084,0,Menor actividad y valor
12480,28,4,3281.63,1.1307347445464122,0.35630102468538166,1,Activos de mayor valor
12481,23,10,5579.82,2.168099072441124,0.73121411359549,1,Activos de mayor valor
12483,17,8,2484.98,1.7129791807884853,0.17756097288611977,1,Activos de mayor valor
12484,33,6,4527.32,1.5269716617406384,0.7030118588458403,1,Activos de mayor valor
12488,10,3,1298.66,0.859804783002995,-0.681044265359511,1,Activos de mayor valor
12489,336,1,334.93,-1.7161770951076067,0.7305087309119225,0,Menor actividad y valor
12490,5,10,5417.93,2.683702871299073,-0.15832884135733752,1,Activos de mayor valor
12491,39,1,460.40000000000003,-0.7515824106837364,-0.5049528382479763,0,Menor actividad y valor
12492,63,2,263.21000000000004,-0.8285850470621628,-0.2549538399836609,0,Menor actividad y valor
12493,166,2,433.74,-0.9588321078895177,0.534436039407277,0,Menor actividad y valor
12494,16,7,1246.1000000000001,1.3011419521075775,-0.15497304911245954,1,Activos de mayor valor
12497,82,1,1043.1,-0.6432092506315916,0.2552214310724,0,Menor actividad y valor
12498,21,3,403.70000000000005,0.04182100242252853,-0.6665548903395594,0,Menor actividad y valor
12500,23,11,4257.82,2.118647352365849,0.6660373849559305,1,Activos de mayor valor
12501,337,1,2169.39,-0.8326487750411837,1.4119046413882141,0,Menor actividad y valor
12502,96,5,3723.87,0.8944073347777736,1.2374971151325418,1,Activos de mayor valor
12504,18,2,482.04999999999995,-0.07857577509860726,-0.8050814356989685,0,Menor actividad y valor
12506,233,1,73.5,-2.2909662421677432,-0.0492563134380005,0,Menor actividad y valor
12507,134,3,1304.81,-0.09577076504214596,0.9101929446175224,0,Menor actividad y valor
12508,26,2,397.88,-0.3035906751373189,-0.6520480947173115,0,Menor actividad y valor
12509,284,1,176.5,-1.954635714212821,0.3919273879766589,0,Menor actividad y valor
12510,143,2,982.5699999999999,-0.5151075712446156,0.7378502939310786,0,Menor actividad y valor
12512,66,2,132.18,-1.1709009764339915,-0.47540900898558247,0,Menor actividad y valor
12513,113,1,612.29,-1.0167245128610767,0.26262281111803665,0,Menor actividad y valor
12514,267,1,1017.68,-1.102653619981274,0.9893103231351716,0,Menor actividad y valor
12515,353,1,383.7,-1.670699734232983,0.8110791419501483,0,Menor actividad y valor
12516,78,2,1312.06,-0.14877293990858056,0.4624854591119637,0,Menor actividad y valor
12517,28,5,2481.6,1.1632604833738651,0.32430632687644695,1,Activos de mayor valor
12518,1,5,2056.89,2.095816389403134,-1.4392663854913545,1,Activos de mayor valor
12519,64,1,330.84,-1.0933329882117626,-0.3172182705932746,0,Menor actividad y valor
12520,79,5,2634.26,0.8039307892893103,0.9893146581330796,1,Activos de mayor valor
12521,143,1,599.68,-1.1158157669181732,0.4031531011466124,0,Menor actividad y valor
12522,39,2,192.72,-0.7961894949770113,-0.6659296841179643,0,Menor actividad y valor
12523,19,11,1789.77,1.777510846455092,0.2349301096170655,1,Activos de mayor valor
12524,9,8,4485.72,2.2174800213085,0.0199881521623447,1,Activos de mayor valor
12526,1,3,1316.66,1.517537038055215,-1.7567357267211319,1,Activos de mayor valor
12527,82,3,348.71000000000004,-0.5346417778378145,0.12199495769356504,0,Menor actividad y valor
12528,9,6,1933.48,1.5911762249103552,-0.3825436020935074,1,Activos de mayor valor
12530,60,4,1662.28,0.5243331640874074,0.5800763040897727,1,Activos de mayor valor
12531,15,1,125.22,-1.0161800751971055,-1.5579182124950994,0,Menor actividad y valor
12532,30,1,349.83000000000004,-0.7841154300759257,-0.7663168939652792,0,Menor actividad y valor
12534,131,1,1089.18,-0.7999639294024797,0.5650722513633468,0,Menor actividad y valor
12535,92,2,716.35,-0.4977480916907019,0.34573280863909944,0,Menor actividad y valor
12536,43,3,12601.830000000002,1.4074385711481363,1.0251836266462961,1,Activos de mayor valor
12538,29,1,363.95,-0.752880277129568,-0.7727325540816978,0,Menor actividad y valor
12539,22,4,5568.35,1.4699369729451446,0.40188422782855543,1,Activos de mayor valor
12540,20,17,13400.24,3.080096269194794,1.1539929199770473,1,Activos de mayor valor
12541,30,3,981.18,0.331216642867809,-0.1262359766430683,1,Activos de mayor valor
12544,36,1,372.7,-0.8217589436078754,-0.6311540979814042,0,Menor actividad y valor
12545,75,2,1000.39,-0.26246660104938474,0.33925404324836966,0,Menor actividad y valor
12546,47,2,1161.5,-0.01618982972672986,0.10227339750284022,0,Menor actividad y valor
12547,198,2,207.79999999999998,-1.3735326408164692,0.378475001600311,0,Menor actividad y valor
12548,166,1,95.19999999999999,-2.0408993904944825,-0.16999856711791805,0,Menor actividad y valor
12550,79,1,964.83,-0.6660938744319456,0.20350394464082092,0,Menor actividad y valor
12551,358,1,168.0,-2.0660812500573664,0.5203886483065651,0,Menor actividad y valor
12552,39,2,437.82,-0.408484116666356,-0.3681287538731809,0,Menor actividad y valor
12553,8,10,3692.28,2.3470326267578456,-0.040919850547098915,1,Activos de mayor valor
12556,50,2,599.56,-0.35251174237285127,-0.09983888571993328,0,Menor actividad y valor
12557,16,5,11990.960000000001,2.1140407535409356,0.5593285615431313,1,Activos de mayor valor
12558,8,1,269.96,-0.4341634509857222,-1.6444302140327913,0,Menor actividad y valor
12559,311,2,561.71,-1.0752446034759542,1.0246225406608886,0,Menor actividad y valor
12560,5,3,2134.01,1.3267033986974812,-0.8845159118564935,1,Activos de mayor valor
12561,303,1,238.85,-1.8365480320425536,0.5424818716910835,0,Menor actividad y valor
12562,8,7,3781.7400000000002,2.0702245609329295,-0.15401795085557474,1,Activos de mayor valor
12564,261,1,456.9,-1.4731447758800567,0.6837342668613408,0,Menor actividad y valor
12565,289,1,145.92,-2.050933790532235,0.3340880188218707,0,Menor actividad y valor
12566,86,1,351.65,-1.175853740935671,-0.11026069327571228,0,Menor actividad y valor
12567,23,10,9401.28,2.4154264326965555,0.9211890844870142,1,Activos de mayor valor
12569,2,32,4124.69,3.813289393782687,-0.27680461489971664,1,Activos de mayor valor
12571,40,2,519.61,-0.33687782037873454,-0.29022837328403206,0,Menor actividad y valor
12572,9,2,1020.42,0.521672525912924,-0.9392489336925849,1,Activos de mayor valor
12573,227,1,160.54000000000002,-1.9140692258462606,0.2161541473349222,0,Menor actividad y valor
12574,316,1,218.45,-1.8946912054171574,0.5366534793511218,0,Menor actividad y valor
12576,36,5,1315.83,0.7695452209623342,0.2478127856156241,1,Activos de mayor valor
12577,35,3,626.6,0.0617350245154324,-0.1945591962070816,0,Menor actividad y valor
12578,21,2,2794.51,0.6978730408625198,-0.07272907016392764,1,Activos de mayor valor
12579,78,1,440.42,-1.0325483551762635,-0.08963889881590174,0,Menor actividad y valor
12580,247,1,415.7,-1.4968724822168613,0.6145824564216652,0,Menor actividad y valor
12581,40,1,197.71,-1.1604525296396382,-0.7961118811924102,0,Menor actividad y valor
12582,239,2,511.36,-1.0194678481690544,0.8241610369693751,0,Menor actividad y valor
12583,3,15,7281.38,3.317776312797872,-0.16439609122813084,1,Activos de mayor valor
12584,4,9,2338.15,2.268763693649592,-0.6163390001170052,1,Activos de mayor valor
12585,234,2,2040.1,-0.3560397777306441,1.3142237764203641,0,Menor actividad y valor
12586,17,1,196.94000000000003,-0.8478325746473651,-1.3193821321239476,0,Menor actividad y valor
12587,8,1,144.0,-0.730623271147017,-1.8721443886695286,0,Menor actividad y valor
12588,39,1,214.89999999999998,-1.111679853766328,-0.7815477980497411,0,Menor actividad y valor
12589,29,2,646.68,-0.11399785228066485,-0.4087132997634698,0,Menor actividad y valor
12590,211,2,9864.26,0.4303523261271857,1.8227438897380017,1,Activos de mayor valor
12591,317,1,452.84999999999997,-1.5513528492487778,0.8032963920490235,0,Menor actividad y valor
12592,92,2,437.6,-0.7310212614129378,0.16655302205185243,0,Menor actividad y valor
12593,109,3,418.09999999999997,-0.5564029264562753,0.3664594226775733,0,Menor actividad y valor
12594,38,10,3338.2200000000003,1.7391104858291033,0.8519401698616809,1,Activos de mayor valor
12596,51,2,618.27,-0.3453828832736646,-0.07635570899381043,0,Menor actividad y valor
12597,19,4,3811.22,1.3435891946595282,0.17522641062113764,1,Activos de mayor valor
12598,10,8,3023.08,1.9940102381352345,-0.06327536771810272,1,Activos de mayor valor
12599,29,7,1032.58,0.9951303965286903,0.13669763468763374,1,Activos de mayor valor
12600,29,10,2599.04,1.7206944506360147,0.5944903362052191,1,Activos de mayor valor
12601,190,5,577.0600000000001,-0.2478239230394679,0.9884757528598802,0,Menor actividad y valor
12602,59,1,153.12,-1.4263968812736125,-0.6472762904411532,0,Menor actividad y valor
12603,22,1,739.1999999999999,-0.31607832404192476,-0.6836205903448057,0,Menor actividad y valor
12604,79,2,254.18,-0.9303142274333405,-0.12616036179612386,0,Menor actividad y valor
12607,60,1,1579.51,-0.3289853214415308,0.21098656196938467,0,Menor actividad y valor
12609,78,3,1126.85,0.03944534304184466,0.5171533177799363,0,Menor actividad y valor
12610,23,5,2099.54,1.1563134922877394,0.14347614279454335,1,Activos de mayor valor
12611,52,1,1193.32,-0.40812774165076343,0.019827282535645044,0,Menor actividad y valor
12612,74,1,704.0400000000001,-0.7906728303490748,0.04796343940481709,0,Menor actividad y valor
12613,57,5,3344.38,1.0399078684251608,0.872349835717068,1,Activos de mayor valor
12614,278,1,315.6,-1.6721288862116388,0.5891924523651014,0,Menor actividad y valor
12615,2,4,2291.19,1.8270804085947099,-1.2126982212458826,1,Activos de mayor valor
12616,95,2,713.3,-0.5118963246057019,0.3643076373808895,0,Menor actividad y valor
12617,29,1,352.98,-0.7673514780131722,-0.7838480488000699,0,Menor actividad y valor
12618,22,1,177.31,-0.9909898346512157,-1.2020278318644548,0,Menor actividad y valor
12619,16,9,3641.24,2.0112453440342763,0.3207299330277438,1,Activos de mayor valor
12620,15,3,1339.41,0.7313111649665366,-0.4322686170153945,1,Activos de mayor valor
12621,2,20,13689.67,3.973046432609015,-0.012841604454182459,1,Activos de mayor valor
12622,232,1,180.1,-1.8681614851860666,0.2715333116246874,0,Menor actividad y valor
12623,276,1,305.1,-1.685372674777602,0.5723481145566771,0,Menor actividad y valor
12624,106,2,641.13,-0.6038390969450533,0.39428518458350337,0,Menor actividad y valor
12625,212,2,2683.82,-0.188514113215684,1.3517495295122255,0,Menor actividad y valor
12626,23,9,6620.48,2.1629292432408054,0.7570289005932387,1,Activos de mayor valor
12627,11,7,4478.53,2.0404958343930755,0.08992988445659292,1,Activos de mayor valor
12628,4,3,786.46,0.923420460671201,-1.3633585716670378,1,Activos de mayor valor
12630,10,2,1270.88,0.5892476344920301,-0.7989575473075842,1,Activos de mayor valor
12631,57,1,640.5,-0.7372639043307387,-0.1493840810876347,0,Menor actividad y valor
12633,59,4,2163.98,0.6556440075808705,0.6656091666557706,1,Activos de mayor valor
12635,90,2,1689.18,-0.08307960741769571,0.6440837685231405,0,Menor actividad y valor
12637,67,8,6002.9,1.6233349212662618,1.3412822942332001,1,Activos de mayor valor
12638,33,1,671.69,-0.5107347292453609,-0.47066738643157086,0,Menor actividad y valor
12639,239,1,486.1,-1.4103297764642524,0.6506491594517968,0,Menor actividad y valor
12640,24,3,1174.58,0.4986145856087024,-0.19713987037764613,1,Activos de mayor valor
12641,115,1,185.9,-1.5867901962691862,-0.15912286938487302,0,Menor actividad y valor
12642,25,3,1013.26,0.4136458718900898,-0.22603386722201857,1,Activos de mayor valor
12643,128,6,3344.64,0.8740721362719033,1.4380927683374285,1,Activos de mayor valor
12644,130,1,477.91,-1.18709243284468,0.26066227785339285,0,Menor actividad y valor
12645,34,4,1775.18,0.7676823351848273,0.2518271074388251,1,Activos de mayor valor
12646,5,2,1346.97,0.8483404629886442,-1.162047192934281,1,Activos de mayor valor
12647,22,12,3722.82,2.1436809208148775,0.6207836833173863,1,Activos de mayor valor
12648,155,1,318.05,-1.4463970265660886,0.22345769768486695,0,Menor actividad y valor
12649,107,3,623.51,-0.36027295507592816,0.5000929669776369,0,Menor actividad y valor
12650,3,1,314.44,-0.05231937221940206,-2.1031499184857125,0,Menor actividad y valor
12651,335,1,114.0,-2.223322739994181,0.3382084874723748,0,Menor actividad y valor
12652,331,1,919.98,-1.2322642826664871,1.0883456547116925,0,Menor actividad y valor
12653,149,2,2209.85,-0.14666226626533477,1.0587137376221878,0,Menor actividad y valor
12654,11,5,601.98,0.8293170391357668,-0.7504856300630184,1,Activos de mayor valor
12656,17,5,4051.17,1.5777552131834502,0.20040753339467096,1,Activos de mayor valor
12657,11,4,1643.18,1.1399730017728038,-0.4548891468354058,1,Activos de mayor valor
12658,19,1,686.05,-0.29802046038016616,-0.7993587842756393,0,Menor actividad y valor
12659,30,1,91.68,-1.4152871641924032,-1.2511271134755468,0,Menor actividad y valor
12660,11,1,245.1,-0.5896869590718059,-1.497106787511749,0,Menor actividad y valor
12662,1,11,3849.78,3.020121488166068,-0.9459154693385013,1,Activos de mayor valor
12664,8,9,4881.88,2.3931840044058763,0.02431534172673322,1,Activos de mayor valor
12665,325,1,63.0,-2.4896595493730165,0.10561330575228914,0,Menor actividad y valor
12667,58,1,620.13,-0.7590943671663869,-0.15029973630015725,0,Menor actividad y valor
12668,12,4,3807.15,1.5076409201683407,-0.09825137981071935,1,Activos de mayor valor
12669,151,3,2744.0299999999997,0.21120470644757758,1.255973692667998,0,Menor actividad y valor
12670,10,5,2996.05,1.6228635181316915,-0.22164376851939918,1,Activos de mayor valor
12672,330,1,225.89999999999998,-1.8953701890905976,0.5762089858085788,0,Menor actividad y valor
12673,5,2,610.52,0.47356441236831265,-1.4499169588748828,1,Activos de mayor valor
12674,39,4,1970.6,0.7661661591871124,0.3744932421357823,1,Activos de mayor valor
12676,25,6,1331.39,1.0493771117672375,0.08739063777062851,1,Activos de mayor valor
12678,42,12,17628.46,2.6418896996900707,1.5837137308567708,1,Activos de mayor valor
12679,59,4,1113.02,0.340597970976565,0.4236187068393514,1,Activos de mayor valor
12680,1,4,862.81,1.5192340550043422,-1.8251677740687506,1,Activos de mayor valor
12681,15,22,13787.54,3.419285108419995,1.0857449497373488,1,Activos de mayor valor
12682,4,31,12279.82,4.107522405702945,0.43253133910647695,1,Activos de mayor valor
12683,4,15,8476.57,3.304591502544039,0.032409329181563105,1,Activos de mayor valor
12684,8,7,2283.63,1.8311342144132985,-0.33766597739660065,1,Activos de mayor valor
12685,28,6,2863.08,1.3705215807675115,0.4353316553954827,1,Activos de mayor valor
12686,372,1,89.14,-2.378718198394346,0.3157254788922249,0,Menor actividad y valor
12688,114,1,4873.8099999999995,-0.03713699836035036,1.0231543754770336,0,Menor actividad y valor
12689,26,2,1247.61,0.23748036758151367,-0.23644524558408633,0,Menor actividad y valor
12690,206,1,389.01,-1.4592279693888792,0.47591573436466617,0,Menor actividad y valor
12691,28,6,1035.8,0.8887282601166359,0.06526070177412373,1,Activos de mayor valor
12693,127,4,855.91,-0.07325367669430002,0.808376575971789,0,Menor actividad y valor
12694,70,2,869.67,-0.30279580221640845,0.2451671452836782,0,Menor actividad y valor
12695,7,4,582.1,0.8033320221364174,-1.089476180875376,1,Activos de mayor valor
12697,29,3,957.59,0.3322150293485596,-0.15587684250795356,1,Activos de mayor valor
12700,8,4,4939.99,1.7715916898468103,-0.23651842667412906,1,Activos de mayor valor
12701,80,2,797.71,-0.39403448170915667,0.2972822975683174,0,Menor actividad y valor
12702,20,1,219.0,-0.8566168470120837,-1.183177349091102,0,Menor actividad y valor
12703,71,1,283.55,-1.2053018480962965,-0.3083742416682414,0,Menor actividad y valor
12704,7,8,2340.84,1.9944315909290913,-0.3582707191173288,1,Activos de mayor valor
12705,15,9,6868.29,2.3352374538930882,0.513371553873341,1,Activos de mayor valor
12707,292,1,603.42,-1.3842285333197164,0.855735968451901,0,Menor actividad y valor
12708,30,10,2712.91,1.7284928037712175,0.6308880782634827,1,Activos de mayor valor
12709,15,15,9706.52,2.9245073844868106,0.819113675351042,1,Activos de mayor valor
12710,97,3,1149.02,-0.033652731959898825,0.660868605875037,0,Menor actividad y valor
12712,29,13,4396.13,2.188045869583874,0.8781017144830615,1,Activos de mayor valor
12713,1,1,848.55,0.6822255425205859,-2.1817296395672394,1,Activos de mayor valor
12714,9,5,4708.86,1.8736042172088325,-0.11743314658896696,1,Activos de mayor valor
12715,106,1,343.36,-1.2661764630623922,0.012249921926644158,0,Menor actividad y valor
12716,4,2,1053.49,0.801561583076791,-1.3670550129881054,1,Activos de mayor valor
12717,151,2,1030.98,-0.5129799793411519,0.7896239170746787,0,Menor actividad y valor
12718,71,1,238.25,-1.2875204005331238,-0.3715272510635556,0,Menor actividad y valor
12719,5,2,644.95,0.49953601774647083,-1.4299678720830853,1,Activos de mayor valor
12720,3,25,5781.73,3.6477617128987734,-0.06265865933568601,1,Activos de mayor valor
12721,32,6,2656.13,1.2856010113382004,0.4899280723081151,1,Activos de mayor valor
12722,85,4,997.63,0.15123061571895513,0.6120130643737647,0,Menor actividad y valor
12723,4,5,725.07,1.2518246230310892,-1.237821217684809,1,Activos de mayor valor
12724,5,4,1031.41,1.184107492888932,-1.0637810015833797,1,Activos de mayor valor
12725,371,1,427.8,-1.6381870811882033,0.8820463503461612,0,Menor actividad y valor
12726,28,7,2609.1,1.447319479664608,0.4525905323499079,1,Activos de mayor valor
12727,11,7,3980.7,1.98463591582823,0.04702324286061361,1,Activos de mayor valor
12728,71,4,836.33,0.1355743436608748,0.4352141444880843,0,Menor actividad y valor
12729,114,1,453.01,-1.16264819638396,0.15863636638254933,0,Menor actividad y valor
12731,24,12,18895.91,2.881975717501951,1.265200529453246,1,Activos de mayor valor
12732,180,1,236.26000000000002,-1.643618325747427,0.20981245230445456,0,Menor actividad y valor
12733,234,1,383.95,-1.5138827648417448,0.5515849855988145,0,Menor actividad y valor
12734,353,1,110.39999999999999,-2.25833801661219,0.3597074640474669,0,Menor actividad y valor
12735,315,2,779.5699999999999,-0.9249387261659247,1.1518877748709895,0,Menor actividad y valor
12736,333,1,234.0,-1.8821852725939352,0.5947036215677568,0,Menor actividad y valor
12738,372,1,155.35,-2.117585053391569,0.5163048307661154,0,Menor actividad y valor
12739,78,2,1013.04,-0.2713032422125741,0.3683685341203638,0,Menor actividad y valor
12740,64,1,427.6,-0.9720102562917727,-0.22402889420896854,0,Menor actividad y valor
12743,134,2,540.13,-0.7737758071536475,0.4793142808910904,0,Menor actividad y valor
12744,52,7,21279.29,2.2119407706658487,1.5990950596079803,1,Activos de mayor valor
12747,2,11,4196.01,2.9060578279764235,-0.6575198180197847,1,Activos de mayor valor
12748,1,209,33053.19,6.629389339714291,0.9319257629120729,1,Activos de mayor valor
12749,4,5,4090.88,2.0716933403890043,-0.6080706896636342,1,Activos de mayor valor
12750,129,1,275.88,-1.4439685696789064,0.056246595173297304,0,Menor actividad y valor
12752,81,1,4366.78,0.03998491578856312,0.7687498960632563,0,Menor actividad y valor
12753,23,6,21429.39,2.397079498413503,1.0483483985191178,1,Activos de mayor valor
12754,236,3,3010.74,0.08549551793280064,1.5713262965407628,0,Menor actividad y valor
12755,281,2,3811.95,-0.12937966409355264,1.6574004270701685,0,Menor actividad y valor
12756,87,1,112.07999999999998,-1.719514781160681,-0.5172545146430216,0,Menor actividad y valor
12757,16,13,7834.650000000001,2.678949371687527,0.7284486470228823,1,Activos de mayor valor
12758,117,2,2791.59,0.05575755649617355,0.9916757619093848,0,Menor actividad y valor
12759,52,3,1531.44,0.33727358636957605,0.37576016857607003,1,Activos de mayor valor
12762,8,2,1898.52,0.8560896531079306,-0.7800856996975765,1,Activos de mayor valor
12763,138,2,494.08,-0.827101306711095,0.46543227684021876,0,Menor actividad y valor
12764,317,1,1693.88,-0.9266052601879263,1.2831721523523312,0,Menor actividad y valor
12766,4,7,6989.63,2.585947284509906,-0.3029711150039814,1,Activos de mayor valor
12769,239,1,1143.6,-1.0052392093479579,0.9618038518274015,0,Menor actividad y valor
12770,211,1,1351.45,-0.8787325484405245,0.9439344773666369,0,Menor actividad y valor
12772,60,1,892.47,-0.5994389583368402,0.0032480337951044528,0,Menor actividad y valor
12775,17,5,1386.04,1.0694222561202134,-0.19004881814506988,1,Activos de mayor valor
12778,20,6,822.23,0.9026589471831146,-0.22336382601286062,1,Activos de mayor valor
12779,38,8,3981.36,1.6410479192387952,0.8393296493620543,1,Activos de mayor valor
12781,64,2,826.74,-0.2930433733837157,0.17077969027121867,0,Menor actividad y valor
12782,5,5,2330.92,1.7354232438824577,-0.6972871643661989,1,Activos de mayor valor
12783,2,6,2225.91,2.11784135268093,-1.0945137959539906,1,Activos de mayor valor
12784,9,2,532.8199999999999,0.21399753968229474,-1.1755776055097593,0,Menor actividad y valor
12785,364,1,311.95,-1.7802644102983647,0.7552986703819207,0,Menor actividad y valor
12787,10,3,463.66,0.3721111272957643,-1.0556473337433598,1,Activos de mayor valor
12789,65,1,91.85,-1.7030817224280208,-0.7714149042882261,0,Menor actividad y valor
12790,192,1,324.92,-1.5175977909385274,0.3661399769072417,0,Menor actividad y valor
12791,374,1,192.60000000000002,-2.0183021647447914,0.5975242700876287,0,Menor actividad y valor
12792,257,1,400.53999999999996,-1.5295450964152943,0.626145286935525,0,Menor actividad y valor
12793,335,2,545.48,-1.11743066331249,1.0609431905034645,0,Menor actividad y valor
12794,53,2,860.41,-0.20331442555724613,0.06776729971446796,0,Menor actividad y valor
12795,19,1,430.48,-0.5185909456440146,-0.9687814938143379,0,Menor actividad y valor
12797,366,1,254.03,-1.8793935788883713,0.6842239384342164,0,Menor actividad y valor
12798,10,3,6977.04,1.6567016170756161,-0.06893870332163925,1,Activos de mayor valor
12802,187,1,427.58,-1.3777351541753478,0.4492286969187926,0,Menor actividad y valor
12808,37,3,483.65000000000003,-0.08147639719114548,-0.25442212977704115,0,Menor actividad y valor
12809,178,1,489.31,-1.2951932263153343,0.4671377242651753,0,Menor actividad y valor
12811,261,3,514.85,-0.7894401162204933,0.9922772371082293,0,Menor actividad y valor
12812,45,1,229.64000000000001,-1.133754115799372,-0.6688946455914146,0,Menor actividad y valor
12814,102,1,125.92,-1.7248915964785778,-0.37542641607128663,0,Menor actividad y valor
12815,148,2,1063.46,-0.4906718547775563,0.7882729900138635,0,Menor actividad y valor
12816,96,2,572.2,-0.6202015182427322,0.29072714167675934,0,Menor actividad y valor
12817,281,1,166.04,-1.9793923000103664,0.36309822162252064,0,Menor actividad y valor
12818,262,1,1542.08,-0.8985555896401944,1.1286155622452059,0,Menor actividad y valor
12820,3,4,942.34,1.2962139607596557,-1.3536799946813165,1,Activos de mayor valor
12821,214,1,92.72,-2.1497928498372363,-0.019350526196622298,0,Menor actividad y valor
12822,71,2,948.88,-0.26685254688271054,0.28574575265170143,0,Menor actividad y valor
12823,75,5,1759.5,0.632257964445312,0.8098838138684948,1,Activos de mayor valor
12824,60,1,397.12,-0.9827270096511457,-0.29115989712003243,0,Menor actividad y valor
12826,3,7,1474.72,1.933674419558966,-1.0109221779580564,1,Activos de mayor valor
12827,6,3,430.15000000000003,0.5092780466750001,-1.3694375800622776,1,Activos de mayor valor
12828,3,6,1018.71,1.6375860326669764,-1.1966205839261468,1,Activos de mayor valor
12829,337,2,293.0,-1.4136352591866894,0.8389286508683853,0,Menor actividad y valor
12830,38,6,6814.64,1.6684285982596052,0.9389004083975118,1,Activos de mayor valor
12831,262,1,215.05,-1.8307576685202818,0.4125804959372765,0,Menor actividad y valor
12832,32,2,383.03,-0.39823591596612856,-0.5386536301250139,0,Menor actividad y valor
12833,145,1,417.38,-1.2925736897805804,0.2801745988549105,0,Menor actividad y valor
12834,283,1,312.38,-1.6837612286355559,0.5967295830059632,0,Menor actividad y valor
12836,59,4,2610.36,0.744529225187395,0.7338829177282238,1,Activos de mayor valor
12837,173,1,134.1,-1.8955682602686525,-0.020289576058932765,0,Menor actividad y valor
12838,34,2,671.95,-0.15473513889443585,-0.29705199200805055,0,Menor actividad y valor
12839,3,14,5591.42,3.134179225701624,-0.2852499020207972,1,Activos de mayor valor
12840,144,4,2726.77,0.42813779370723115,1.3091452271724653,1,Activos de mayor valor
12841,5,25,3991.58,3.3172294954403263,0.059465020197944855,1,Activos de mayor valor
12842,70,2,1118.99,-0.183397740030584,0.3368781608576548,0,Menor actividad y valor
12843,66,8,1702.26,1.0316221681988111,0.8730421557917291,1,Activos de mayor valor
12844,29,2,325.96000000000004,-0.4381111083079767,-0.6576683944030389,0,Menor actividad y valor
12845,267,4,354.09,-0.773246514505464,0.9559777490486507,0,Menor actividad y valor
12847,22,1,843.64,-0.25349449336133145,-0.6355492350384342,0,Menor actividad y valor
12849,31,2,1010.29,0.07262529681197591,-0.20551594095359182,0,Menor actividad y valor
12851,97,1,131.81,-1.684373885097387,-0.39045078025388025,0,Menor actividad y valor
12852,295,1,311.55,-1.7008277853180942,0.6219992668837135,0,Menor actividad y valor
12853,135,6,1957.1000000000001,0.599889156618836,1.2764933187654235,1,Activos de mayor valor
12854,79,3,1316.25,0.10824489386052512,0.5816640091369404,0,Menor actividad y valor
12855,373,1,38.1,-2.775775375417733,0.013224199313213324,0,Menor actividad y valor
12856,8,6,2170.78,1.6862875842710436,-0.40719386221231935,1,Activos de mayor valor
12857,211,2,1106.4,-0.6066280477916572,1.0262274180186626,0,Menor actividad y valor
12863,52,1,521.2,-0.8003879150645071,-0.2814722378620127,0,Menor actividad y valor
12864,138,1,147.12,-1.7661527541185564,-0.12915023285018612,0,Menor actividad y valor
12865,26,2,1568.23,0.3458505743714163,-0.1532048517224529,1,Activos de mayor valor
12866,283,1,559.12,-1.4084027207256598,0.8082355986400233,0,Menor actividad y valor
12867,26,7,4009.34,1.678260542502096,0.563711322120161,1,Activos de mayor valor
12868,186,6,1607.0600000000002,0.3848573641347184,1.4066439397188628,1,Activos de mayor valor
12871,84,2,380.64,-0.7626210324254665,0.05886711706229203,0,Menor actividad y valor
12872,327,2,599.97,-1.0631582382121416,1.080283525422963,0,Menor actividad y valor
12873,282,1,374.0,-1.5972983575294033,0.659871612530903,0,Menor actividad y valor
12875,143,2,343.2300000000001,-1.012913426687333,0.3554799294081598,0,Menor actividad y valor
12876,58,2,2218.02,0.21152821913918596,0.4685329258480539,0,Menor actividad y valor
12877,4,12,1535.77,2.3069718424262904,-0.6689834627905973,1,Activos de mayor valor
12878,236,2,854.99,-0.7713113563516625,1.0031079028817886,0,Menor actividad y valor
12879,45,3,573.22,-0.07404915295674605,-0.07154154702457179,0,Menor actividad y valor
12881,276,1,298.0,-1.696500286669379,0.5638008687402447,0,Menor actividad y valor
12882,9,2,1463.04,0.6923713348490749,-0.8081332284775531,1,Activos de mayor valor
12883,25,4,703.47,0.4427448428287404,-0.2734181606690811,1,Activos de mayor valor
12884,88,1,309.05,-1.2455798542100296,-0.14274100744313262,0,Menor actividad y valor
12885,63,3,1175.22,0.1397917560241046,0.39896269056806266,0,Menor actividad y valor
12886,68,2,1378.4,-0.0737024792584974,0.39463874346315364,0,Menor actividad y valor
12888,214,2,354.12,-1.1512597552912143,0.6209205161820289,0,Menor actividad y valor
12890,24,1,376.71999999999997,-0.6669262585914856,-0.8757867184892894,0,Menor actividad y valor
12891,186,3,331.0,-0.8695680536348819,0.6179933686958077,0,Menor actividad y valor
12893,31,1,176.55,-1.119166783429188,-0.9942314180443701,0,Menor actividad y valor
12895,42,2,372.8,-0.5121500385865178,-0.3806889561248836,0,Menor actividad y valor
12897,205,2,216.5,-1.3673828495779878,0.41525856335755157,0,Menor actividad y valor
12901,9,28,17654.54,3.925790634841525,0.9664970794798432,1,Activos de mayor valor
12902,265,1,138.68,-2.0418960785460185,0.2609209644644203,0,Menor actividad y valor
12904,18,2,496.06,-0.06501939493968464,-0.7946686252301793,0,Menor actividad y valor
12906,12,5,2919.81,1.546831389737378,-0.12512682179884738,1,Activos de mayor valor
12908,176,2,750.0,-0.7218468605709738,0.7703981775498612,0,Menor actividad y valor
12909,40,5,2178.67,0.9692804103757199,0.49642829585954157,1,Activos de mayor valor
12910,23,8,3075.04,1.7040690089230655,0.4374997778758625,1,Activos de mayor valor
12912,3,5,1662.3,1.7300984508978958,-1.0773864504672952,1,Activos de mayor valor
12913,5,5,2483.63,1.76549978091516,-0.6741850326756148,1,Activos de mayor valor
12915,149,2,363.65,-1.0011827338363022,0.40234680439915294,0,Menor actividad y valor
12916,139,4,2944.95,0.4780274177206217,1.314923979440772,1,Activos de mayor valor
12917,128,1,594.0,-1.0783005687542617,0.32995930210178415,0,Menor actividad y valor
12919,8,6,1335.19,1.4559784573550414,-0.5840969336587348,1,Activos de mayor valor
12920,17,1,162.78,-0.9376565518600797,-1.3883769551743492,0,Menor actividad y valor
12921,9,37,16587.09,4.140795254696933,1.047174997420333,1,Activos de mayor valor
12922,161,1,405.38,-1.3460961565204597,0.3354985451483369,0,Menor actividad y valor
12923,64,1,172.82,-1.3999374509277482,-0.5527246610691406,0,Menor actividad y valor
12924,88,4,933.7,0.10676273446802541,0.6096548491807783,0,Menor actividad y valor
12925,5,2,694.05,0.5342734524753774,-1.4032856516257337,1,Activos de mayor valor
12928,35,5,2062.7000000000003,0.9930369382927637,0.39407080817098566,1,Activos de mayor valor
12929,312,1,117.85,-2.1806220637069864,0.30525065227940096,0,Menor actividad y valor
12930,78,2,415.8,-0.692870748903311,0.04455771622430188,0,Menor actividad y valor
12931,22,15,42055.96,3.481049077605416,1.5831411768866273,1,Activos de mayor valor
12933,24,3,607.53,0.18639703856413112,-0.43695773505043656,0,Menor actividad y valor
12935,2,7,2160.7,2.2245767800495972,-1.0542595613728267,1,Activos de mayor valor
12936,17,4,1063.9,0.779131513671496,-0.35604636433708153,1,Activos de mayor valor
12937,15,4,1504.27,0.9882255526381583,-0.3046652862958896,1,Activos de mayor valor
12938,26,1,114.14,-1.2596241133688666,-1.2596746655627542,0,Menor actividad y valor
12939,64,8,11581.8,1.9521441360449447,1.5520018410479268,1,Activos de mayor valor
12940,55,2,899.69,-0.1960639336177329,0.10706212640211255,0,Menor actividad y valor
12942,131,3,675.6,-0.3989427764088325,0.6564827907505484,0,Menor actividad y valor
12944,36,2,604.51,-0.2260335165171921,-0.3002842266688249,0,Menor actividad y valor
12945,288,1,462.95,-1.5043882236568316,0.7506926177112527,0,Menor actividad y valor
12947,144,6,1603.99,0.4811219670325807,1.2446905984699863,1,Activos de mayor valor
12948,16,7,2064.95,1.54048112786434,0.028866106008243946,1,Activos de mayor valor
12949,31,8,4167.22,1.7382453163015572,0.7305337997948069,1,Activos de mayor valor
12950,2,3,1843.0,1.5220042292854286,-1.3772951743248336,1,Activos de mayor valor
12951,9,6,1064.07,1.3082011206011117,-0.5999000124342596,1,Activos de mayor valor
12952,6,4,1387.79,1.2658269030227822,-0.8580593061050831,1,Activos de mayor valor
12953,10,1,329.85,-0.41613328693584506,-1.4444884837440812,0,Menor actividad y valor
12955,1,11,4757.16,3.1204458408363456,-0.8688551879423655,1,Activos de mayor valor
12956,306,1,108.07,-2.213945159076214,0.2617054755101285,0,Menor actividad y valor
12957,10,8,4017.54,2.1288182299145797,0.040272190820413806,1,Activos de mayor valor
12962,7,2,266.39,-0.028569722052019093,-1.5688291141371773,0,Menor actividad y valor
12963,8,8,1856.63,1.8396074639098796,-0.367966457809672,1,Activos de mayor valor
12965,89,1,769.8100000000001,-0.818030613079747,0.19602604194221768,0,Menor actividad y valor
12966,10,1,160.18,-0.7571191028082516,-1.70640358435358,0,Menor actividad y valor
12967,358,2,1660.9,-0.6153583539325114,1.5079918431153534,0,Menor actividad y valor
12968,112,1,135.95,-1.7242233206818767,-0.2889856688273827,0,Menor actividad y valor
12970,7,4,405.47,0.6322336654787942,-1.2208987832597225,1,Activos de mayor valor
12971,4,86,11189.91,4.968472659049101,0.7812689680105879,1,Activos de mayor valor
12974,198,1,144.8,-1.9107109017415271,0.09257587746511231,0,Menor actividad y valor
12976,212,1,738.6,-1.1667131979653917,0.7270972723548019,0,Menor actividad y valor
12977,156,1,39.239999999999995,-2.4305705075366797,-0.5265715983702882,0,Menor actividad y valor
12980,158,9,7374.900000000001,1.49178909710332,1.9950040999929,1,Activos de mayor valor
12981,30,2,372.21999999999997,-0.38789164626488754,-0.5886865139718961,0,Menor actividad y valor
12982,243,1,390.54,-1.5201908620037823,0.5815921010132528,0,Menor actividad y valor
12984,19,1,97.5,-1.2189967574751692,-1.5067711993505897,0,Menor actividad y valor
12985,1,2,1239.38,1.2285669683445248,-1.8887921837927863,1,Activos de mayor valor
12987,74,2,558.7,-0.5332438121078017,0.11898397436617252,0,Menor actividad y valor
12988,292,1,505.82,-1.4677336854507828,0.7915947071332667,0,Menor actividad y valor
12989,3,15,6924.110000000001,3.29392448856045,-0.1827169499092498,1,Activos de mayor valor
12990,31,3,409.5,-0.09456397164589853,-0.4238406827148185,0,Menor actividad y valor
12991,23,2,503.76,-0.1469709278697335,-0.6409731195989423,0,Menor actividad y valor
12993,23,4,414.76,0.22328095407651607,-0.5162187194349755,0,Menor actividad y valor
12994,4,3,974.4200000000001,1.0249160999075648,-1.2853986116786584,1,Activos de mayor valor
12995,85,1,211.32,-1.4120152852757408,-0.30238003580985895,0,Menor actividad y valor
12997,22,4,1226.89,0.7530227288182291,-0.14878579314717263,1,Activos de mayor valor
12999,196,3,455.88,-0.7380771428124037,0.767303593556121,0,Menor actividad y valor
13000,107,3,534.85,-0.43287236886862884,0.44432852786436605,0,Menor actividad y valor
13001,4,13,9785.970000000001,3.251866201676551,0.033640889780165543,1,Activos de mayor valor
13002,318,1,120.94999999999999,-2.175666409561856,0.3266656426981372,0,Menor actividad y valor
13003,106,3,149.05,-1.0328647035693639,-0.025159039753932348,0,Menor actividad y valor
13004,12,18,5655.91,2.9032708690191726,0.556541035395427,1,Activos de mayor valor
13005,174,2,513.7,-0.8966520659199613,0.6255900875770566,0,Menor actividad y valor
13006,56,1,81.57,-1.702716365264021,-0.9070874290844224,0,Menor actividad y valor
13008,323,1,229.46999999999997,-1.8798028458413625,0.5683444015595409,0,Menor actividad y valor
13011,372,1,50.550000000000004,-2.643681922951811,0.1122038151016581,0,Menor actividad y valor
13012,9,8,1646.8400000000001,1.7425389843244061,-0.3448194840937506,1,Activos de mayor valor
13013,1,13,4810.9400000000005,3.2652599430924525,-0.8057961097858659,1,Activos de mayor valor
13014,11,10,3466.2799999999997,2.2071983210478074,0.11845463155316578,1,Activos de mayor valor
13015,53,5,3339.64,1.0665327523120534,0.8265330343177881,1,Activos de mayor valor
13016,73,3,789.89,-0.10386090994307579,0.3464452550343715,0,Menor actividad y valor
13017,7,1,204.0,-0.5214415842154583,-1.8206959872252055,0,Menor actividad y valor
13018,16,28,7277.7,3.3029437230855896,0.9801609089450454,1,Activos de mayor valor
13021,4,9,2616.38,2.3220522360321842,-0.5754074619421363,1,Activos de mayor valor
13023,64,2,689.9,-0.378725179454969,0.10496651619493041,0,Menor actividad y valor
13026,1,5,975.36,1.7422835892877897,-1.7108189680351886,1,Activos de mayor valor
13027,114,6,6912.0,1.2620725261430141,1.629585740986402,1,Activos de mayor valor
13028,23,2,661.3199999999999,-0.018159100433666774,-0.5420312833929601,0,Menor actividad y valor
13029,31,3,1247.5,0.4328497736503322,-0.01872815975349816,1,Activos de mayor valor
13030,11,2,752.4399999999999,0.30774065700161374,-0.9344960181816167,1,Activos de mayor valor
13032,52,2,1010.18,-0.12016566924135598,0.1143006052145829,0,Menor actividad y valor
13033,357,1,190.55,-2.005627646207824,0.5642369918784864,0,Menor actividad y valor
13034,55,2,642.77,-0.3552946716997756,-0.01524482257810113,0,Menor actividad y valor
13035,74,2,921.88,-0.29611942824460025,0.30112192253154557,0,Menor actividad y valor
13037,138,3,881.07,-0.2929395178064413,0.785823294506421,0,Menor actividad y valor
13038,80,3,908.46,-0.07215164418334666,0.4546194275957641,0,Menor actividad y valor
13040,9,2,676.99,0.3273557275684584,-1.0885058863851587,1,Activos de mayor valor
13043,273,1,516.42,-1.4323082673407141,0.7566314602325964,0,Menor actividad y valor
13044,291,1,560.47,-1.4178730250304517,0.8267228095927818,0,Menor actividad y valor
13045,99,1,305.28000000000003,-1.2958962913188035,-0.0733216628726792,0,Menor actividad y valor
13046,31,2,629.31,-0.15154135038858235,-0.3777009035585992,0,Menor actividad y valor
13047,32,10,3237.54,1.7884087127760804,0.7348886080300898,1,Activos de mayor valor
13048,14,4,1819.41,1.10301111596556,-0.27634716978870977,1,Activos de mayor valor
13049,64,2,656.6800000000001,-0.4020899554725317,0.08701976481554687,0,Menor actividad y valor
13050,15,17,5836.86,2.789959220972856,0.6789568137212695,1,Activos de mayor valor
13052,212,1,348.15000000000003,-1.5226180921639314,0.4537226572467518,0,Menor actividad y valor
13055,78,3,1214.41,0.07489714949843697,0.5443842553223394,0,Menor actividad y valor
13058,25,3,271.40000000000003,-0.20969940845393192,-0.7048324981798889,0,Menor actividad y valor
13059,250,1,183.4,-1.8880253944646856,0.3252841064279253,0,Menor actividad y valor
13060,254,1,307.53,-1.6500115663714783,0.522767258526049,0,Menor actividad y valor
13061,72,1,248.61,-1.2726896504700496,-0.34734430496323815,0,Menor actividad y valor
13062,191,1,346.98,-1.4845594854646385,0.3866996481753824,0,Menor actividad y valor
13064,13,4,1105.59,0.8933417952967991,-0.5013773110679349,1,Activos de mayor valor
13065,373,1,205.86,-1.985870256330901,0.6199593451968213,0,Menor actividad y valor
13066,24,2,470.8,-0.194583578270195,-0.6396885445005486,0,Menor actividad y valor
13067,82,1,115.46000000000001,-1.683204359345539,-0.5436106928835301,0,Menor actividad y valor
13068,10,2,344.0,-0.02938643410008923,-1.274137442697715,0,Menor actividad y valor
13069,1,24,4431.44,3.7509631265831325,-0.6139235032881087,1,Activos de mayor valor
13070,192,1,228.8,-1.6832879361015607,0.2388714835555507,0,Menor actividad y valor
13072,267,1,177.15,-1.9294088239181482,0.3542702061011536,0,Menor actividad y valor
13075,130,1,919.61,-0.8772204876169225,0.49867845897442353,0,Menor actividad y valor
13077,1,4,728.02,1.4387927722515268,-1.8869556423161633,1,Activos de mayor valor
13078,3,26,12627.94,4.052281536302581,0.23626324698675094,1,Activos de mayor valor
13079,4,5,220.10000000000002,0.6880388030006676,-1.6708715467657438,1,Activos de mayor valor
13080,179,1,58.08,-2.300703452770794,-0.30003984277955675,0,Menor actividad y valor
13081,12,11,28337.38,3.2514834785644022,0.9676175321427335,1,Activos de mayor valor
13082,126,9,3613.63,1.239449361872839,1.5927869932474605,1,Activos de mayor valor
13083,4,2,303.75,0.2129824499054523,-1.819149369132547,0,Menor actividad y valor
13085,158,2,416.08000000000004,-0.9597432539048498,0.48821278440870364,0,Menor actividad y valor
13089,3,97,58762.08,5.947790448456745,1.2893535763034851,1,Activos de mayor valor
13090,9,14,8910.82,3.0050985435956004,0.4653266367881322,1,Activos de mayor valor
13091,28,1,345.82,-0.7640902852189115,-0.8127817922824314,0,Menor actividad y valor
13092,71,5,477.83,0.035557436318183144,0.3014119259824746,0,Menor actividad y valor
13093,276,8,7832.47,1.2129386166178873,2.328528468747822,1,Activos de mayor valor
13094,21,12,1927.3200000000002,1.8486192216141133,0.3529209495635127,1,Activos de mayor valor
13095,71,1,74.39999999999999,-1.8350286566572875,-0.7920745973524427,0,Menor actividad y valor
13097,33,10,6003.22,2.069720106814818,0.9786513360397799,1,Activos de mayor valor
13098,1,28,28882.44,4.773980985789677,0.1254848308822703,1,Activos de mayor valor
13099,99,1,207.35999999999999,-1.478556357867217,-0.21362494670565618,0,Menor actividad y valor
13101,234,1,101.19,-2.1427456240727123,0.0685482392648022,0,Menor actividad y valor
13102,1,24,6424.09,3.9269983166043976,-0.4787088627985334,1,Activos de mayor valor
13103,40,1,243.94,-1.0612749252858469,-0.7199324302786738,0,Menor actividad y valor
13104,3,6,1098.48,1.673298987265685,-1.1691890555124158,1,Activos de mayor valor
13106,133,1,76.5,-2.059290395393858,-0.3882853742912457,0,Menor actividad y valor
13107,44,4,1531.6200000000001,0.6017492757426954,0.35742919764514064,1,Activos de mayor valor
13108,373,1,350.06,-1.7350823101242578,0.8125924316913669,0,Menor actividad y valor
13109,60,2,786.54,-0.29238718166821887,0.11238437639721856,0,Menor actividad y valor
13110,31,7,1488.67,1.1437930496441044,0.31073710287492307,1,Activos de mayor valor
13113,1,24,12245.960000000001,4.232860470030968,-0.24377264856804315,1,Activos de mayor valor
13115,12,4,2294.78,1.267684612576374,-0.2825645609441859,1,Activos de mayor valor
13116,138,1,501.14,-1.1872769959296245,0.3154908501184594,0,Menor actividad y valor
13117,22,8,984.91,1.180816730433886,-0.0038840575762801423,1,Activos de mayor valor
13118,20,5,1197.81,0.9413849332999528,-0.14544366551955018,1,Activos de mayor valor
13120,239,1,30.599999999999998,-2.7072933183482433,-0.34556335364143864,0,Menor actividad y valor
13121,269,1,283.73,-1.7099100937499288,0.5297645373142963,0,Menor actividad y valor
13122,94,2,922.39,-0.386157514881768,0.4511784630724849,0,Menor actividad y valor
13124,90,3,3756.33,0.5560230078233925,1.045081033747265,1,Activos de mayor valor
13126,5,8,2099.64,2.052787284126631,-0.5802298543039223,1,Activos de mayor valor
13127,78,1,259.17,-1.2832161629714107,-0.28217970562411054,0,Menor actividad y valor
13130,94,1,64.0,-2.011296788618506,-0.6703959439208431,0,Menor actividad y valor
13131,23,3,1073.3,0.4714907145115868,-0.2558304214318448,1,Activos de mayor valor
13132,262,1,77.3,-2.3120076658514472,0.04292687516473818,0,Menor actividad y valor
13133,274,2,109.8,-1.7975448196745962,0.3527537956725902,0,Menor actividad y valor
13134,86,4,1793.58,0.42473686880798817,0.8328173043256888,1,Activos de mayor valor
13135,197,1,3096.0,-0.45978920099601883,1.2023735982033223,0,Menor actividad y valor
13136,56,5,2607.61,0.9285992258046131,0.7707241123452078,1,Activos de mayor valor
13137,11,8,3603.29,2.04399484896848,0.05580863737467355,1,Activos de mayor valor
13138,22,6,962.39,0.9424559207283321,-0.10843237187473473,1,Activos de mayor valor
13139,16,7,5064.94,1.965774737712584,0.35553898630676367,1,Activos de mayor valor
13140,108,3,422.47,-0.5479958642224904,0.3644479479268896,0,Menor actividad y valor
13141,85,5,2388.75,0.7299353033384276,0.9995446567058278,1,Activos de mayor valor
13142,19,1,307.09,-0.6783003886321401,-1.091456141501661,0,Menor actividad y valor
13144,333,1,110.95,-2.233787347758908,0.3246340509149954,0,Menor actividad y valor
13145,40,4,618.52,0.20782474973283052,-0.03147640660746847,0,Menor actividad y valor
13146,26,1,228.91,-0.931726981812107,-1.0078131329018454,0,Menor actividad y valor
13147,10,4,712.8000000000001,0.777578503206191,-0.8139387556813455,1,Activos de mayor valor
13148,29,12,3683.26,2.037118703488709,0.7853326332930644,1,Activos de mayor valor
13149,14,4,1676.06,1.0641211188143853,-0.30621902088167285,1,Activos de mayor valor
13151,296,1,1257.8700000000001,-1.0415200989244293,1.1315487015625036,0,Menor actividad y valor
13153,6,1,486.22,-0.05995364751490376,-1.5900525577874112,0,Menor actividad y valor
13155,33,4,971.76,0.49327457295571564,0.014169693473621887,1,Activos de mayor valor
13157,49,4,1741.22,0.6222797270992794,0.47090525367334174,1,Activos de mayor valor
13158,95,4,1201.06,0.1971225807751343,0.749272858335277,0,Menor actividad y valor
13159,9,4,1429.35,1.1435588822722424,-0.6212112190479391,1,Activos de mayor valor
13160,22,1,91.8,-1.300649909757293,-1.439881273124609,0,Menor actividad y valor
13161,313,1,112.75,-2.2026366122969443,0.29129909205959037,0,Menor actividad y valor
13162,122,4,1688.29,0.2637913178852853,1.0303134671028549,0,Menor actividad y valor
13165,46,2,1021.48,-0.06900145193628753,0.04218424667518818,0,Menor actividad y valor
13166,283,1,417.2,-1.546946830668181,0.7018182850587831,0,Menor actividad y valor
13167,19,4,791.33,0.5986960255349872,-0.39693454227781383,1,Activos de mayor valor
13168,36,4,1299.59,0.5986856135741255,0.17355165865046004,1,Activos de mayor valor
13169,64,2,712.88,-0.36321091127832317,0.11688320281713706,0,Menor actividad y valor
13170,27,1,108.81,-1.2959901170095331,-1.253882167407131,0,Menor actividad y valor
13171,22,3,468.41,0.0951722656670773,-0.5843527037549767,0,Menor actividad y valor
13173,4,2,353.65,0.2848832183355253,-1.7639215675036677,1,Activos de mayor valor
13174,16,3,2742.82,1.047826140562162,-0.13292942834054747,1,Activos de mayor valor
13176,46,1,481.49,-0.7919942096703512,-0.3864411152125072,0,Menor actividad y valor
13177,65,1,282.45,-1.1739001961696038,-0.36494452857463816,0,Menor actividad y valor
13178,26,11,5725.47,2.2140553231727957,0.8485477792670442,1,Activos de mayor valor
13182,45,1,121.18,-1.435014865317758,-0.9002964689133747,0,Menor actividad y valor
13183,8,9,3957.78,2.2937064940275667,-0.052094470430575954,1,Activos de mayor valor
13184,15,10,1668.95,1.750897321923428,0.034747431111572843,1,Activos de mayor valor
13185,268,1,71.4,-2.357770492109938,0.02869454750989941,0,Menor actividad y valor
13186,40,3,1575.89,0.44889773511589237,0.22343005294736235,1,Activos de mayor valor
13187,337,1,236.02,-1.882674618638829,0.6053677953765314,0,Menor actividad y valor
13188,11,1,114.60000000000001,-0.9479598482162435,-1.772300286589828,0,Menor actividad y valor
13189,19,2,260.68,-0.38882601832027247,-0.9958212055272815,0,Menor actividad y valor
13192,95,2,911.94,-0.39555414123401983,0.45367139752722097,0,Menor actividad y valor
13193,61,1,112.08,-1.5857381525356904,-0.7392604032933241,0,Menor actividad y valor
13194,136,1,60.7,-2.175852886331774,-0.4572857174716905,0,Menor actividad y valor
13196,11,4,1797.78,1.1825838813631437,-0.42215924343338496,1,Activos de mayor valor
13198,10,6,3401.2400000000002,1.8224740127422612,-0.11649495539888827,1,Activos de mayor valor
13199,4,38,9817.12,4.180406895977294,0.42669137970904564,1,Activos de mayor valor
13200,19,4,870.09,0.6436304815320436,-0.3624198732931486,1,Activos de mayor valor
13203,10,4,869.46,0.87165997337936,-0.7416737036502205,1,Activos de mayor valor
13207,15,2,250.26000000000002,-0.3228525229872085,-1.1520790338672113,0,Menor actividad y valor
13208,59,6,1217.65,0.6876228358272182,0.5850200924320658,1,Activos de mayor valor
13209,30,8,5891.61,1.9145306219500102,0.8364983088810816,1,Activos de mayor valor
13210,94,1,353.48,-1.20700347218545,-0.0526090592841613,0,Menor actividad y valor
13211,10,3,1095.42,0.7791735088383959,-0.7429780681807856,1,Activos de mayor valor
13212,20,3,786.83,0.37544377497970877,-0.45343589973267584,1,Activos de mayor valor
13213,57,5,1520.58,0.6663534104343362,0.5854183890307221,1,Activos de mayor valor
13216,268,1,333.74,-1.6317682457401748,0.5863451668301212,0,Menor actividad y valor
13217,122,3,533.98,-0.48332286334642255,0.5261820748844869,0,Menor actividad y valor
13218,127,1,62.63999999999999,-2.1352168321660794,-0.489086944744915,0,Menor actividad y valor
13220,78,4,819.2900000000001,0.09038311593577272,0.4865436576022171,0,Menor actividad y valor
13221,240,2,847.41,-0.7819222416181006,1.0104784739441517,0,Menor actividad y valor
13223,200,2,163.20000000000002,-1.4912882785391066,0.2972991574956919,0,Menor actividad y valor
13224,60,2,2155.95,0.18534175703057895,0.4793334318094971,0,Menor actividad y valor
13225,3,7,6463.84,2.634112305954061,-0.4729078355828203,1,Activos de mayor valor
13226,273,1,108.21000000000001,-2.169896257241503,0.19008169895011803,0,Menor actividad y valor
13227,202,1,257.7,-1.6464165305130667,0.31403879687546665,0,Menor actividad y valor
13228,81,1,358.0,-1.1447817761500683,-0.14128293484488902,0,Menor actividad y valor
13229,226,1,160.95,-1.9111881951672118,0.21429081677980805,0,Menor actividad y valor
13230,4,14,2755.63,2.7135196797530488,-0.40143048110866697,1,Activos de mayor valor
13232,13,7,1328.35,1.4055931194266245,-0.25479406107931474,1,Activos de mayor valor
13233,74,2,605.12,-0.4954644910184564,0.14800270248762912,0,Menor actividad y valor
13235,212,1,1031.07,-1.0087187461128957,0.8484546157587091,0,Menor actividad y valor
13236,25,2,744.85,0.007582896287273191,-0.4480307229842473,0,Menor actividad y valor
13238,17,4,700.73,0.5813671748558545,-0.507951412250429,1,Activos de mayor valor
13239,262,1,329.56,-1.6291095873395827,0.567468690729279,0,Menor actividad y valor
13240,96,4,663.65,-0.0877880613170009,0.5400397001238804,0,Menor actividad y valor
13242,112,3,270.40000000000003,-0.7727096052909217,0.22526449658996223,0,Menor actividad y valor
13243,203,1,585.12,-1.2605029627888347,0.615020442912825,0,Menor actividad y valor
13244,93,1,121.74000000000001,-1.7058427513359897,-0.4455865583455892,0,Menor actividad y valor
13245,51,1,430.5,-0.8835724317209356,-0.36303161462781686,0,Menor actividad y valor
13246,18,6,1961.52,1.3528128025694501,0.02959180539679087,1,Activos de mayor valor
13247,18,4,501.12,0.40200919648654077,-0.5955789289329892,1,Activos de mayor valor
13248,125,2,465.68,-0.8176031576442709,0.3816692514921135,0,Menor actividad y valor
13249,92,3,711.41,-0.24071236571309917,0.4532601314699339,0,Menor actividad y valor
13253,157,2,1030.4,-0.528035408528726,0.813961685821418,0,Menor actividad y valor
13255,9,2,399.51,0.07776317944347455,-1.2802207739568983,0,Menor actividad y valor
13258,12,3,672.83,0.4845270972152322,-0.8143812498681067,1,Activos de mayor valor
13259,62,1,283.18,-1.1549100678588085,-0.3934984663914409,0,Menor actividad y valor
13260,61,1,557.62,-0.8283344269493418,-0.15748994905487598,0,Menor actividad y valor
13261,269,2,944.1,-0.7741527142724208,1.121816835796118,0,Menor actividad y valor
13262,263,1,200.29,-1.8657601465184728,0.3892140628594988,0,Menor actividad y valor
13263,1,35,7436.93,4.326357443375287,-0.2859127339842017,1,Activos de mayor valor
13265,53,5,2092.66,0.8449841957769841,0.6563590570621332,1,Activos de mayor valor
13266,11,12,3834.2599999999998,2.406185594382538,0.21909224306771846,1,Activos de mayor valor
13267,3,19,4521.49,3.2938048584513755,-0.2525443846157346,1,Activos de mayor valor
13268,18,11,3174.75,2.0687476154602056,0.4110654126888271,1,Activos de mayor valor
13269,1,15,5343.28,3.435838769260848,-0.716503031236658,1,Activos de mayor valor
13270,366,1,590.0,-1.4808967313741237,0.9903139194565276,0,Menor actividad y valor
13271,37,1,211.49,-1.0996346682205755,-0.8198627397308184,0,Menor actividad y valor
13272,31,2,276.56,-0.5404317132099938,-0.676412033943413,0,Menor actividad y valor
13273,113,1,138.98,-1.7172127047988222,-0.27543017151920174,0,Menor actividad y valor
13276,64,2,590.9300000000001,-0.452032810841214,0.04865808705734712,0,Menor actividad y valor
13277,16,4,258.4,0.13133265823062695,-0.9066340876368372,0,Menor actividad y valor
13278,41,1,542.73,-0.6923697617633341,-0.41422522497639414,0,Menor actividad y valor
13279,78,1,137.75,-1.5812995130035328,-0.5111409321019111,0,Menor actividad y valor
13280,122,3,798.46,-0.29285119142570976,0.672485542044072,0,Menor actividad y valor
13282,18,3,1132.14,0.5860146381442823,-0.38450670165586465,1,Activos de mayor valor
13283,60,2,93.66,-1.296943882904796,-0.6592271019253194,0,Menor actividad y valor
13284,331,1,201.19,-1.9511933890765998,0.5361279949983598,0,Menor actividad y valor
13285,23,4,2709.12,1.1121519416938521,0.16653324065762204,1,Activos de mayor valor
13291,156,1,361.11,-1.3888097267869237,0.273616758447466,0,Menor actividad y valor
13292,39,2,578.9399999999999,-0.2762727884410988,-0.2665757222749657,0,Menor actividad y valor
13294,190,2,873.74,-0.6786072576532165,0.8742045417657244,0,Menor actividad y valor
13295,360,1,201.20000000000002,-1.9831595933738557,0.5892336940211975,0,Menor actividad y valor
13296,137,1,87.4,-2.008130398401567,-0.32171174382596157,0,Menor actividad y valor
13297,8,4,2089.85,1.3638202638172496,-0.549732317407271,1,Activos de mayor valor
13298,1,1,360.0,0.276429540971217,-2.4934261841898047,1,Activos de mayor valor
13299,268,1,142.5,-2.033387049042302,0.2778571759017706,0,Menor actividad y valor
13300,169,1,371.89,-1.4052891127314036,0.33473211910877326,0,Menor actividad y valor
13301,104,4,618.09,-0.15173091529852498,0.5644165996703334,0,Menor actividad y valor
13302,155,1,63.75,-2.2025870115478696,-0.357380468529383,0,Menor actividad y valor
13304,351,1,300.42,-1.784210029818473,0.7186364489189059,0,Menor actividad y valor
13305,4,10,2000.86,2.28117498006569,-0.6365915411005677,1,Activos de mayor valor
13307,120,1,15.0,-2.768377895089256,-1.0275792574190719,0,Menor actividad y valor
13308,23,3,1385.51,0.5924575233461966,-0.16291443363550107,1,Activos de mayor valor
13309,7,5,1456.79,1.4027850333441731,-0.6860075641653337,1,Activos de mayor valor
13310,28,3,1132.03,0.4244381345867198,-0.11647792473710868,1,Activos de mayor valor
13311,4,2,598.57,0.5338534564404861,-1.5726846833676067,1,Activos de mayor valor
13313,22,5,1555.32,1.0303859655541892,0.007281988222440514,1,Activos de mayor valor
13314,2,3,775.94,1.112177697990977,-1.6920876148895567,1,Activos de mayor valor
13316,37,4,5732.93,1.2919475949441028,0.7307849831888993,1,Activos de mayor valor
13317,66,6,2273.68,0.9413885411834384,0.8822720227294634,1,Activos de mayor valor
13318,1,3,640.76,1.1764303288339233,-2.0187436868930004,1,Activos de mayor valor
13319,5,26,10845.550000000001,3.825254775811001,0.43789065046781184,1,Activos de mayor valor
13320,78,4,1532.2,0.38694579520536826,0.7143368394951072,1,Activos de mayor valor
13321,72,2,567.36,-0.5156386838015542,0.10744155628956559,0,Menor actividad y valor
13322,17,1,199.48000000000002,-0.8417868368023115,-1.3147383318183703,0,Menor actividad y valor
13323,3,5,787.85,1.3763866205767405,-1.3490765481574618,1,Activos de mayor valor
13324,36,10,7121.95,2.118433292558229,1.0944830311681868,1,Activos de mayor valor
13325,82,1,675.3,-0.8491225797267968,0.09705705063087373,0,Menor actividad y valor
13327,39,8,3627.77,1.5872891752759308,0.8215154871325618,1,Activos de mayor valor
13328,316,1,1308.48,-1.0477256346703512,1.1872174100160238,0,Menor actividad y valor
13329,32,2,789.0,-0.056221693024275425,-0.27594859829690266,0,Menor actividad y valor
13330,93,3,1140.93,-0.021081155882673695,0.63187968040572,0,Menor actividad y valor
13332,14,1,350.9,-0.5053650135438968,-1.2254053140643622,0,Menor actividad y valor
13334,82,3,3502.32,0.5579843356126344,0.9612535576466608,1,Activos de mayor valor
13336,77,1,795.12,-0.7480473501530432,0.11707600054831968,0,Menor actividad y valor
13338,158,1,487.02,-1.2521532285132861,0.390322977237649,0,Menor actividad y valor
13339,201,1,860.12,-1.0743273422319781,0.7488875080708612,0,Menor actividad y valor
13340,45,7,10736.48,1.9417092054502745,1.2601670866739738,1,Activos de mayor valor
13341,261,1,775.85,-1.2225078250818215,0.8762513720577096,0,Menor actividad y valor
13343,178,1,353.43,-1.449069497347796,0.3489436025954266,0,Menor actividad y valor
13344,68,3,2511.69,0.4709633811724421,0.7230980584677001,1,Activos de mayor valor
13345,288,1,389.5,-1.5861083740228985,0.6879224366402581,0,Menor actividad y valor
13347,70,1,341.36,-1.1122622449827542,-0.24987964195673384,0,Menor actividad y valor
13348,64,1,233.76,-1.2574331106912677,-0.4432654493572542,0,Menor actividad y valor
13349,11,1,247.32,-0.585428909580261,-1.4938361310531367,0,Menor actividad y valor
13350,16,2,979.12,0.29940325842672855,-0.6178968394460586,1,Activos de mayor valor
13351,66,1,373.94,-1.047008971646742,-0.2535325099295341,0,Menor actividad y valor
13352,60,1,397.97999999999996,-0.9817038659079438,-0.29037400872243707,0,Menor actividad y valor
13354,71,1,743.53,-0.7492380920273138,0.04193353946201686,0,Menor actividad y valor
13355,122,1,674.7,-0.9997999538779828,0.3460885109003857,0,Menor actividad y valor
13356,80,1,768.24,-0.7787498601804843,0.1284916551889265,0,Menor actividad y valor
13357,257,1,609.4,-1.330965275101447,0.7786767162718545,0,Menor actividad y valor
13358,269,1,439.03,-1.5035094470683388,0.6883032319610635,0,Menor actividad y valor
13359,64,1,439.56,-0.9589602805654875,-0.21400505877007597,0,Menor actividad y valor
13362,9,4,3090.7400000000002,1.5090450375790316,-0.34047712782586764,1,Activos de mayor valor
13363,18,2,992.5,0.2633443863349778,-0.5424486535899211,0,Menor actividad y valor
13364,71,1,134.95999999999998,-1.5554886111756432,-0.5773566949394421,0,Menor actividad y valor
13365,34,2,2225.37,0.4125714576756492,0.1387026857545155,1,Activos de mayor valor
13366,50,1,56.160000000000004,-1.8346190470931019,-1.1115488033077963,0,Menor actividad y valor
13368,257,2,623.4,-0.9533234455473933,0.9420340849193336,0,Menor actividad y valor
13369,366,1,308.28000000000003,-1.7879451734002354,0.7544665034005135,0,Menor actividad y valor
13370,372,1,754.87,-1.3704238484331122,1.0902078878992452,0,Menor actividad y valor
13372,90,1,378.64,-1.158057355122691,-0.05490528525420975,0,Menor actividad y valor
13373,61,3,3312.25,0.6429664172842545,0.7560146480989642,1,Activos de mayor valor
13375,89,1,778.65,-0.8126237266588464,0.20017913317063468,0,Menor actividad y valor
13376,99,3,1019.76,-0.09790458717800522,0.6302510614794876,0,Menor actividad y valor
13379,26,3,572.56,0.12893581273264274,-0.4097243128622872,0,Menor actividad y valor
13381,32,6,3639.31,1.4348757311920957,0.604587689949271,1,Activos de mayor valor
13382,281,1,222.99,-1.8402901830314846,0.4699441467830877,0,Menor actividad y valor
13384,31,7,4151.93,1.6299255362580636,0.6841410194433613,1,Activos de mayor valor
13385,330,1,534.57,-1.4881548648410527,0.8889957284115579,0,Menor actividad y valor
13388,131,2,677.1,-0.6582050253820249,0.5472452501708988,0,Menor actividad y valor
13389,11,3,797.96,0.5958676039411401,-0.8030871733423668,1,Activos de mayor valor
13390,75,1,544.08,-0.9177431210705063,-0.0373577028585491,0,Menor actividad y valor
13391,204,1,59.8,-2.3367764888567293,-0.20714280571989155,0,Menor actividad y valor
13394,2,8,2520.02,2.404064301155288,-0.9532020260879065,1,Activos de mayor valor
13395,185,1,307.72,-1.52919284539834,0.32297400644283975,0,Menor actividad y valor
13396,29,2,1360.99,0.23844453379820024,-0.13799827669799652,0,Menor actividad y valor
13397,73,5,1544.13,0.5805727125880742,0.7454529046713453,1,Activos de mayor valor
13398,192,1,457.34,-1.3559300367125586,0.4903188258281914,0,Menor actividad y valor
13402,127,2,621.23,-0.6872205649135419,0.4964218952779105,0,Menor actividad y valor
13403,18,1,75.0,-1.322362362027687,-1.6337344873644102,0,Menor actividad y valor
13404,1,2,252.49,0.47567968592854176,-2.467093506436018,1,Activos de mayor valor
13405,74,3,572.451,-0.26142304102905656,0.23786785924424095,0,Menor actividad y valor
13408,2,62,28117.04,5.3083860205327476,0.6695159636693955,1,Activos de mayor valor
13410,24,5,1003.06,0.7907251197489713,-0.09948006685101292,1,Activos de mayor valor
13411,107,1,213.55,-1.4940742004608918,-0.15417433268937142,0,Menor actividad y valor
13414,134,3,1390.5,-0.06563402372806759,0.9333413199044078,0,Menor actividad y valor
13416,44,2,712.5,-0.22299324100027548,-0.11642465122844951,0,Menor actividad y valor
13417,5,2,640.83,0.4965020716256838,-1.4322982807584042,1,Activos de mayor valor
13418,12,18,6127.43,2.941232139042957,0.5856995205720191,1,Activos de mayor valor
13419,64,1,221.06,-1.283803793699417,-0.4635210722357294,0,Menor actividad y valor
13420,150,2,159.85,-1.3918010142345496,0.10847027687297953,0,Menor actividad y valor
13421,40,2,1833.71,0.2603877290830479,0.1685381184471253,0,Menor actividad y valor
13422,64,1,2626.3,-0.11227713478079078,0.43634193805499377,0,Menor actividad y valor
13425,108,3,1624.21,0.08970051959144598,0.8542698254076784,0,Menor actividad y valor
13426,1,10,3641.32,2.9149992185096973,-0.9994687880723044,1,Activos de mayor valor
13427,19,3,582.6,0.25180331465513106,-0.5936512509701349,0,Menor actividad y valor
13428,10,1,201.78,-0.6482530364538618,-1.6227823150957412,0,Menor actividad y valor
13429,11,4,1006.8,0.9078871119433592,-0.6331569701734588,1,Activos de mayor valor
13430,19,2,679.45,0.06429218811778491,-0.6477759347186336,0,Menor actividad y valor
13431,67,2,1269.1,-0.10726872353206578,0.3553178885091795,0,Menor actividad y valor
13434,74,2,534.24,-0.5544317763743066,0.10270925696077564,0,Menor actividad y valor
13435,5,7,3809.8900000000003,2.228626879509191,-0.408356572140625,1,Activos de mayor valor
13436,2,1,196.89,-0.16350382355129808,-2.455334775519904,0,Menor actividad y valor
13437,14,7,3408.06,1.82577231477951,0.13193111981943714,1,Activos de mayor valor
13439,255,1,283.71,-1.6896041023395876,0.4959853453042355,0,Menor actividad y valor
13441,92,1,296.64,-1.2817423994134582,-0.12974854067946986,0,Menor actividad y valor
13447,23,3,1129.14,0.49551723507308687,-0.23737537650846233,1,Activos de mayor valor
13448,17,6,3534.69,1.6525918452946402,0.20971611730696918,1,Activos de mayor valor
13449,24,1,291.88,-0.7875467915362088,-0.9684367278187392,0,Menor actividad y valor
13450,27,6,2043.7199999999998,1.224142457549975,0.29035414073236976,1,Activos de mayor valor
13451,26,5,2898.2599999999998,1.2641224891993132,0.33551190692652316,1,Activos de mayor valor
13452,259,2,590.0,-0.9823400347740411,0.9269071732375458,0,Menor actividad y valor
13453,166,2,356.97999999999996,-1.0509467977949218,0.4636816937684117,0,Menor actividad y valor
13455,25,2,1058.34,0.17395310238500608,-0.3202398670595656,0,Menor actividad y valor
13456,18,6,1766.72,1.3032451584061484,-0.008481668348125674,1,Activos de mayor valor
13458,7,14,9646.57,3.127952549784435,0.35275937864213464,1,Activos de mayor valor
13460,29,2,183.44,-0.7095716294118298,-0.8661803218405938,0,Menor actividad y valor
13461,39,3,1445.0,0.41724305869880324,0.17621696798994269,1,Activos de mayor valor
13462,253,1,151.5,-1.9826264322083542,0.2636381527142235,0,Menor actividad y valor
13464,58,1,674.68,-0.7191803356292882,-0.11964131269674924,0,Menor actividad y valor
13466,184,1,307.9,-1.5268571749162438,0.3197688424025524,0,Menor actividad y valor
13467,11,2,1071.91,0.4753453894777907,-0.805756908442365,1,Activos de mayor valor
13468,2,37,5704.97,4.0947049382076335,-0.10473519636113353,1,Activos de mayor valor
13470,99,2,165.0,-1.2194326847219024,-0.14130272795268967,0,Menor actividad y valor
13471,1,4,2501.84,2.0236542656611793,-1.437716847743163,1,Activos de mayor valor
13473,61,2,422.64,-0.5925893986434054,-0.10312513448176755,0,Menor actividad y valor
13474,236,1,226.84,-1.7658003395970392,0.36594318859327957,0,Menor actividad y valor
13475,191,4,1431.78,0.015593909410398751,1.2526306736367565,0,Menor actividad y valor
13476,179,2,1238.47,-0.49069932883896245,0.9635313675533148,0,Menor actividad y valor
13477,38,6,1454.58,0.936419885393507,0.3766361535433008,1,Activos de mayor valor
13479,201,2,300.95,-1.2043397518560346,0.5223098561398702,0,Menor actividad y valor
13481,46,5,1804.56,0.8278240586062111,0.5144277771878245,1,Activos de mayor valor
13482,232,1,184.64,-1.856421417501017,0.2805509917326562,0,Menor actividad y valor
13483,66,1,140.34,-1.5095940338489264,-0.6088493808004108,0,Menor actividad y valor
13484,241,1,313.8,-1.6204839410827159,0.4969232638163138,0,Menor actividad y valor
13485,233,1,454.24,-1.4327325294110367,0.6099628058324869,0,Menor actividad y valor
13486,78,3,1122.41,0.03757505403836398,0.5157167274300938,0,Menor actividad y valor
13487,58,3,575.4,-0.16733024445244316,0.08762265718580839,0,Menor actividad y valor
13488,17,13,8968.31,2.7211852021026615,0.8138964928200602,1,Activos de mayor valor
13489,105,4,449.52,-0.3060612611766425,0.45466383880415895,0,Menor actividad y valor
13491,52,10,1215.82,1.1432818310158044,0.678724582333161,1,Activos de mayor valor
13492,136,3,1269.84,-0.11425964464522367,0.9096292136937112,0,Menor actividad y valor
13493,275,2,618.63,-0.9827220192790409,0.9819945732291707,0,Menor actividad y valor
13494,312,1,316.26000000000005,-1.715067955436291,0.6628480813540218,0,Menor actividad y valor
13495,8,5,2044.8700000000001,1.5184841964507603,-0.48791127324133604,1,Activos de mayor valor
13496,11,2,653.33,0.24086690673751526,-0.9858625097283205,0,Menor actividad y valor
13497,283,2,348.05,-1.2657583494809364,0.7910887349381549,0,Menor actividad y valor
13499,18,5,1159.11,0.9640574038574282,-0.2208413693642734,1,Activos de mayor valor
13500,23,3,1166.77,0.5110479293536838,-0.22544607280815826,1,Activos de mayor valor
13501,288,1,1340.32,-1.0010091798870502,1.1373438118565533,0,Menor actividad y valor
13502,17,3,292.0,-0.03466284598954353,-0.9113955633644953,0,Menor actividad y valor
13503,71,1,216.85,-1.3319498564165806,-0.40565402369182,0,Menor actividad y valor
13504,64,1,295.93,-1.1460384626083522,-0.35770194758709895,0,Menor actividad y valor
13505,73,4,4393.63,0.9112201460418761,1.0564050650168122,1,Activos de mayor valor
13506,316,2,458.52,-1.177373180464187,0.9609200141612468,0,Menor actividad y valor
13507,3,4,2479.16,1.7545571828652138,-1.0016213296476382,1,Activos de mayor valor
13508,244,1,110.97,-2.1153280428765724,0.12825329327379342,0,Menor actividad y valor
13509,9,7,979.72,1.3899064531915717,-0.5788716795972101,1,Activos de mayor valor
13510,1,4,1791.56,1.8653899966812937,-1.5592814407650217,1,Activos de mayor valor
13512,261,1,251.21,-1.7559258149726316,0.46652692023052184,0,Menor actividad y valor
13513,127,1,205.1,-1.578027491117075,-0.06110344652809123,0,Menor actividad y valor
13514,74,1,152.20000000000002,-1.5144761659908461,-0.5079981714647753,0,Menor actividad y valor
13515,73,4,891.12,0.15516110500419159,0.47566747834193235,0,Menor actividad y valor
13516,21,3,1389.41,0.6270275365357494,-0.2170510660603873,1,Activos de mayor valor
13517,60,3,2128.42,0.43956324342545955,0.5846991050668381,1,Activos de mayor valor
13518,86,1,627.16,-0.9021148001831418,0.10000131432276325,0,Menor actividad y valor
13519,78,1,122.75,-1.6355478170069906,-0.5528096741421284,0,Menor actividad y valor
13520,59,6,3624.35,1.2045506147518559,0.9820782248311954,1,Activos de mayor valor
13521,1,3,1071.73,1.420026646216914,-1.8316345726554062,1,Activos de mayor valor
13522,30,1,125.80000000000001,-1.2666591486500822,-1.1369642368040913,0,Menor actividad y valor
13523,33,5,3964.88,1.324602686251255,0.5957442250492982,1,Activos de mayor valor
13524,41,5,680.1800000000001,0.40858382972375246,0.08809778164761388,1,Activos de mayor valor
13525,15,2,628.78,0.11284062393834787,-0.8174181503348101,0,Menor actividad y valor
13527,34,7,2242.36,1.3036902112657596,0.5166580363770505,1,Activos de mayor valor
13529,79,2,307.76,-0.8399425024181577,-0.05674480740115008,0,Menor actividad y valor
13531,205,2,483.8,-0.9873293483719927,0.7071819993828437,0,Menor actividad y valor
13532,34,1,210.31,-1.070860298973193,-0.8740245584902993,0,Menor actividad y valor
13533,183,3,269.09,-0.9612461509302888,0.532576426589488,0,Menor actividad y valor
13534,2,25,5870.08,3.7648451750439893,-0.23950832428479185,1,Activos de mayor valor
13536,1,7,3444.39,2.60048753625164,-1.141527466890953,1,Activos de mayor valor
13538,43,7,1280.85,0.9509023587024951,0.45789455686414227,1,Activos de mayor valor
13539,86,3,631.34,-0.2717682371995065,0.36755932094748056,0,Menor actividad y valor
13544,40,2,276.06,-0.6359595527696222,-0.5199564686571674,0,Menor actividad y valor
13546,12,3,621.09,0.4466453507478488,-0.8434786520925466,1,Activos de mayor valor
13548,96,2,678.16,-0.5397742829387174,0.3525042199182696,0,Menor actividad y valor
13549,26,7,918.2,0.9797689123696941,0.02719192141442255,1,Activos de mayor valor
13551,319,1,91.80000000000001,-2.3063844814277843,0.22916211378825496,0,Menor actividad y valor
13552,66,12,3740.07,1.7374406441018206,1.3002701468925966,1,Activos de mayor valor
13555,74,4,4098.88,0.8731740278321477,1.0396292840734502,1,Activos de mayor valor
13557,28,2,584.06,-0.14926077454070164,-0.4672378561203288,0,Menor actividad y valor
13558,6,4,594.52,0.8643341804909352,-1.1664504529534288,1,Activos de mayor valor
13560,7,1,171.42000000000002,-0.6035068249200713,-1.8837312361275658,0,Menor actividad y valor
13561,216,1,141.85999999999999,-1.9534479506374356,0.1400508963866561,0,Menor actividad y valor
13562,82,3,1799.33,0.24231948806623738,0.7187877820762959,0,Menor actividad y valor
13563,84,2,777.53,-0.4245814187553081,0.3185192061026924,0,Menor actividad y valor
13564,144,3,1724.67,0.009122755554689737,1.057030534973156,0,Menor actividad y valor
13565,19,2,240.22,-0.42742844629278554,-1.0254721714489108,0,Menor actividad y valor
13566,41,2,856.84,-0.10928197426154214,-0.09306246900502799,0,Menor actividad y valor
13568,173,1,187.05,-1.7387685067581171,0.10015010590022479,0,Menor actividad y valor
13569,17,2,338.62,-0.22496380466879207,-0.9676631490523621,0,Menor actividad y valor
13570,243,1,239.49,-1.751298630688924,0.40407558370024055,0,Menor actividad y valor
13571,13,12,2088.94,2.0594396152870673,0.09570477827033437,1,Activos de mayor valor
13572,206,1,1384.25,-0.8582530919544824,0.9375314032871248,0,Menor actividad y valor
13573,50,2,290.25,-0.6956488972372666,-0.36340645438619135,0,Menor actividad y valor
13575,23,5,732.0699999999999,0.6571658870124935,-0.23992483510295345,1,Activos de mayor valor
13576,10,18,6717.34,3.048622547242862,0.513269226808597,1,Activos de mayor valor
13577,25,4,1687.6000000000001,0.8572560492467834,0.0449726323760204,1,Activos de mayor valor
13579,15,2,467.04,-0.027896706864002332,-0.9255201019139426,0,Menor actividad y valor
13581,309,1,118.0,-2.1763450297153364,0.2996046541514868,0,Menor actividad y valor
13583,156,1,781.03,-1.023735991862747,0.5540340648621428,0,Menor actividad y valor
13584,307,1,142.4,-2.085435685910215,0.36343085445719303,0,Menor actividad y valor
13587,64,1,712.4,-0.7304193742111055,-0.03846017773727548,0,Menor actividad y valor
13588,16,9,2478.95,1.8289986866331391,0.180744193483595,1,Activos de mayor valor
13589,15,2,379.65,-0.12589206949168183,-1.0007914594518676,0,Menor actividad y valor
13590,11,6,1981.92,1.5332565455836087,-0.2579559414720876,1,Activos de mayor valor
13591,65,3,1117.13,0.10402188995419248,0.4000236353070907,0,Menor actividad y valor
13592,36,4,247.95999999999998,-0.18522678460205902,-0.42858040984055595,0,Menor actividad y valor
13593,108,5,2011.88,0.5580259205352708,1.087282281213,1,Activos de mayor valor
13594,53,1,396.97,-0.9363440244040198,-0.368567474493242,0,Menor actividad y valor
13596,6,2,664.11,0.4545104936935446,-1.3216004084937059,1,Activos de mayor valor
13598,47,1,160.04,-1.320330980002372,-0.7727386837624497,0,Menor actividad y valor
13599,1,21,5149.92,3.706521775168811,-0.6081096594233646,1,Activos de mayor valor
13600,312,1,219.52,-1.8875340899325537,0.5303748731862583,0,Menor actividad y valor
13601,45,2,693.32,-0.24430963548384696,-0.11241581403663743,0,Menor actividad y valor
13602,65,1,428.89,-0.9764174304248351,-0.21325576015373202,0,Menor actividad y valor
13603,26,1,164.34,-1.0880484679916105,-1.127885452260289,0,Menor actividad y valor
13606,29,3,276.75,-0.25514138841681827,-0.6070320169807188,0,Menor actividad y valor
13607,40,1,675.51,-0.5795641969282636,-0.34992491674133086,0,Menor actividad y valor
13610,12,7,1082.33,1.3368660587014982,-0.3763083459019788,1,Activos de mayor valor
13611,89,3,1154.4,0.0010903931623491429,0.6085838550018245,0,Menor actividad y valor
13614,24,4,1585.46,0.8426535064363827,-0.002615190426232425,1,Activos de mayor valor
13615,319,1,417.69,-1.5919818164780888,0.7779029621055621,0,Menor actividad y valor
13617,40,3,544.18,-0.05469995200793798,-0.16338908365597524,0,Menor actividad y valor
13618,174,1,177.34,-1.7660954651231482,0.08447431491795228,0,Menor actividad y valor
13621,117,1,213.85,-1.5272388844023654,-0.09752825373922994,0,Menor actividad y valor
13623,31,5,727.74,0.5444629270882823,-0.059710456354832325,1,Activos de mayor valor
13626,253,1,257.23,-1.732895306889905,0.45545948301137623,0,Menor actividad y valor
13627,59,5,1638.47,0.6887863513876975,0.6340880901756172,1,Activos de mayor valor
13629,23,11,7792.36,2.4051700556966153,0.8861187466330513,1,Activos de mayor valor
13630,5,7,2031.78,1.9306398150837305,-0.637243840543978,1,Activos de mayor valor
13631,100,11,3070.42,1.414711993259526,1.4580045811407196,1,Activos de mayor valor
13632,25,5,2118.93,1.13009417057367,0.1975646209047943,1,Activos de mayor valor
13634,33,5,1547.3600000000001,0.8786444632657391,0.2531986193265334,1,Activos de mayor valor
13635,68,1,1071.03,-0.5601240652869299,0.14772640116268007,0,Menor actividad y valor
13636,37,5,949.12,0.6045963227400537,0.1458445292980359,1,Activos de mayor valor
13637,52,3,804.3,0.032201123821572204,0.1414305249308724,0,Menor actividad y valor
13638,16,1,122.64,-1.0491309619757168,-1.5270077450242547,0,Menor actividad y valor
13639,74,1,1033.34,-0.6089459403586888,0.1875499396629205,0,Menor actividad y valor
13642,216,1,312.28,-1.581125723959652,0.42603585212438727,0,Menor actividad y valor
13643,31,3,519.44,0.017952515993045173,-0.3374154831657304,0,Menor actividad y valor
13644,16,4,2624.26,1.228796019524353,-0.06365994235437467,1,Activos de mayor valor
13645,120,1,252.1,-1.4591414884842853,-0.02193981672787122,0,Menor actividad y valor
13647,10,4,1648.1200000000001,1.174633656146252,-0.5089561567314532,1,Activos de mayor valor
13649,257,2,346.6,-1.2310547513623562,0.7287054961074377,0,Menor actividad y valor
13650,17,6,1836.34,1.3422145487342785,-0.028688229945792378,1,Activos de mayor valor
13651,35,2,94.2,-1.0927981598122067,-0.9914645698495058,0,Menor actividad y valor
13652,46,3,1095.08,0.22426896109854877,0.17754384658144284,0,Menor actividad y valor
13654,43,6,2707.33,1.184756585058246,0.6792511262208326,1,Activos de mayor valor
13655,114,2,932.97,-0.45373835143379093,0.5764444820770812,0,Menor actividad y valor
13656,165,2,379.65,-1.0195378405394333,0.4822375687066355,0,Menor actividad y valor
13657,11,2,382.14,-0.012906531797973722,-1.1807887869870566,0,Menor actividad y valor
13658,10,5,2639.17,1.5627476285398523,-0.2678194700816243,1,Activos de mayor valor
13659,206,2,1563.0,-0.43381717998195723,1.1368318412180174,0,Menor actividad y valor
13662,86,3,881.26,-0.11384618923875152,0.48886105009499603,0,Menor actividad y valor
13663,179,1,189.47,-1.7456558914610167,0.12629852995177482,0,Menor actividad y valor
13666,60,3,84.65,-1.0840577395374589,-0.5856115778643259,0,Menor actividad y valor
13667,149,1,299.05,-1.460527328750037,0.17623260830269116,0,Menor actividad y valor
13668,3,21,6309.83,3.538038073595351,-0.09473185379886183,1,Activos de mayor valor
13669,51,2,218.55,-0.8370638802342675,-0.4540214997459474,0,Menor actividad y valor
13670,75,1,349.7,-1.126846393812036,-0.1979723154568827,0,Menor actividad y valor
13672,301,2,186.39000000000001,-1.584168933078103,0.603502342357909,0,Menor actividad y valor
13673,19,2,387.44,-0.20152682747362763,-0.8519545573232601,0,Menor actividad y valor
13675,151,2,486.82000000000005,-0.8682590879816163,0.5167299750027898,0,Menor actividad y valor
13678,152,1,232.6,-1.5867914627132225,0.09761170879603245,0,Menor actividad y valor
13680,1,4,3719.12,2.2115762618347983,-1.2933718156525356,1,Activos de mayor valor
13681,18,4,827.83,0.6396445510020297,-0.41304849837224156,1,Activos de mayor valor
13682,187,1,59.5,-2.306053053924572,-0.2638228870256766,0,Menor actividad y valor
13684,286,1,65.13,-2.4254636333886115,0.036764096376626886,0,Menor actividad y valor
13685,3,7,3119.44,2.288735383724682,-0.7381957951493141,1,Activos de mayor valor
13686,183,1,72.0,-2.2087836899481053,-0.20905301954565078,0,Menor actividad y valor
13689,63,1,910.0,-0.6085654757428056,0.04075934109151408,0,Menor actividad y valor
13690,59,1,172.25,-1.3709187281650006,-0.6046628872534132,0,Menor actividad y valor
13692,25,3,1488.32,0.5957976408446299,-0.08612101257771117,1,Activos de mayor valor
13694,4,50,65039.62,5.319673458210552,1.2179387155632022,1,Activos de mayor valor
13695,31,15,2504.13,2.0174542908031095,0.7651878934444016,1,Activos de mayor valor
13697,39,1,151.29999999999998,-1.277142636860864,-0.9086416519992245,0,Menor actividad y valor
13699,155,1,308.58000000000004,-1.4606839452955356,0.21248375219435114,0,Menor actividad y valor
13700,26,10,2248.63,1.692302690539658,0.4749759191260398,1,Activos de mayor valor
13703,318,1,99.5,-2.267393413209325,0.25620908330293773,0,Menor actividad y valor
13704,5,9,2308.06,2.19297828354987,-0.505474211401251,1,Activos de mayor valor
13705,8,3,711.86,0.6516955979055296,-1.0269878631864975,1,Activos de mayor valor
13706,303,1,330.79,-1.6826900008962022,0.6606619830959376,0,Menor actividad y valor
13707,267,2,806.41,-0.8459726977649752,1.0597562369934603,0,Menor actividad y valor
13708,271,1,285.33,-1.710072288160672,0.536483917983516,0,Menor actividad y valor
13709,4,13,6307.650000000001,3.0436501755181697,-0.1262922185817051,1,Activos de mayor valor
13710,32,1,180.48,-1.1205407152796958,-0.9667505632906568,0,Menor actividad y valor
13711,219,2,252.06,-1.3206994283110292,0.5120913644934395,0,Menor actividad y valor
13712,247,1,228.84,-1.7789870377816177,0.39788704340250286,0,Menor actividad y valor
13715,281,5,1077.39,-0.10100501615288401,1.4625769287950803,0,Menor actividad y valor
13716,269,1,138.28,-2.0489574288340027,0.26933840594361114,0,Menor actividad y valor
13717,32,6,1445.01,0.9971064889163207,0.26833213386095656,1,Activos de mayor valor
13718,246,2,306.55,-1.2724542404366708,0.6565001512862979,0,Menor actividad y valor
13719,15,5,1041.68,0.9791017373598092,-0.36865148241994433,1,Activos de mayor valor
13720,117,4,799.9,-0.07423120348580158,0.7321896102357999,0,Menor actividad y valor
13721,36,1,524.14,-0.6604457425605457,-0.5072475854073992,0,Menor actividad y valor
13722,132,3,2375.41,0.19383969834239015,1.1188047047620717,0,Menor actividad y valor
13723,217,1,199.85000000000002,-1.793662677001929,0.2670474895554748,0,Menor actividad y valor
13725,50,8,1980.56,1.2076156810843537,0.7551807868636478,1,Activos de mayor valor
13726,39,2,1079.6599999999999,0.018842861675162668,-0.03989402000568013,0,Menor actividad y valor
13727,29,2,333.48,-0.4273291675626892,-0.6493866625431884,0,Menor actividad y valor
13728,37,6,1016.14,0.7764005275530796,0.2296350135646986,1,Activos de mayor valor
13730,136,2,752.6,-0.6223521724975436,0.6092622932582638,0,Menor actividad y valor
13731,219,2,610.59,-0.9022877265600544,0.8334781725632068,0,Menor actividad y valor
13732,28,1,491.86,-0.5974628968571334,-0.6847933917226742,0,Menor actividad y valor
13735,25,4,2883.54,1.1111500678509014,0.23999152856298286,1,Activos de mayor valor
13736,5,2,729.8,0.5580552172165308,-1.3850186064440613,1,Activos de mayor valor
13737,200,1,339.59999999999997,-1.5122227484462694,0.40793278683454415,0,Menor actividad y valor
13739,18,1,216.9,-0.8229329360272762,-1.2501170397483812,0,Menor actividad y valor
13740,241,1,350.75,-1.567860649604585,0.5373438151716083,0,Menor actividad y valor
13741,72,3,668.4300000000001,-0.1777206199859963,0.27709552681734245,0,Menor actividad y valor
13742,17,12,3107.87,2.1517365381759452,0.39965626793648945,1,Activos de mayor valor
13743,3,7,1341.6,1.8888487137746854,-1.045353314661921,1,Activos de mayor valor
13744,95,2,1080.52,-0.3152072598672704,0.5153867549915505,0,Menor actividad y valor
13745,162,1,300.04,-1.4907151797691467,0.2301218264634433,0,Menor actividad y valor
13747,374,1,79.6,-2.4338025592948718,0.278373670337778,0,Menor actividad y valor
13748,96,5,948.25,0.24618214284906018,0.7395879398571966,0,Menor actividad y valor
13750,54,5,1647.26,0.724559912653283,0.5808759167773215,1,Activos de mayor valor
13751,288,1,296.25,-1.7154838205288996,0.5885476781878488,0,Menor actividad y valor
13752,124,6,1175.38,0.39050955005696386,1.0374524407647607,1,Activos de mayor valor
13753,288,1,741.26,-1.2815717166003555,0.9218405222475263,0,Menor actividad y valor
13754,152,2,282.59999999999997,-1.127937295566723,0.3233492017218111,0,Menor actividad y valor
13755,4,9,2108.06,2.219667130692024,-0.6540506310061437,1,Activos de mayor valor
13756,2,14,5189.52,3.208711523073594,-0.49478360273872934,1,Activos de mayor valor
13758,12,7,3190.55,1.8491755220711499,0.01720240555951336,1,Activos de mayor valor
13759,33,2,659.4100000000001,-0.15258090835895874,-0.322278979873637,0,Menor actividad y valor
13760,54,2,286.79,-0.7301592443694466,-0.31989209699988186,0,Menor actividad y valor
13761,50,2,1070.65,-0.07793193648293581,0.11106899999665126,0,Menor actividad y valor
13762,219,1,306.72,-1.5948613720735427,0.4282180782814957,0,Menor actividad y valor
13763,63,1,1714.96,-0.30833725382531824,0.2713680681675805,0,Menor actividad y valor
13764,71,3,1519.42,0.21650545508610378,0.5671138011876481,0,Menor actividad y valor
13767,2,37,17220.36,4.6184749392527955,0.29757852501463605,1,Activos de mayor valor
13769,2,10,2796.51,2.6349869224197042,-0.8385401797936209,1,Activos de mayor valor
13771,64,4,2634.45,0.7183071402089488,0.7879692733435392,1,Activos de mayor valor
13772,34,3,1122.63,0.348652394183235,-0.00029903180909124144,1,Activos de mayor valor
13774,82,1,345.0,-1.1669006820042387,-0.14703194004032746,0,Menor actividad y valor
13777,1,33,25977.16,4.867646125394944,0.1477201067187423,1,Activos de mayor valor
13778,103,1,178.7,-1.563703448346054,-0.24265595677734206,0,Menor actividad y valor
13780,7,2,360.01,0.11377054010928651,-1.4594959326692682,0,Menor actividad y valor
13781,251,1,127.84,-2.0595461063349707,0.197224380988143,0,Menor actividad y valor
13782,13,6,908.86,1.1049874974341225,-0.4439622069332136,1,Activos de mayor valor
13784,10,11,2462.79,2.1571651453989826,-0.027858974240241897,1,Activos de mayor valor
13786,367,1,230.39999999999998,-1.9265367730259284,0.6505361233130106,0,Menor actividad y valor
13787,76,2,309.04,-0.8233804724143001,-0.0794678762472588,0,Menor actividad y valor
13790,4,1,348.8,-0.08853536284383412,-1.9240350108279576,0,Menor actividad y valor
13791,128,2,1516.0,-0.26763529069744707,0.8259269284243557,0,Menor actividad y valor
13792,66,2,195.55,-0.9863523995899417,-0.3336551388200974,0,Menor actividad y valor
13798,1,57,37153.85,5.520587448142245,0.48234339437079066,1,Activos de mayor valor
13799,117,2,688.86,-0.6072238539994806,0.4824321665770416,0,Menor actividad y valor
13800,310,1,558.32,-1.4437729768704457,0.8652882633238533,0,Menor actividad y valor
13801,67,1,324.8,-1.1192787763575538,-0.2953049594853312,0,Menor actividad y valor
13802,139,3,4599.42,0.48745237373493405,1.3918989412795484,1,Activos de mayor valor
13803,255,1,277.07,-1.7007933379739166,0.48739076558715627,0,Menor actividad y valor
13804,31,7,2588.39,1.4059383466273139,0.5120939002478555,1,Activos de mayor valor
13805,52,2,924.6,-0.1620957521072083,0.08209362955409462,0,Menor actividad y valor
13806,64,1,256.38,-1.213815599447904,-0.4097623406827389,0,Menor actividad y valor
13807,367,1,112.6,-2.2638815298274038,0.3914177617715231,0,Menor actividad y valor
13808,6,5,1747.66,1.5400560212677865,-0.7043988769526892,1,Activos de mayor valor
13809,305,1,155.05,-2.042862671829797,0.39009026446353695,0,Menor actividad y valor
13810,29,3,1499.01,0.5445246288482588,0.007200586302556635,1,Activos de mayor valor
13811,184,3,814.5,-0.43935281432110246,0.938474975964722,0,Menor actividad y valor
13812,42,3,539.0,-0.07742047583289212,-0.13667296728368655,0,Menor actividad y valor
13813,40,4,1366.8600000000001,0.5833833439071837,0.2569944399767914,1,Activos de mayor valor
13814,92,2,1579.12,-0.12331114243679357,0.6333421069462415,0,Menor actividad y valor
13815,22,4,4027.36,1.3163489759583664,0.2839115327465526,1,Activos de mayor valor
13816,24,2,571.6700000000001,-0.1027138203978315,-0.5691223339543768,0,Menor actividad y valor
13817,29,2,382.98,-0.3618893558340462,-0.5991215955669489,0,Menor actividad y valor
13819,302,3,1140.35,-0.4684270336804709,1.3736773191700768,0,Menor actividad y valor
13821,145,2,385.64,-0.9630931639915559,0.4065387198834848,0,Menor actividad y valor
13822,6,2,632.0,0.4310483196209889,-1.3396219724318095,1,Activos de mayor valor
13823,19,2,957.66,0.22682424150636088,-0.5229332077370913,0,Menor actividad y valor
13824,33,5,1698.94,0.92292900406797,0.28721408102539153,1,Activos de mayor valor
13826,176,1,189.5,-1.739160929784146,0.11570125397463935,0,Menor actividad y valor
13827,58,3,409.8,-0.3279245445223857,-0.035731659334707074,0,Menor actividad y valor
13828,22,1,209.49,-0.9123205343932216,-1.1416010436145252,0,Menor actividad y valor
13831,16,6,2198.45,1.4493440598770269,0.0005931494642854303,1,Activos de mayor valor
13832,19,1,52.199999999999996,-1.5110757054206294,-1.731120375991055,0,Menor actividad y valor
13833,159,1,383.85,-1.3671614528845695,0.30779799017132786,0,Menor actividad y valor
13835,25,4,834.57,0.5236682037648068,-0.21126000266182954,1,Activos de mayor valor
13837,212,2,266.59000000000003,-1.2818755838751743,0.5119260932861098,0,Menor actividad y valor
13838,6,4,674.82,0.92431096821489,-1.120381597125032,1,Activos de mayor valor
13841,253,1,85.0,-2.2542309391238735,0.05501562812982736,0,Menor actividad y valor
13842,59,9,3385.62,1.4949930954450403,1.0937044002958425,1,Activos de mayor valor
13844,11,1,361.62,-0.40589596834244707,-1.3559348278956571,0,Menor actividad y valor
13845,65,1,312.98,-1.1253971413494623,-0.32768877806612146,0,Menor actividad y valor
13846,25,3,865.0600000000001,0.33874808375051124,-0.2835637139278624,1,Activos de mayor valor
13848,92,3,1255.0,0.02814984302062094,0.6597762654927475,0,Menor actividad y valor
13849,52,2,1537.95,0.07897132033111738,0.26726000185547927,0,Menor actividad y valor
13850,129,1,1595.48,-0.6132611715921138,0.6943224376839183,0,Menor actividad y valor
13851,96,3,2651.46,0.3665209086954819,0.9587351554904276,1,Activos de mayor valor
13853,57,1,1090.14,-0.48540711519057195,0.044069995874662156,0,Menor actividad y valor
13854,9,25,8109.5199999999995,3.458140715722753,0.6414161718525887,1,Activos de mayor valor
13856,169,3,388.5,-0.7574234111636337,0.6157467762194225,0,Menor actividad y valor
13858,57,1,216.17,-1.2508354112511852,-0.5438642226181368,0,Menor actividad y valor
13859,326,1,201.16,-1.9454670047287657,0.5264541029877243,0,Menor actividad y valor
13860,1,5,1245.9,1.858254632270242,-1.6217402850617497,1,Activos de mayor valor
13862,18,8,2209.36,1.6366068556700033,0.16903791297844117,1,Activos de mayor valor
13863,248,1,305.78,-1.6436130401597333,0.5056011650239002,0,Menor actividad y valor
13865,58,4,501.56,-0.03041684078601916,0.12305186119406895,0,Menor actividad y valor
13866,74,1,145.67000000000002,-1.535129951624753,-0.523862580159992,0,Menor actividad y valor
13867,31,3,1005.09,0.33049319682970596,-0.09734941573574048,1,Activos de mayor valor
13868,7,2,3192.54,1.1474200044470428,-0.6655379706516288,1,Activos de mayor valor
13869,123,4,3083.65,0.5462014278136759,1.254744870354566,1,Activos de mayor valor
13870,2,8,2770.94,2.4490540082315504,-0.9186449181181122,1,Activos de mayor valor
13871,23,13,6403.25,2.45157338652921,0.8735873870098971,1,Activos de mayor valor
13873,120,3,389.6,-0.6262038844021842,0.4012306829741034,0,Menor actividad y valor
13874,358,1,540.45,-1.5139972714858432,0.9444506592805361,0,Menor actividad y valor
13875,54,5,1786.79,0.7630898095622523,0.6104711707604445,1,Activos de mayor valor
13876,64,1,122.7,-1.5612266807531079,-0.676612761073702,0,Menor actividad y valor
13877,86,1,117.24,-1.6939917828470683,-0.5082484425010729,0,Menor actividad y valor
13878,55,1,1271.57,-0.3990698473690397,0.07784459973159041,0,Menor actividad y valor
13880,21,13,3219.77,2.158904826825972,0.5680950683573012,1,Activos de mayor valor
13881,4,20,17159.52,3.885022296384703,0.3932616844994194,1,Activos de mayor valor
13882,3,5,1191.13,1.5721752721983648,-1.1986890481481822,1,Activos de mayor valor
13883,11,5,2674.48,1.535808847366878,-0.2078212011652525,1,Activos de mayor valor
13884,7,5,787.6,1.1114554901565672,-0.9097811144500564,1,Activos de mayor valor
13885,189,2,506.8,-0.9344663134300344,0.6728082725709725,0,Menor actividad y valor
13886,71,1,243.56,-1.2771119049633624,-0.36353236670928174,0,Menor actividad y valor
13887,204,1,349.55,-1.50609693539616,0.430911649015229,0,Menor actividad y valor
13888,120,2,595.67,-0.6856258454619744,0.4454927505255307,0,Menor actividad y valor
13889,93,1,416.90000000000003,-1.1249197491083858,0.0006270361569719207,0,Menor actividad y valor
13890,1,10,1883.8100000000002,2.602628466040351,-1.2394043315820906,1,Activos de mayor valor
13892,27,4,632.97,0.3644388334597624,-0.2648416566983663,1,Activos de mayor valor
13893,298,1,821.1,-1.246125202392029,0.9806130526302969,0,Menor actividad y valor
13894,24,3,564.62,0.15172501164076066,-0.4635897150251341,0,Menor actividad y valor
13895,28,4,2593.07,1.0191105319669582,0.2705611918028796,1,Activos de mayor valor
13897,50,1,311.16,-1.0296633984935064,-0.49325317376748146,0,Menor actividad y valor
13898,326,1,155.93,-2.065551459981079,0.4342158610579911,0,Menor actividad y valor
13899,16,2,388.52,-0.1381284308509879,-0.9539699283627477,0,Menor actividad y valor
13900,183,3,740.95,-0.4820993373025082,0.9006145679325877,0,Menor actividad y valor
13901,72,5,2867.2,0.8790715808749641,0.9621160543112521,1,Activos de mayor valor
13904,37,2,332.64,-0.5188214821532419,-0.5004471311064126,0,Menor actividad y valor
13908,80,4,2369.55,0.5840157169313775,0.8888935283015518,1,Activos de mayor valor
13911,57,9,2580.91,1.3793036239341459,0.973403292662741,1,Activos de mayor valor
13914,12,2,626.45,0.19040095795677428,-0.9503981428625814,0,Menor actividad y valor
13917,50,2,272.04,-0.7262621346270844,-0.38692083175236563,0,Menor actividad y valor
13918,50,2,1212.8400000000001,-0.018857193441174595,0.15644498499965462,0,Menor actividad y valor
13919,59,2,384.81,-0.6244157970138302,-0.15797909258271797,0,Menor actividad y valor
13922,352,1,172.25,-2.047866363889149,0.518749796885541,0,Menor actividad y valor
13923,54,1,351.13,-1.0013787142135164,-0.40150523538010946,0,Menor actividad y valor
13924,2,6,1838.8500000000001,2.0273103919095576,-1.16405166115241,1,Activos de mayor valor
13925,93,4,678.25,-0.06548437122898751,0.5280375179807636,0,Menor actividad y valor
13926,23,1,223.85000000000002,-0.897286151902659,-1.090585179983926,0,Menor actividad y valor
13927,75,1,348.99,-1.1278073053764026,-0.1987104026069712,0,Menor actividad y valor
13928,11,4,464.57,0.5417145286310492,-0.9144183145883565,1,Activos de mayor valor
13929,169,2,842.65,-0.6512732510318626,0.7871866815617419,0,Menor actividad y valor
13930,58,2,337.34,-0.6802491553684513,-0.21645146321768385,0,Menor actividad y valor
13931,96,2,1237.53,-0.25489037096444545,0.571326807232838,0,Menor actividad y valor
13932,295,1,307.4,-1.707165734807132,0.6171310154761522,0,Menor actividad y valor
13933,109,2,608.7900000000001,-0.6389044556366,0.3929938102935527,0,Menor actividad y valor
13934,264,1,922.1,-1.1450697658351976,0.9462906418265162,0,Menor actividad y valor
13936,180,1,376.58,-1.4233133816963284,0.3790311966040847,0,Menor actividad y valor
13937,169,1,158.85,-1.8069214382827217,0.026233741586340377,0,Menor actividad y valor
13938,35,1,71.66,-1.5877992778879078,-1.2449669487284616,0,Menor actividad y valor
13939,23,3,568.55,0.17060203286023667,-0.4869464551746141,0,Menor actividad y valor
13940,17,4,839.14,0.6667245779381354,-0.4423874158159652,1,Activos de mayor valor
13941,22,5,5112.96,1.594465123811663,0.44055763374668366,1,Activos de mayor valor
13946,79,3,561.5699999999999,-0.2951599881990346,0.2718041107107587,0,Menor actividad y valor
13947,65,1,90.6,-1.7095084345157137,-0.7763513352618425,0,Menor actividad y valor
13948,361,1,102.0,-2.304047648449046,0.3453212063306411,0,Menor actividad y valor
13949,3,6,2427.32,2.049001985682738,-0.8806072903796571,1,Activos de mayor valor
13950,11,4,745.06,0.7652995310234616,-0.7426801200052234,1,Activos de mayor valor
13951,176,3,674.45,-0.5118076499003897,0.8418269400829863,0,Menor actividad y valor
13952,218,2,3251.071,-0.10824050195513306,1.4391700672494114,0,Menor actividad y valor
13953,7,7,3515.68,2.0806366867440094,-0.2552467200606511,1,Activos de mayor valor
13954,2,2,439.92,0.5832564555781549,-2.008453308927135,1,Activos de mayor valor
13955,154,2,322.96,-1.0698094887078518,0.3800415479134235,0,Menor actividad y valor
13956,5,5,1019.27,1.343474564140911,-0.9983474229157239,1,Activos de mayor valor
13959,79,3,594.04,-0.2685536691609447,0.29224072831574827,0,Menor actividad y valor
13960,21,2,230.22,-0.48391236861299275,-0.9804719439538412,0,Menor actividad y valor
13962,22,2,169.55,-0.6451978914269234,-1.063134724761456,0,Menor actividad y valor
13963,308,4,664.54,-0.5297480277223368,1.2750243908494585,0,Menor actividad y valor
13967,146,1,80.7,-2.0696365902019265,-0.31036621352486315,0,Menor actividad y valor
13969,7,18,9024.17,3.310230691750681,0.41889443393498543,1,Activos de mayor valor
13971,19,8,2758.26,1.722184003175401,0.28233768391820385,1,Activos de mayor valor
13972,71,2,190.25,-1.0268073546856273,-0.29798421698097505,0,Menor actividad y valor
13973,287,1,264.7,-1.7673626842436443,0.5454845322152334,0,Menor actividad y valor
13974,49,1,413.59000000000003,-0.8875457185027703,-0.40245498444541017,0,Menor actividad y valor
13975,31,6,2461.2400000000002,1.2612368819703466,0.44267751869976363,1,Activos de mayor valor
13976,207,1,357.98,-1.5003791272124576,0.44877623927414023,0,Menor actividad y valor
13978,15,2,196.79000000000002,-0.4363096020362861,-1.2392267124237837,0,Menor actividad y valor
13979,73,1,869.87,-0.685385509326218,0.11638795639558776,0,Menor actividad y valor
13980,60,1,200.14,-1.306457800613917,-0.5398212159742292,0,Menor actividad y valor
13982,39,4,1871.81,0.7417919939787629,0.3557711673876462,1,Activos de mayor valor
13983,30,12,2603.43,1.8601294272138345,0.6797928861789294,1,Activos de mayor valor
13984,27,5,920.51,0.7067543563138972,-0.05888328234342967,1,Activos de mayor valor
13985,4,15,7060.13,3.2179069727505984,-0.03417404844090013,1,Activos de mayor valor
13986,17,1,320.46,-0.6179101986698062,-1.1427761284916116,0,Menor actividad y valor
13988,20,6,4147.96,1.669547409619889,0.3656919629544767,1,Activos de mayor valor
13989,66,2,1266.08,-0.10273816360597922,0.3450590502895295,0,Menor actividad y valor
13990,213,1,311.3,-1.5772933748849176,0.4160695293103772,0,Menor actividad y valor
13991,12,6,852.88,1.1031876822691522,-0.5140689098611395,1,Activos de mayor valor
13992,30,1,76.8,-1.498269729959989,-1.3148669702383404,0,Menor actividad y valor
13993,43,9,3466.36,1.624643296359572,0.9056671224734709,1,Activos de mayor valor
13994,4,6,2274.14,1.9328665330466515,-0.7628794344967245,1,Activos de mayor valor
13995,15,5,1393.69,1.1170230853249943,-0.2627125194279579,1,Activos de mayor valor
13999,10,12,3901.81,2.447702322285222,0.17029146157358185,1,Activos de mayor valor
14000,211,1,635.66,-1.235979023178681,0.6695293789198284,0,Menor actividad y valor
14001,46,3,2043.0800000000002,0.5197663241221593,0.40451874689556927,1,Activos de mayor valor
14002,134,2,529.73,-0.782977330801244,0.4722464854587351,0,Menor actividad y valor
14004,43,7,4582.64,1.5550662013049896,0.921959706363104,1,Activos de mayor valor
14005,10,5,2874.72,1.6032688529070616,-0.236694654728809,1,Activos de mayor valor
14006,116,3,962.19,-0.18540540048634951,0.7086385720025966,0,Menor actividad y valor
14009,198,2,695.61,-0.8022468575452005,0.8172861381264711,0,Menor actividad y valor
14012,278,1,328.8,-1.6527609295478705,0.6040692011389844,0,Menor actividad y valor
14013,110,3,473.02,-0.5014724490131661,0.41704454132079294,0,Menor actividad y valor
14014,77,1,505.18,-0.9627722943011241,-0.047856682079622646,0,Menor actividad y valor
14015,53,1,917.34,-0.5398593817722203,-0.06402309102866174,0,Menor actividad y valor
14016,162,4,4341.21,0.6038721899846775,1.5526443788707354,1,Activos de mayor valor
14019,47,3,1421.61,0.3398641014498352,0.28585773493560346,1,Activos de mayor valor
14020,17,2,642.8,0.07828749125013457,-0.7347323643000514,0,Menor actividad y valor
14021,155,3,631.9,-0.49441543828399603,0.7380672416148962,0,Menor actividad y valor
14022,225,1,440.0,-1.4345129078647658,0.5763362704915037,0,Menor actividad y valor
14023,7,2,584.07,0.3427050958340474,-1.283648685058011,1,Activos de mayor valor
14024,122,2,327.7,-0.9745886665845923,0.2387399538544569,0,Menor actividad y valor
14027,61,1,104.82,-1.6172012165951142,-0.7634275422328823,0,Menor actividad y valor
14029,63,2,467.66,-0.556830698658736,-0.04621622044060668,0,Menor actividad y valor
14030,18,8,2358.84,1.6676348471956857,0.19287086773454357,1,Activos de mayor valor
14031,7,19,17286.86,3.664839025545329,0.6752432594095654,1,Activos de mayor valor
14032,2,11,2975.59,2.7431408148237715,-0.7826582369939121,1,Activos de mayor valor
14034,22,3,648.89,0.24942764870270484,-0.46586738182460313,0,Menor actividad y valor
14035,29,5,1428.02,0.8884257438187231,0.14464132662287987,1,Activos de mayor valor
14036,285,1,626.65,-1.3571095146902414,0.854142262664948,0,Menor actividad y valor
14037,176,2,147.20000000000002,-1.4913268612280661,0.17935179846964394,0,Menor actividad y valor
14038,78,3,1560.38,0.19366770080009016,0.6356132726174704,0,Menor actividad y valor
14039,33,1,152.2,-1.212267007050194,-1.009522343351005,0,Menor actividad y valor
14040,41,12,3560.32,1.8924948864649942,0.9862739382254442,1,Activos de mayor valor
14041,266,1,141.41,-2.034151652376173,0.27034929905209326,0,Menor actividad y valor
14044,27,4,646.42,0.37439306517910764,-0.2571956975971286,1,Activos de mayor valor
14045,109,4,1659.75,0.29838287524811685,0.9532946166266365,0,Menor actividad y valor
14046,284,1,154.99,-2.015886515885639,0.3448799474797453,0,Menor actividad y valor
14047,9,5,1308.6100000000001,1.2667188614293539,-0.583588721449864,1,Activos de mayor valor
14048,305,1,409.93,-1.5837632518125295,0.7427297737520394,0,Menor actividad y valor
14049,17,4,5578.72,1.5644553080479884,0.24716981369924712,1,Activos de mayor valor
14050,32,2,746.36,-0.08253066404312968,-0.2961568194913996,0,Menor actividad y valor
14051,1,23,15610.390000000001,4.311010716792076,-0.1709870951635812,1,Activos de mayor valor
14052,20,1,225.36,-0.8431038375162954,-1.1727978521241347,0,Menor actividad y valor
14053,124,2,260.25,-1.0896482641967775,0.1653189919054986,0,Menor actividad y valor
14054,65,1,92.46,-1.6999768335392473,-0.7690300036623635,0,Menor actividad y valor
14055,106,1,725.6400000000001,-0.9121038590086775,0.2842171340422857,0,Menor actividad y valor
14056,1,23,8152.71,4.003033529344164,-0.40754789118811074,1,Activos de mayor valor
14057,24,17,6211.66,2.6489826996472283,0.9845367847477867,1,Activos de mayor valor
14059,267,1,183.6,-1.9125452775719487,0.3672232886996114,0,Menor actividad y valor
14060,5,19,6140.42,3.2840064015133086,0.11593856045107621,1,Activos de mayor valor
14062,10,12,10464.85,2.915419213394586,0.5295501488543162,1,Activos de mayor valor
14064,29,5,1334.34,0.8562765964723418,0.11994719927276197,1,Activos de mayor valor
14066,267,1,152.55,-1.999868171719589,0.3001495761239834,0,Menor actividad y valor
14067,64,2,374.7,-0.6675827103060608,-0.11690825317373123,0,Menor actividad y valor
14068,320,1,265.85,-1.8067542664694836,0.6158272488912888,0,Menor actividad y valor
14071,4,8,1437.57,1.942922018366867,-0.8336950480293487,1,Activos de mayor valor
14073,32,1,151.04,-1.204467107741572,-1.0312153841196554,0,Menor actividad y valor
14075,5,3,942.26,0.9393730013877576,-1.1820288149106608,1,Activos de mayor valor
14076,129,1,118.67,-1.8417121796623097,-0.24926481549655166,0,Menor actividad y valor
14077,41,5,499.41999999999996,0.26236428727353833,-0.02421511932728504,0,Menor actividad y valor
14078,102,6,1049.37,0.4107369766339337,0.8734679759650857,1,Activos de mayor valor
14079,125,1,375.1,-1.286810126772124,0.14797965309356337,0,Menor actividad y valor
14080,33,1,45.599999999999994,-1.7765802659314394,-1.4429778042387438,0,Menor actividad y valor
14081,302,2,921.62,-0.8296157131553654,1.1861489229097624,0,Menor actividad y valor
14082,365,1,182.25,-2.035073854897576,0.5621138439031156,0,Menor actividad y valor
14083,4,9,1002.9,1.8676777819666304,-0.924417670904896,1,Activos de mayor valor
14085,2,18,4421.29,3.3466620501672724,-0.46269709483024213,1,Activos de mayor valor
14087,3,1,191.47,-0.28656558576331853,-2.2830771111484904,0,Menor actividad y valor
14088,10,13,50491.81,3.7286615677682984,1.1310510924807429,1,Activos de mayor valor
14089,57,1,158.75,-1.396434531171832,-0.6557005699603392,0,Menor actividad y valor
14090,325,1,76.32000000000001,-2.400011161279034,0.1744732567946544,0,Menor actividad y valor
14092,8,14,4076.91,2.674654134527868,0.11380212937045478,1,Activos de mayor valor
14093,12,1,433.86,-0.3503329053746341,-1.239028365825466,0,Menor actividad y valor
14096,4,17,65164.79,4.378214148328863,0.8202622683739953,1,Activos de mayor valor
14098,37,1,147.35,-1.2700085194493422,-0.9507288412184763,0,Menor actividad y valor
14099,16,11,3104.17,2.1005787687529254,0.33236986772549665,1,Activos de mayor valor
14100,138,1,191.95000000000002,-1.6407820737179024,-0.032851580993929166,0,Menor actividad y valor
14101,74,6,5976.79,1.3564354657746247,1.3056755378309752,1,Activos de mayor valor
14102,5,5,1105.8799999999999,1.3821077864029614,-0.9686728035485056,1,Activos de mayor valor
14104,155,2,216.20999999999998,-1.2618123323853814,0.2385256751583378,0,Menor actividad y valor
14105,239,1,1266.23,-0.9569805171358231,0.9988719046250983,0,Menor actividad y valor
14107,52,7,2703.23,1.2337748851077555,0.8477546682979978,1,Activos de mayor valor
14108,31,2,597.91,-0.17577090117394373,-0.3963118983163563,0,Menor actividad y valor
14109,73,1,144.2,-1.534778583419825,-0.5360405673219039,0,Menor actividad y valor
14110,4,12,5683.15,2.9271667390174043,-0.19260467758346667,1,Activos de mayor valor
14111,14,4,692.85,0.6456590465998198,-0.627644519079959,1,Activos de mayor valor
14112,23,7,2915.15,1.5721818837873727,0.3730046505246466,1,Activos de mayor valor
14113,4,4,1840.42,1.528119875691289,-0.9686175883287624,1,Activos de mayor valor
14114,274,2,386.53,-1.203870532965883,0.8087617974563615,0,Menor actividad y valor
14116,20,5,1382.74,1.009407564869008,-0.09319470511763535,1,Activos de mayor valor
14117,144,1,90.0,-2.0132870797089595,-0.2797871740857483,0,Menor actividad y valor
14121,4,4,2780.15,1.7236272509989052,-0.8184461398695859,1,Activos de mayor valor
14124,84,1,419.58000000000004,-1.0834430641449513,-0.06084631575642767,0,Menor actividad y valor
14125,11,3,2720.63,1.1770283904782448,-0.35669093399521906,1,Activos de mayor valor
14126,8,3,706.1300000000001,0.6478689144794271,-1.0299271824422973,1,Activos de mayor valor
14127,123,3,709.71,-0.3517391564193605,0.6347619949429979,0,Menor actividad y valor
14128,61,2,637.5,-0.3980729423655091,0.04628517775037576,0,Menor actividad y valor
14129,2,5,1123.8600000000001,1.654528853203815,-1.4022151315565279,1,Activos de mayor valor
14130,319,1,480.91,-1.5253029393171884,0.82911976939546,0,Menor actividad y valor
14132,2,11,3586.0299999999997,2.8315927382493946,-0.7147173041317821,1,Activos de mayor valor
14133,130,3,605.64,-0.4477894112674828,0.6119109850475021,0,Menor actividad y valor
14135,2,15,4690.31,3.21916234083502,-0.5069254194532157,1,Activos de mayor valor
14138,2,2,965.8800000000001,0.955568587438009,-1.722476107134379,1,Activos de mayor valor
14139,46,1,415.82,-0.861365880692454,-0.43972628822979754,0,Menor actividad y valor
14140,4,2,935.05,0.7450689719972328,-1.4104476329325444,1,Activos de mayor valor
14141,3,4,915.13,1.2823361420657742,-1.3643397057609365,1,Activos de mayor valor
14142,373,1,311.81,-1.789781450896782,0.7705773967784496,0,Menor actividad y valor
14143,134,1,115.8,-1.8676389808576879,-0.2341808843441162,0,Menor actividad y valor
14145,47,4,3742.2,1.0004986669865705,0.7235631463914899,1,Activos de mayor valor
14146,9,5,4191.0,1.8183744655374154,-0.15985574979504785,1,Activos de mayor valor
14147,78,2,483.4,-0.6216030246338319,0.09929926940150305,0,Menor actividad y valor
14148,234,1,157.2,-1.9355272078829862,0.2277150720130058,0,Menor actividad y valor
14149,221,1,446.62,-1.4206265188683032,0.5704422508863753,0,Menor actividad y valor
14150,36,2,658.64,-0.1854348223041102,-0.26909990584237586,0,Menor actividad y valor
14152,75,2,621.29,-0.4880404618437667,0.16598818380587244,0,Menor actividad y valor
14154,239,2,1345.62,-0.5612792286876209,1.1761009499612758,0,Menor actividad y valor
14155,266,1,118.75,-2.1163247002103405,0.20723124226192852,0,Menor actividad y valor
14156,10,55,117210.08,5.382373149694025,1.9680490716130834,1,Activos de mayor valor
14157,20,2,424.89000000000004,-0.1765221669762532,-0.7875024907530649,0,Menor actividad y valor
14158,40,1,507.66,-0.7147779107919469,-0.4537841150478152,0,Menor actividad y valor
14159,20,11,4630.35,2.209416996915086,0.6119278590891951,1,Activos de mayor valor
14161,216,3,1097.6200000000001,-0.35899487612254233,1.1481501285163973,0,Menor actividad y valor
14162,174,2,289.36,-1.1680884251587336,0.4170967191440967,0,Menor actividad y valor
14163,87,4,2445.91,0.5673854282107814,0.9529857268654499,1,Activos de mayor valor
14164,71,2,1631.77,-0.010003629447566779,0.4830343403876771,0,Menor actividad y valor
14165,276,1,120.44,-2.1237254739499245,0.23564432174954347,0,Menor actividad y valor
14167,39,4,562.59,0.1723936524791821,-0.0815902035514575,0,Menor actividad y valor
14171,98,1,363.79,-1.2091641986741999,-0.01602195997706115,0,Menor actividad y valor
14173,11,4,450.84,0.5275210013262253,-0.9253205250587113,1,Activos de mayor valor
14174,33,1,134.46,-1.2706203186566112,-1.0543441886268543,0,Menor actividad y valor
14175,60,3,3222.3,0.6361272929803675,0.7356821970868554,1,Activos de mayor valor
14176,297,4,576.9000000000001,-0.5828512123712205,1.200620733819883,0,Menor actividad y valor
14177,86,4,549.46,-0.13560689334028,0.40241085922626635,0,Menor actividad y valor
14178,9,7,1600.26,1.6223655319418724,-0.40031720558571976,1,Activos de mayor valor
14179,41,2,701.57,-0.20395782927001244,-0.1657840748184282,0,Menor actividad y valor
14180,11,25,4748.52,3.134764869698263,0.5621039182498119,1,Activos de mayor valor
14184,67,1,452.89,-0.9620624573607073,-0.1745453088172744,0,Menor actividad y valor
14185,331,1,197.65,-1.9595685727842864,0.5296949207139955,0,Menor actividad y valor
14188,31,6,2054.36,1.1755946727584072,0.3768947594234708,1,Activos de mayor valor
14189,2,15,4654.08,3.2154863243319713,-0.5097490097241919,1,Activos de mayor valor
14191,2,13,4684.76,3.0977737220071346,-0.5584349377929494,1,Activos de mayor valor
14193,68,2,853.39,-0.30083064339690563,0.22017900586567576,0,Menor actividad y valor
14194,5,21,11349.52,3.6614787957616732,0.37609362686864195,1,Activos de mayor valor
14195,202,2,1012.0,-0.6323035054590785,0.966276961863141,0,Menor actividad y valor
14196,107,1,335.52,-1.2806497795445095,0.009759403187065023,0,Menor actividad y valor
14198,18,4,701.4,0.5611661040792452,-0.4733286899950792,1,Activos de mayor valor
14199,218,1,185.39999999999998,-1.8308130485838723,0.2427560502654721,0,Menor actividad y valor
14201,60,7,747.44,0.5709814242629179,0.4690245215839118,1,Activos de mayor valor
14204,2,1,150.61,-0.28981881069755583,-2.5523587601752635,0,Menor actividad y valor
14205,17,2,466.7,-0.07323415896605225,-0.851117874821521,0,Menor actividad y valor
14206,239,1,328.15999999999997,-1.5961634243504297,0.5079082115381418,0,Menor actividad y valor
14208,95,1,151.74,-1.6102020691203933,-0.3525999172461148,0,Menor actividad y valor
14209,11,6,2073.43,1.5546485057398982,-0.2415245324932886,1,Activos de mayor valor
14210,106,6,1905.8400000000001,0.678924212901087,1.1147976595632396,1,Activos de mayor valor
14211,53,9,2241.1,1.339689628538689,0.8767076513706344,1,Activos de mayor valor
14212,90,1,1070.48,-0.6660864850193856,0.32298316037036134,0,Menor actividad y valor
14214,31,5,1004.38,0.6970480081307047,0.05749188753295226,1,Activos de mayor valor
14215,12,6,1789.72,1.4543389364001753,-0.2443456199947553,1,Activos de mayor valor
14216,3,4,1839.3,1.6130717850324825,-1.110297880058759,1,Activos de mayor valor
14217,2,17,2004.98,2.9229069373664984,-0.7712914594431612,1,Activos de mayor valor
14218,43,1,169.48000000000002,-1.260082438465247,-0.8071513452108572,0,Menor actividad y valor
14219,4,1,89.94,-0.7272995309102656,-2.414677065591505,0,Menor actividad y valor
14220,247,2,632.4,-0.9314371297485676,0.9221861753815583,0,Menor actividad y valor
14221,42,9,3432.8,1.6288136199578709,0.8875509988266188,1,Activos de mayor valor
14222,177,1,683.17,-1.1350794413378924,0.5849276836146008,0,Menor actividad y valor
14223,92,3,991.13,-0.08367177969864303,0.5738847996266346,0,Menor actividad y valor
14224,110,4,1009.73,0.05946188151725808,0.7781690632881857,0,Menor actividad y valor
14226,29,5,2214.79,1.0963999045533672,0.3043886553896961,1,Activos de mayor valor
14227,26,10,3350.96,1.8813862030208373,0.6202131251617207,1,Activos de mayor valor
14229,52,3,1547.2,0.3421250177602314,0.3794866084502114,1,Activos de mayor valor
14231,184,3,925.71,-0.37873711975808527,0.9850345834351042,0,Menor actividad y valor
14232,43,5,2048.07,0.9130077742863663,0.518692048345323,1,Activos de mayor valor
14233,49,4,1462.72,0.5396917757410002,0.40746850474642987,1,Activos de mayor valor
14234,22,4,754.12,0.5224997464150242,-0.32585312943640343,1,Activos de mayor valor
14235,75,5,3144.86,0.907500260748053,1.021300566039492,1,Activos de mayor valor
14236,81,2,490.86,-0.6285940507458293,0.12849311915990932,0,Menor actividad y valor
14237,373,1,161.0,-2.10177563899954,0.5309310966605292,0,Menor actividad y valor
14238,326,1,146.85,-2.093811889821239,0.41250870204929263,0,Menor actividad y valor
14239,43,11,2380.85,1.6115659538345823,0.8386441769059916,1,Activos de mayor valor
14240,30,2,890.34,0.02488821673721618,-0.2716255855835257,0,Menor actividad y valor
14241,184,1,213.70000000000002,-1.6993435377331072,0.18728009663064632,0,Menor actividad y valor
14242,235,2,280.55,-1.2969327702489646,0.595450930307668,0,Menor actividad y valor
14243,9,10,2588.77,2.1384855564716934,-0.1034008558850012,1,Activos de mayor valor
14245,220,2,1693.45,-0.4208312796471915,1.207496059001166,0,Menor actividad y valor
14246,111,3,1474.06,0.03336502838768193,0.8361764400137082,0,Menor actividad y valor
14247,278,1,136.76999999999998,-2.0666516877098493,0.28615498148739577,0,Menor actividad y valor
14248,318,1,302.58,-1.7432203984122758,0.65883236414558,0,Menor actividad y valor
14250,7,3,1904.05,1.162773195793219,-0.7436497636637687,1,Activos de mayor valor
14251,2,5,2879.7000000000003,2.1004127620341824,-1.0597266073853007,1,Activos de mayor valor
14256,260,2,969.0600000000001,-0.7488424893961173,1.109819205745147,0,Menor actividad y valor
14257,64,5,3099.7200000000003,0.9603711960098655,0.9169233505774521,1,Activos de mayor valor
14258,9,9,12669.98,2.8050813430144967,0.4384047748468422,1,Activos de mayor valor
14259,142,1,120.0,-1.8728798305277006,-0.18481887068276914,0,Menor actividad y valor
14261,51,2,1163.45,-0.04597129281557306,0.15362575412905813,0,Menor actividad y valor
14262,8,8,2618.23,2.002517309135812,-0.24283354460194417,1,Activos de mayor valor
14264,155,2,333.97,-1.0564193589804431,0.39629036444960225,0,Menor actividad y valor
14265,109,2,530.18,-0.7043444133575949,0.3427286311789198,0,Menor actividad y valor
14267,163,3,1516.24,-0.09894816665390964,1.0882074803183048,0,Menor actividad y valor
14270,332,1,492.65000000000003,-1.5291020357672203,0.8631302189059109,0,Menor actividad y valor
14271,226,1,112.32,-2.0804958549707733,0.08424366910607119,0,Menor actividad y valor
14272,74,2,437.96,-0.6484601198792739,0.030485012130417745,0,Menor actividad y valor
14273,51,4,559.97,0.06996164810808583,0.08303487034210001,0,Menor actividad y valor
14276,99,3,1119.74,-0.05359866979434387,0.6642829427747496,0,Menor actividad y valor
14277,15,3,4188.0,1.271605025407303,-0.017262730468518603,1,Activos de mayor valor
14280,197,1,134.04,-1.945137510228116,0.06146059319361611,0,Menor actividad y valor
14282,3,15,3701.44,2.99702635493558,-0.4107677981246725,1,Activos de mayor valor
14284,31,2,595.25,-0.17788150706627934,-0.39793307881391965,0,Menor actividad y valor
14285,21,4,1910.01,0.9797386460193157,-0.01586517893089884,1,Activos de mayor valor
14286,24,3,4628.75,1.1485591587026245,0.3020899812129867,1,Activos de mayor valor
14287,8,3,176.63,-0.007182580070531368,-1.5330797187450211,0,Menor actividad y valor
14288,213,1,426.6,-1.4283023589225556,0.5305112307513998,0,Menor actividad y valor
14289,9,6,911.26,1.2347682857492033,-0.6563046117841491,1,Activos de mayor valor
14290,11,5,2314.65,1.4673225876006601,-0.2604262796819181,1,Activos de mayor valor
14291,2,11,3883.25,2.8693380588617985,-0.6857246921650875,1,Activos de mayor valor
14292,8,9,4871.93,2.392216816761462,0.02357243384786168,1,Activos de mayor valor
14293,3,4,1046.56,1.3459017460969567,-1.315514239128153,1,Activos de mayor valor
14295,40,1,166.20000000000002,-1.2423182250168714,-0.8589938570491947,0,Menor actividad y valor
14297,18,4,1305.33,0.8553672602659004,-0.24734942096034573,1,Activos de mayor valor
14298,8,44,51527.3,4.871463147522341,1.457864204357859,1,Activos de mayor valor
14299,8,9,3965.62,2.2946445869425305,-0.05137391054577488,1,Activos de mayor valor
14300,19,1,43.2,-1.5989526655506827,-1.7986196729774502,0,Menor actividad y valor
14301,117,1,640.14,-1.008840945911723,0.30065912501771963,0,Menor actividad y valor
14304,223,1,383.45,-1.4961862527258212,0.520721078405459,0,Menor actividad y valor
14305,71,3,1858.96,0.31208021804280445,0.6405258684652505,1,Activos de mayor valor
14306,51,2,2093.32,0.23234855885201072,0.3674064117339276,0,Menor actividad y valor
14307,89,6,2995.72,0.9593691351332723,1.1697607811504454,1,Activos de mayor valor
14309,8,9,2352.53,2.047136325023609,-0.24148783407165475,1,Activos de mayor valor
14311,243,1,310.26,-1.6289901724443878,0.4980221077354144,0,Menor actividad y valor
14312,47,6,1611.59,0.905673199955761,0.5455742443472028,1,Activos de mayor valor
14314,107,1,120.0,-1.7656478711660015,-0.3627731716282777,0,Menor actividad y valor
14315,45,6,2481.13,1.1264225541214083,0.6756665624466703,1,Activos de mayor valor
14317,65,1,508.58000000000004,-0.8957837238370824,-0.15132008896044505,0,Menor actividad y valor
14320,207,2,477.79,-0.9969349599395405,0.7087638206952664,0,Menor actividad y valor
14321,11,5,1530.75,1.2713637901576689,-0.4109444706403438,1,Activos de mayor valor
14323,115,2,605.0600000000001,-0.6621015527982304,0.4244274065205581,0,Menor actividad y valor
14326,242,1,183.85,-1.8744962132096883,0.30563767691735766,0,Menor actividad y valor
14327,163,1,311.65,-1.4751089472758494,0.247781052909113,0,Menor actividad y valor
14329,17,7,4975.24,1.935469490846554,0.38526720193162056,1,Activos de mayor valor
14331,124,2,462.65999999999997,-0.8176376800606223,0.3742534290421104,0,Menor actividad y valor
14332,23,3,840.21,0.3555202144393971,-0.34490868738970876,1,Activos de mayor valor
14333,68,1,415.2,-1.0087432237450988,-0.196863099495281,0,Menor actividad y valor
14334,17,8,2552.21,1.7256317577921856,0.18727956182629318,1,Activos de mayor valor
14335,16,2,454.86,-0.0635577334028344,-0.8966913237536869,0,Menor actividad y valor
14336,17,4,1614.91,0.9768626165892121,-0.20416684529661913,1,Activos de mayor valor
14338,161,2,588.22,-0.8030526342646225,0.6259028435167269,0,Menor actividad y valor
14339,243,1,309.52,-1.6301187879650765,0.4971552052606169,0,Menor actividad y valor
14340,219,1,134.7,-1.983073254291492,0.13002809659919556,0,Menor actividad y valor
14341,45,8,2166.98,1.2896638647780996,0.7225147313570243,1,Activos de mayor valor
14342,21,4,668.5600000000001,0.4824602289922775,-0.39783041198125335,1,Activos de mayor valor
14344,127,8,889.9300000000001,0.47707180406180566,1.047396140475807,1,Activos de mayor valor
14345,39,1,108.97999999999999,-1.4315057470931547,-1.0272097204200354,0,Menor actividad y valor
14346,121,2,1021.58,-0.4333328312896752,0.6469144743220487,0,Menor actividad y valor
14348,260,1,409.57,-1.5234164276903777,0.6415737498033461,0,Menor actividad y valor
14349,10,1,133.5,-0.8429211328882807,-1.7723091038644538,0,Menor actividad y valor
14350,274,1,282.93,-1.71825352823054,0.5403719772890972,0,Menor actividad y valor
14351,165,1,51.0,-2.3302987918116473,-0.397859257329037,0,Menor actividad y valor
14352,157,4,1078.96,-0.04399482262341134,1.0261184894238167,0,Menor actividad y valor
14353,215,1,90.6,-2.1624143068891324,-0.024741942016765224,0,Menor actividad y valor
14354,6,2,163.62,-0.20755891263393808,-1.8301434830056984,0,Menor actividad y valor
14355,366,1,174.4,-2.0568757443976704,0.547897859541967,0,Menor actividad y valor
14356,80,2,701.23,-0.45507581767840594,0.25039575007126097,0,Menor actividad y valor
14357,43,1,225.12,-1.1261582231332223,-0.7042826254578315,0,Menor actividad y valor
14359,19,3,912.18,0.4640909123014758,-0.4305907220345364,1,Activos de mayor valor
14360,32,4,2118.03,0.8738446372141003,0.2788056749466777,1,Activos de mayor valor
14362,22,1,151.5,-1.0651283296071554,-1.258974456801745,0,Menor actividad y valor
14364,109,8,3717.35,1.2124225345643354,1.4716871967704586,1,Activos de mayor valor
14367,8,16,9227.82,3.175174312485779,0.4591421269844134,1,Activos de mayor valor
14368,320,1,155.0,-2.0612955249285068,0.42031120037767544,0,Menor actividad y valor
14371,295,1,100.5,-2.234113225104586,0.21237662830591153,0,Menor actividad y valor
14373,358,1,76.55,-2.4354369678507384,0.23668230193248693,0,Menor actividad y valor
14375,185,1,235.56,-1.6554286272377154,0.22601086028854162,0,Menor actividad y valor
14377,191,2,617.05,-0.8453034430319663,0.7510058824279282,0,Menor actividad y valor
14379,44,2,348.1,-0.5619310250291435,-0.3767666351821149,0,Menor actividad y valor
14381,52,1,202.68,-1.2468056209939944,-0.6243707776831967,0,Menor actividad y valor
14382,26,1,615.49,-0.46404166725152296,-0.6485786999289606,0,Menor actividad y valor
14383,38,3,1247.69,0.3573528875373552,0.10673610018193086,1,Activos de mayor valor
14385,9,3,202.11,0.016128080558676615,-1.4174681522132764,0,Menor actividad y valor
14386,297,1,142.4,-2.072827346579,0.34250697854253176,0,Menor actividad y valor
14387,33,3,1727.6,0.5639668099876933,0.13820475378234962,1,Activos de mayor valor
14388,10,8,3212.84,2.0228671419783173,-0.04111005021361197,1,Activos de mayor valor
14389,65,2,1043.46,-0.18860770747368225,0.2651562531892507,0,Menor actividad y valor
14390,10,9,4642.57,2.2927010563403942,0.1332257967003023,1,Activos de mayor valor
14393,218,1,67.95,-2.302367057208759,-0.11944997081434523,0,Menor actividad y valor
14395,2,9,3479.91,2.652377806895406,-0.7953962508866733,1,Activos de mayor valor
14396,65,2,487.99,-0.5484506413206724,-0.011243215161123312,0,Menor actividad y valor
14397,3,19,2612.96,3.0338744812797693,-0.45219987677802714,1,Activos de mayor valor
14400,149,1,574.7,-1.1515497552926843,0.41356181224952915,0,Menor actividad y valor
14401,4,13,4051.48,2.833792401595996,-0.28748637215634826,1,Activos de mayor valor
14403,130,4,1475.81,0.17598261921504882,1.0213018622089307,0,Menor actividad y valor
14404,34,6,1449.32,0.9760407088507211,0.3067171770200472,1,Activos de mayor valor
14406,119,1,156.75,-1.6801393871893773,-0.19938674643254134,0,Menor actividad y valor
14407,107,6,2157.73,0.7342004608852236,1.1658825781124758,1,Activos de mayor valor
14408,11,7,2599.03,1.782557511544622,-0.10819548802276448,1,Activos de mayor valor
14409,71,6,2059.4500000000003,0.8669937215760359,0.891873346906537,1,Activos de mayor valor
14410,92,9,1100.27,0.7949292560876271,0.9623943574287156,1,Activos de mayor valor
14411,311,1,1063.0,-1.1400845974637739,1.1015318353746284,0,Menor actividad y valor
14412,43,2,770.03,-0.17764033496698262,-0.10242883447554718,0,Menor actividad y valor
14413,362,1,121.05,-2.2246363808085037,0.4088761247761878,0,Menor actividad y valor
14414,92,7,1496.98,0.7388909758998897,0.9890862596856262,1,Activos de mayor valor
14415,1,13,5855.57,3.358414335918505,-0.7342431564560361,1,Activos de mayor valor
14416,22,2,490.22,-0.14360599266246898,-0.677856257111175,0,Menor actividad y valor
14418,4,3,1937.25,1.3505057472145863,-1.0353094840307815,1,Activos de mayor valor
14419,11,6,1051.79,1.233055990523225,-0.48854341731914525,1,Activos de mayor valor
14420,99,1,387.52,-1.1831207945242734,0.013302484567747505,0,Menor actividad y valor
14421,57,2,813.11,-0.25738958473136125,0.09249923107240392,0,Menor actividad y valor
14422,1,6,4263.64,2.5808073723061584,-1.114913559113368,1,Activos de mayor valor
14423,218,1,265.2,-1.661846290954166,0.37254134708498854,0,Menor actividad y valor
14424,18,1,322.08,-0.6361802596622679,-1.106670175561112,0,Menor actividad y valor
14426,24,10,4481.67,2.0486096710780832,0.6772893351561631,1,Activos de mayor valor
14427,50,2,363.34000000000003,-0.5894828632007254,-0.2818591107969874,0,Menor actividad y valor
14428,7,5,1224.06,1.3203143187290252,-0.7493542622105286,1,Activos de mayor valor
14431,303,1,470.36,-1.5162045510362983,0.7885413590708931,0,Menor actividad y valor
14432,10,6,2248.5,1.6263034973118098,-0.26717576936215837,1,Activos de mayor valor
14434,22,6,1372.8,1.1107231015805756,0.02081557203001505,1,Activos de mayor valor
14436,99,1,89.06,-1.876273886099975,-0.5191163236848756,0,Menor actividad y valor
14437,366,1,63.0,-2.5349127390525203,0.18071218283059923,0,Menor actividad y valor
14438,306,1,131.9,-2.120248659933451,0.3336748268948715,0,Menor actividad y valor
14439,320,1,2661.24,-0.7160843670347923,1.4535832585110007,0,Menor actividad y valor
14440,8,5,2357.6800000000003,1.585946581672325,-0.4360926444592092,1,Activos de mayor valor
14441,1,4,1712.89,1.8441103100939704,-1.5756266111328794,1,Activos de mayor valor
14442,205,2,1589.82,-0.4239052569973196,1.139954480550893,0,Menor actividad y valor
14443,54,4,1420.2,0.48930558241189753,0.45715246754030786,1,Activos de mayor valor
14446,1,4,1010.35,1.5940029403861105,-1.7677369390437718,1,Activos de mayor valor
14447,19,5,1163.23,0.9461443948580415,-0.18703356991222217,1,Activos de mayor valor
14448,9,2,375.35,0.048261612457558,-1.3028812645860612,0,Menor actividad y valor
14449,19,4,885.8,0.6521056217847918,-0.3559100212446142,1,Activos de mayor valor
14450,181,3,483.25,-0.6802374103324701,0.7382873450336901,0,Menor actividad y valor
14451,60,2,643.9,-0.3871324224695011,0.03960947456369292,0,Menor actividad y valor
14452,11,2,259.05,-0.196654393725188,-1.3219276188775158,0,Menor actividad y valor
14453,190,1,119.93,-1.983715437483621,-0.0015503259479693484,0,Menor actividad y valor
14456,5,9,3017.28,2.3199792461179234,-0.407923321187795,1,Activos de mayor valor
14457,311,1,113.64,-2.1965002838251153,0.2900868781382885,0,Menor actividad y valor
14459,155,1,1837.92,-0.6158728392972951,0.8613928138731738,0,Menor actividad y valor
14460,110,3,434.34,-0.5418336038013253,0.3860426772402885,0,Menor actividad y valor
14461,148,3,2103.06,0.0927305768726967,1.1464863079003655,0,Menor actividad y valor
14462,66,11,1980.57,1.3636957027618997,1.038206876632509,1,Activos de mayor valor
14463,98,3,529.62,-0.4042847793113998,0.38559672750400414,0,Menor actividad y valor
14465,247,3,1038.44,-0.43625889397363043,1.2126334805388914,0,Menor actividad y valor
14466,29,7,2272.4,1.368882569516983,0.4237809485222406,1,Activos de mayor valor
14467,18,4,596.26,0.4842815370384336,-0.5323846042720153,1,Activos de mayor valor
14470,12,2,461.19,0.04545732922487253,-1.0617309999343465,0,Menor actividad y valor
14472,104,8,1852.67,0.9001274459354657,1.1886692992044907,1,Activos de mayor valor
14473,74,2,234.34000000000003,-0.944037797153728,-0.19655157847729543,0,Menor actividad y valor
14474,46,1,547.66,-0.7310563315264176,-0.33963403485298266,0,Menor actividad y valor
14475,72,3,925.85,-0.023446932017838266,0.3955949089755091,0,Menor actividad y valor
14476,257,1,193.0,-1.8744690815519585,0.36120523352432016,0,Menor actividad y valor
14477,20,4,1309.6,0.818682923414889,-0.1827143916879031,1,Activos de mayor valor
14479,254,2,316.25,-1.2699068236879114,0.6880164188847422,0,Menor actividad y valor
14480,11,1,279.05,-0.5284117407707469,-1.4500405923237467,0,Menor actividad y valor
14481,165,2,636.51,-0.7750207285050472,0.6700539558351678,0,Menor actividad y valor
14482,18,6,2022.81,1.367394276986685,0.040792002476114336,1,Activos de mayor valor
14483,282,1,137.1,-2.0709550884215466,0.2960504664560085,0,Menor actividad y valor
14484,50,1,321.92,-1.0135948651526396,-0.48091074974068554,0,Menor actividad y valor
14485,39,1,162.8,-1.2426269990626166,-0.8821297962981307,0,Menor actividad y valor
14487,27,6,1165.48,0.9580130751402594,0.08593712182895948,1,Activos de mayor valor
14488,68,1,1064.28,-0.5631190081480877,0.14542595133665753,0,Menor actividad y valor
14489,207,1,463.38,-1.378314176862345,0.5425357221137617,0,Menor actividad y valor
14491,175,2,340.93,-1.0927479708509689,0.48025065930706806,0,Menor actividad y valor
14493,7,5,2383.2400000000002,1.6360500449476227,-0.5068340439223251,1,Activos de mayor valor
14494,26,1,139.56,-1.165036876568661,-1.1870211284075005,0,Menor actividad y valor
14495,51,2,123.8,-1.1048989648602654,-0.6597486880077058,0,Menor actividad y valor
14496,312,2,538.8100000000001,-1.096166820662777,1.0115194784981514,0,Menor actividad y valor
14497,309,1,475.37,-1.518657429032389,0.8047820136899588,0,Menor actividad y valor
14498,43,5,1957.32,0.8915289689787992,0.5021939326137046,1,Activos de mayor valor
14499,26,3,808.44,0.2922729664505986,-0.2842631791202444,1,Activos de mayor valor
14500,88,3,356.85,-0.5503934591316091,0.17462121494686247,0,Menor actividad y valor
14501,184,2,251.21,-1.256105292632249,0.40102282143614426,0,Menor actividad y valor
14502,20,11,2429.83,1.9037689081324527,0.37715607035719756,1,Activos de mayor valor
14503,3,6,3543.26,2.2282943006797438,-0.7428908149866679,1,Activos de mayor valor
14504,47,4,673.26,0.1877579424118745,0.09928771105762864,0,Menor actividad y valor
14505,17,8,5859.43,2.1195941402789336,0.48988656845904194,1,Activos de mayor valor
14506,17,5,1960.65,1.233771199477932,-0.0638105172219932,1,Activos de mayor valor
14507,24,6,1367.88,1.0771703487365467,0.0723674977485414,1,Activos de mayor valor
14508,22,2,268.05,-0.42904520037028254,-0.8971053734224013,0,Menor actividad y valor
14511,11,5,1314.81,1.1993118572574826,-0.466288383425627,1,Activos de mayor valor
14512,188,2,275.28,-1.221056091688627,0.4477816955664321,0,Menor actividad y valor
14513,101,3,455.59000000000003,-0.4869353087625712,0.3497961441630633,0,Menor actividad y valor
14514,61,3,990.2,0.07077041077536665,0.31650435870555604,0,Menor actividad y valor
14515,18,6,2076.89,1.379898272233716,0.05039646407158531,1,Activos de mayor valor
14517,33,2,330.45,-0.47945610990459603,-0.5733555564184266,0,Menor actividad y valor
14518,64,1,174.37,-1.3957280179930132,-0.5494913475432119,0,Menor actividad y valor
14520,2,2,270.6,0.3535124129495462,-2.1849223326768534,1,Activos de mayor valor
14522,24,4,974.54,0.6120862459615387,-0.17971653720812397,1,Activos de mayor valor
14523,108,1,241.09,-1.4403327201675258,-0.10434779571083534,0,Menor actividad y valor
14524,32,9,1843.83,1.435342097759777,0.49347989945343346,1,Activos de mayor valor
14525,20,9,4215.9,1.9999901378589022,0.5080427855237727,1,Activos de mayor valor
14527,3,55,8507.13,4.525114346426197,0.3714677325959126,1,Activos de mayor valor
14528,37,1,364.21999999999997,-0.8428296546758314,-0.6226078750746187,0,Menor actividad y valor
14529,60,3,578.61,-0.1774314203645401,0.11077845523385259,0,Menor actividad y valor
14530,26,6,2862.11,1.3976581491828157,0.3899078847279835,1,Activos de mayor valor
14532,236,4,932.85,-0.2678065751532887,1.2302153772486633,0,Menor actividad y valor
14533,25,7,1949.72,1.350964034114926,0.2773125316377673,1,Activos de mayor valor
14534,3,18,4397.3,3.234188875982881,-0.28230621503028175,1,Activos de mayor valor
14535,60,3,2854.84,0.578735665829607,0.6915990326277243,1,Activos de mayor valor
14536,260,1,170.95,-1.9360942576016544,0.3245911941976708,0,Menor actividad y valor
14537,58,1,355.56,-1.0222686591621204,-0.35244691649749665,0,Menor actividad y valor
14538,65,2,388.25,-0.6566151158281421,-0.0943255837063248,0,Menor actividad y valor
14539,16,2,537.48,0.015419802753270782,-0.8360277759891168,0,Menor actividad y valor
14540,10,3,952.66,0.7130295708249036,-0.7937839826003894,1,Activos de mayor valor
14541,59,8,1453.35,0.9988654414043597,0.7455497467445306,1,Activos de mayor valor
14542,186,1,103.25,-2.046004692352952,-0.06902266365908641,0,Menor actividad y valor
14543,29,16,3599.73,2.2689864572176695,0.879596578168656,1,Activos de mayor valor
14544,24,2,2004.3,0.491516569731058,-0.11268718278061661,1,Activos de mayor valor
14546,5,5,2573.93,1.782426467788329,-0.6611834511170714,1,Activos de mayor valor
14547,4,8,3974.75,2.424931416388008,-0.46345812291141036,1,Activos de mayor valor
14548,151,2,652.8,-0.7294002575497006,0.6233890289873154,0,Menor actividad y valor
14549,311,1,289.24,-1.756051787683008,0.628400399729254,0,Menor actividad y valor
14550,11,2,757.37,0.3108331027339639,-0.9321206752863539,1,Activos de mayor valor
14551,18,2,186.23,-0.5279720498593993,-1.1502678482667874,0,Menor actividad y valor
14552,152,1,164.22,-1.7510068630627407,-0.028524016216843907,0,Menor actividad y valor
14553,19,5,859.27,0.8026796643292106,-0.29723046837920647,1,Activos de mayor valor
14554,10,4,2279.4900000000002,1.3283304787335286,-0.39089987146247857,1,Activos de mayor valor
14555,57,2,312.54,-0.7098139060408458,-0.25501305864201096,0,Menor actividad y valor
14557,85,1,788.38,-0.7893763689953249,0.17587602884121967,0,Menor actividad y valor
14560,7,22,2237.77,2.82209324391669,-0.01575700530418346,1,Activos de mayor valor
14561,76,3,1080.76,0.029457118587943993,0.4857016655773655,0,Menor actividad y valor
14562,4,18,5006.77,3.210480886423516,-0.09358376886245966,1,Activos de mayor valor
14565,96,4,3099.12,0.6423809225184498,1.1008908380925004,1,Activos de mayor valor
14566,111,1,1432.0,-0.6075534041378516,0.5604980596203268,0,Menor actividad y valor
14567,57,2,1530.3600000000001,0.04218949164813835,0.322609342044873,0,Menor actividad y valor
14569,1,1,227.39,0.059350095200196566,-2.6601673864122635,0,Menor actividad y valor
14570,281,2,218.06,-1.483953325261164,0.6169369232144878,0,Menor actividad y valor
14572,3,7,2804.54,2.2382956714098468,-0.776939114403971,1,Activos de mayor valor
14573,180,9,1639.82,0.7296187480568499,1.5297506361885262,1,Activos de mayor valor
14576,372,1,35.400000000000006,-2.8086802034414715,-0.014533249090520953,0,Menor actividad y valor
14577,13,4,859.71,0.7741955769370227,-0.5928948825220485,1,Activos de mayor valor
14578,3,1,168.63,-0.34646124925320765,-2.3290836545259346,0,Menor actividad y valor
14581,17,1,138.6,-1.0133995233268667,-1.4465559968492356,0,Menor actividad y valor
14582,41,1,114.11,-1.4285269007709682,-0.9796759333417332,0,Menor actividad y valor
14583,6,5,986.96,1.2693308128725436,-0.9123460022985139,1,Activos de mayor valor
14584,169,4,1033.06,-0.09255152258385921,1.056706923912044,0,Menor actividad y valor
14585,50,1,157.05,-1.3523757762654331,-0.7411322378153906,0,Menor actividad y valor
14586,277,1,237.36,-1.8053496381168286,0.4835342543324676,0,Menor actividad y valor
14587,19,9,1580.29,1.5535479976747824,0.1198797762847161,1,Activos de mayor valor
14589,372,1,39.75,-2.7551541740259977,0.0265807055873671,0,Menor actividad y valor
14591,15,4,1320.21,0.9263841454392895,-0.35216637764446806,1,Activos de mayor valor
14592,35,3,557.94,0.006798940418866966,-0.23675622999404677,0,Menor actividad y valor
14593,22,3,617.15,0.22568574514512815,-0.4841038091757941,0,Menor actividad y valor
14594,7,2,363.33,0.11811114575341936,-1.456161863886728,0,Menor actividad y valor
14595,20,6,1740.6,1.2579550316634291,0.049543155395549966,1,Activos de mayor valor
14597,11,2,866.24,0.3744383976138238,-0.883264721659271,1,Activos de mayor valor
14598,44,1,221.97,-1.141394547169505,-0.6951455515255894,0,Menor actividad y valor
14600,306,1,393.33000000000004,-1.6045612673128737,0.7297802044036211,0,Menor actividad y valor
14601,11,1,213.96,-0.6538335647328803,-1.5463785281338425,0,Menor actividad y valor
14603,275,1,660.0,-1.318966264479922,0.8504351620513024,0,Menor actividad y valor
14606,1,93,12076.15,5.424655063744568,0.25775856197187336,1,Activos de mayor valor
14607,16,14,16209.5,3.086077728721053,1.0196073318101664,1,Activos de mayor valor
14608,4,4,1785.15,1.513670199531239,-0.979716549661073,1,Activos de mayor valor
14609,72,4,601.56,-0.02570656148857823,0.3241237163118764,0,Menor actividad y valor
14616,243,3,406.08000000000004,-0.8745339431502313,0.8609101668878736,0,Menor actividad y valor
14618,9,3,553.44,0.4922802568736343,-1.0517302260010326,1,Activos de mayor valor
14619,246,1,394.44,-1.5201593805773324,0.5929486381800603,0,Menor actividad y valor
14620,206,2,412.78000000000003,-1.0642864115752373,0.6525612219212397,0,Menor actividad y valor
14621,1,5,1788.3600000000001,2.0295184551344545,-1.490190586193828,1,Activos de mayor valor
14622,185,1,320.58000000000004,-1.5098417846001515,0.33783777730935177,0,Menor actividad y valor
14623,32,5,886.7,0.6262670879851221,0.03166044166853918,1,Activos de mayor valor
14624,57,2,225.85,-0.8632686331828527,-0.3728833876337641,0,Menor actividad y valor
14625,196,2,899.63,-0.6765924871803285,0.9044354146314122,0,Menor actividad y valor
14626,24,4,2791.27,1.1107172407420898,0.2032876262666153,1,Activos de mayor valor
14628,91,2,671.96,-0.5239064398061273,0.3156147480052158,0,Menor actividad y valor
14629,4,2,955.26,0.755197384588944,-1.402667883513392,1,Activos de mayor valor
14631,51,3,1006.98,0.14592007471518983,0.2111149510246782,0,Menor actividad y valor
14632,263,1,114.56,-2.128895988080003,0.18709641687993048,0,Menor actividad y valor
14633,266,1,344.90000000000003,-1.6133672827957655,0.5935585803871158,0,Menor actividad y valor
14636,36,2,609.85,-0.22187026394188056,-0.2970863848045361,0,Menor actividad y valor
14638,51,1,443.6,-0.8693916286082268,-0.3521391777547874,0,Menor actividad y valor
14639,52,6,2984.49,1.1598636579838282,0.8327130769100174,1,Activos de mayor valor
14640,24,6,2107.38,1.2819709334216036,0.2296771664965886,1,Activos de mayor valor
14641,22,1,110.46,-1.21377553492059,-1.3731520733556175,0,Menor actividad y valor
14642,59,1,96.12,-1.6453544231215977,-0.815460079715786,0,Menor actividad y valor
14643,170,2,693.8100000000001,-0.7455469721570834,0.7202129950257413,0,Menor actividad y valor
14644,68,2,830.76,-0.3135587928811516,0.21040236883985158,0,Menor actividad y valor
14645,157,2,597.09,-0.7864175364907604,0.6154954215642688,0,Menor actividad y valor
14646,2,73,280206.02,6.544144884421396,1.5684234272679454,1,Activos de mayor valor
14647,201,1,236.04000000000002,-1.685990367014977,0.27906215106804644,0,Menor actividad y valor
14649,5,4,1402.59,1.3297383819269262,-0.951920252019211,1,Activos de mayor valor
14651,67,2,653.75,-0.421442979741585,0.11399705317325559,0,Menor actividad y valor
14652,77,1,114.18,-1.664710389060738,-0.5870233516380958,0,Menor actividad y valor
14653,1,7,1926.65,2.3251285891054354,-1.3530338199074392,1,Activos de mayor valor
14655,8,4,1932.23,1.3266566610745514,-0.5782781052326728,1,Activos de mayor valor
14656,169,2,291.05,-1.15426348783749,0.4008341344873569,0,Menor actividad y valor
14657,18,4,848.22,0.6511680547191158,-0.40419716352210244,1,Activos de mayor valor
14658,5,2,247.15,0.045916752828530735,-1.7783980116342466,0,Menor actividad y valor
14659,9,9,2529.93,2.041345937815861,-0.14822911483520723,1,Activos de mayor valor
14660,87,2,285.74,-0.9114328091835946,-0.023271155232098554,0,Menor actividad y valor
14661,27,1,107.95,-1.2997181832129148,-1.2567457376475508,0,Menor actividad y valor
14662,29,4,741.37,0.41292731739553545,-0.16361635745116362,1,Activos de mayor valor
14664,20,2,636.24,0.014546048117540546,-0.6407408119672993,0,Menor actividad y valor
14665,61,5,1835.7,0.7301235737182239,0.6962474208124192,1,Activos de mayor valor
14666,24,1,195.25,-0.977386165362654,-1.1142545195887144,0,Menor actividad y valor
14667,11,25,9175.04,3.447021046039484,0.8019514545266619,1,Activos de mayor valor
14669,242,3,1259.24,-0.33714674688207624,1.2698749752441583,0,Menor actividad y valor
14670,280,2,392.86,-1.2044330268335905,0.8283453276904473,0,Menor actividad y valor
14672,235,2,765.55,-0.8220233628068851,0.9602342715512044,0,Menor actividad y valor
14673,3,5,1736.4,1.7507650719140113,-1.0615121827683722,1,Activos de mayor valor
14675,16,1,596.36,-0.3022668109010843,-0.9533328583728479,0,Menor actividad y valor
14676,31,6,2548.2400000000002,1.2777013509195718,0.4553240653905265,1,Activos de mayor valor
14680,25,16,28754.11,3.308793687937672,1.545579405751143,1,Activos de mayor valor
14681,71,3,498.95,-0.31086638302008507,0.16203346761774862,0,Menor actividad y valor
14682,188,2,52.0,-2.0039452076466695,-0.15356437816280474,0,Menor actividad y valor
14684,26,5,1201.51,0.8468445007670363,0.014995917008441512,1,Activos de mayor valor
14687,107,1,628.38,-0.9837915932950576,0.2377795673670684,0,Menor actividad y valor
14688,8,21,5579.1,3.1699145267422644,0.3745267479606121,1,Activos de mayor valor
14689,209,1,112.8,-2.048755997619178,0.03643595877003078,0,Menor actividad y valor
14690,44,2,355.05,-0.5525841120406753,-0.3695871645361014,0,Menor actividad y valor
14691,31,5,2114.33,1.0497463679784245,0.32840352697453923,1,Activos de mayor valor
14692,137,4,591.55,-0.2769037390588955,0.7217092958647788,0,Menor actividad y valor
14693,265,1,172.9,-1.9379961114278688,0.34072771616595326,0,Menor actividad y valor
14696,4,7,2078.95,2.011163196358816,-0.7444693394731308,1,Activos de mayor valor
14697,218,2,188.60999999999999,-1.455827571175576,0.404073044483504,0,Menor actividad y valor
14698,2,5,1217.27,1.6923537765641907,-1.3731613758097303,1,Activos de mayor valor
14699,214,1,109.13000000000001,-2.0732879108503606,0.03941379143519703,0,Menor actividad y valor
14700,32,3,2195.1,0.6888697804966287,0.2064599197936207,1,Activos de mayor valor
14701,11,9,2526.09,1.9709795184575842,-0.03320193742414618,1,Activos de mayor valor
14702,1,17,3251.79,3.3069912884616275,-0.8522811333483774,1,Activos de mayor valor
14703,15,1,318.17,-0.5763071675673003,-1.220046807015983,0,Menor actividad y valor
14704,11,9,1493.96,1.7220625524308957,-0.22439790266830373,1,Activos de mayor valor
14705,199,1,179.0,-1.812711134337538,0.17249901365646142,0,Menor actividad y valor
14708,3,3,1126.37,1.1788021807215565,-1.3741297787932012,1,Activos de mayor valor
14709,15,13,4921.04,2.4816441296323974,0.5206758165380599,1,Activos de mayor valor
14710,14,4,599.48,0.5771310205601864,-0.6802816787483749,1,Activos de mayor valor
14711,10,11,2839.62,2.2246476868850626,0.02397513679892521,1,Activos de mayor valor
14712,29,3,917.07,0.3117363387856721,-0.17160675867882594,1,Activos de mayor valor
14713,9,11,2662.2,2.2304758293556293,-0.05993437389264978,1,Activos de mayor valor
14714,24,1,160.19,-1.0707026171963767,-1.1859319522937055,0,Menor actividad y valor
14715,25,4,867.38,0.5419304379661818,-0.19723257194313612,1,Activos de mayor valor
14716,43,2,307.51,-0.6119540368233863,-0.4360301504914873,0,Menor actividad y valor
14719,2,5,1581.84,1.8164824303491443,-1.2778167387859631,1,Activos de mayor valor
14720,6,3,663.81,0.7146088488443514,-1.2117206452073146,1,Activos de mayor valor
14722,147,1,180.42000000000002,-1.693963707028176,-0.015520417735010754,0,Menor actividad y valor
14723,10,6,1122.3600000000001,1.2970575703990102,-0.5200733271447426,1,Activos de mayor valor
14725,25,1,655.58,-0.41975197886704496,-0.6495578876529661,0,Menor actividad y valor
14727,274,1,268.58,-1.742844438255193,0.5214834183714553,0,Menor actividad y valor
14729,374,1,313.49,-1.788261752663693,0.7742209385995432,0,Menor actividad y valor
14730,1,8,1897.57,2.4244983746976314,-1.3135156325391906,1,Activos de mayor valor
14731,47,3,380.02,-0.2847868312823155,-0.1939437825374227,0,Menor actividad y valor
14732,8,8,2702.4900000000002,2.0175305674712973,-0.23130168936229287,1,Activos de mayor valor
14733,16,12,9585.91,2.707536152114292,0.7735662789320984,1,Activos de mayor valor
14735,4,32,6065.69,3.800979865905652,0.187455929692654,1,Activos de mayor valor
14737,4,3,1164.55,1.109353821463167,-1.2205410331313216,1,Activos de mayor valor
14738,43,7,1314.45,0.9631708803243484,0.4673181484780525,1,Activos de mayor valor
14739,4,7,3902.28,2.3096314940723284,-0.5152124302835938,1,Activos de mayor valor
14740,197,3,1448.21,-0.19266838189365806,1.1909337614449518,0,Menor actividad y valor
14741,12,6,1400.34,1.338081279295592,-0.3336444545496961,1,Activos de mayor valor
14744,16,7,1099.98,1.242052608754317,-0.20036024878152017,1,Activos de mayor valor
14745,113,5,1220.26,0.3039654227129757,0.9337278139135118,1,Activos de mayor valor
14747,249,1,328.2,-1.6116997281585679,0.5338309948957828,0,Menor actividad y valor
14748,29,5,1415.75,0.8843369209271162,0.14150065504893278,1,Activos de mayor valor
14752,44,1,389.64,-0.8755122032616254,-0.49091828571761886,0,Menor actividad y valor
14753,87,1,563.15,-0.9574402833882562,0.06810361307067145,0,Menor actividad y valor
14754,45,2,638.05,-0.28364095799072936,-0.14262665217704104,0,Menor actividad y valor
14755,10,11,5010.28,2.4938111146148243,0.23072264057373823,1,Activos de mayor valor
14756,15,1,738.96,-0.1776029138009098,-0.9137975148819819,0,Menor actividad y valor
14757,75,1,420.5,-1.039654582285438,-0.13099928893997098,0,Menor actividad y valor
14758,145,4,1484.06,0.13721191865499502,1.0920553236672514,0,Menor actividad y valor
14759,5,3,1625.97,1.1978507051014577,-0.9834891378267954,1,Activos de mayor valor
14760,297,1,89.2,-2.2926498945145632,0.17365876821015994,0,Menor actividad y valor
14761,59,2,255.9,-0.8172350033638398,-0.3060857277557889,0,Menor actividad y valor
14762,264,1,300.52,-1.675603000093143,0.5387820037565151,0,Menor actividad y valor
14764,47,1,278.3,-1.0592449542185725,-0.5721955246989476,0,Menor actividad y valor
14765,29,3,254.11,-0.29545722527327206,-0.6379990718401662,0,Menor actividad y valor
14766,8,6,2473.37,1.7481358238788314,-0.3596875228123966,1,Activos de mayor valor
14768,17,2,192.60000000000002,-0.4914549568152818,-1.1723580474234627,0,Menor actividad y valor
14769,3,8,10416.98,2.9669352217715756,-0.2540716319090296,1,Activos de mayor valor
14770,232,2,876.42,-0.7530846188671311,1.0013229565036113,0,Menor actividad y valor
14772,112,1,139.26,-1.7128995625656243,-0.280287760855147,0,Menor actividad y valor
14775,58,3,1011.9,0.0999848705168177,0.29295045081406945,0,Menor actividad y valor
14776,51,11,2538.3,1.5781027776707406,0.9678588221444696,1,Activos de mayor valor
14778,127,2,730.86,-0.6102748665697634,0.5555247652070221,0,Menor actividad y valor
14779,281,3,386.15,-0.9536253222315876,0.9343831661526938,0,Menor actividad y valor
14780,55,2,447.68,-0.5264798026074038,-0.14673407725518967,0,Menor actividad y valor
14782,320,1,200.10000000000002,-1.9408854800933073,0.512799531385574,0,Menor actividad y valor
14784,26,2,289.99,-0.45312592807989155,-0.7669078308002227,0,Menor actividad y valor
14785,10,2,77.4,-0.7319524409744564,-1.8137864187248276,0,Menor actividad y valor
14788,7,2,679.4399999999999,0.4143064493774054,-1.2286508674241472,1,Activos de mayor valor
14789,29,1,197.64,-1.0412930850510114,-0.9942657266875611,0,Menor actividad y valor
14790,17,4,745.06,0.6104126695143037,-0.4856412359861851,1,Activos de mayor valor
14792,64,1,6.2,-2.9096199477916667,-1.712329033593746,0,Menor actividad y valor
14793,21,1,228.99,-0.8533309656582367,-1.137512953768711,0,Menor actividad y valor
14794,3,7,1319.91,1.8811260760389883,-1.0512851609304845,1,Activos de mayor valor
14795,166,1,131.45000000000002,-1.889275889808618,-0.053534824087144633,0,Menor actividad y valor
14796,1,17,7975.49,3.7323018904644063,-0.5255952011818403,1,Activos de mayor valor
14798,53,3,173.74,-0.6994089676479729,-0.40319334015337654,0,Menor actividad y valor
14799,51,1,157.7,-1.357847422313647,-0.7273276530417457,0,Menor actividad y valor
14800,48,12,4331.79,1.9265822527611487,1.1554089166813104,1,Activos de mayor valor
14801,61,1,189.34,-1.3388375703274606,-0.5496132454953877,0,Menor actividad y valor
14803,162,3,845.55,-0.37327154750501335,0.8718246566222049,0,Menor actividad y valor
14804,9,1,353.27,-0.34729548244040065,-1.4799995532090229,0,Menor actividad y valor
14805,15,4,546.4,0.5085945560972281,-0.6730753340659078,1,Activos de mayor valor
14806,75,1,193.39000000000001,-1.4066288546223786,-0.4128764198532202,0,Menor actividad y valor
14808,40,8,2718.6,1.441105945774976,0.7321292449257797,1,Activos de mayor valor
14810,41,11,2085.33,1.56652466715581,0.7609069777378233,1,Activos de mayor valor
14813,370,2,152.88,-1.7561922096342677,0.662195387399715,0,Menor actividad y valor
14815,37,2,778.5,-0.11645775901799059,-0.1913869587442404,0,Menor actividad y valor
14816,197,1,271.85,-1.6116396465545142,0.317624112176497,0,Menor actividad y valor
14817,200,2,1110.34,-0.5845906759570311,0.9937439441947887,0,Menor actividad y valor
14818,74,3,657.8,-0.19563513993914963,0.28840029763545644,0,Menor actividad y valor
14819,64,2,272.07,-0.8188681010751727,-0.23311229011486356,0,Menor actividad y valor
14820,21,4,507.29,0.35179783151320715,-0.49819369217826515,1,Activos de mayor valor
14821,367,1,48.800000000000004,-2.654902693882291,0.09106993861690395,0,Menor actividad y valor
14823,180,3,321.43,-0.8709790265776793,0.5866671351525958,0,Menor actividad y valor
14824,10,4,1127.71,0.9948497881768482,-0.6470501995780658,1,Activos de mayor valor
14825,4,12,2221.01,2.481806927890201,-0.5346906363215765,1,Activos de mayor valor
14828,197,3,2139.76,-0.007680229364447876,1.3330252747159417,0,Menor actividad y valor
14829,29,4,697.55,0.3840792128380095,-0.18577491612389457,1,Activos de mayor valor
14830,53,1,188.88,-1.2872117088413817,-0.6380729512384117,0,Menor actividad y valor
14834,18,6,1720.3,1.2906275179922027,-0.018173422094591378,1,Activos de mayor valor
14836,10,3,102.44999999999999,-0.3401736752201725,-1.6027614277307378,0,Menor actividad y valor
14837,90,4,1649.5,0.3678821510038026,0.8308323468411484,1,Activos de mayor valor
14840,268,1,62.85,-2.417357486966202,-0.017074903963812126,0,Menor actividad y valor
14841,53,6,3295.76,1.1997482852191843,0.8806831188547409,1,Activos de mayor valor
14842,44,4,2824.69,0.8918252680588856,0.580239881184905,1,Activos de mayor valor
14844,64,4,3189.81,0.8089755728403687,0.8576127322481465,1,Activos de mayor valor
14847,149,1,309.4,-1.4444474520806965,0.1885837452696745,0,Menor actividad y valor
14849,22,25,7930.54,3.129390422748027,1.161300023032055,1,Activos de mayor valor
14850,312,1,325.75,-1.7010928246384,0.6735825389724295,0,Menor actividad y valor
14851,23,2,511.35,-0.13989419576403778,-0.635537400823639,0,Menor actividad y valor
14852,58,6,2836.69,1.0948215202334113,0.882207923541387,1,Activos de mayor valor
14853,24,2,475.8,-0.1895850546559653,-0.6358491214090912,0,Menor actividad y valor
14854,78,7,2740.03,1.087707060207734,1.105716728614304,1,Activos de mayor valor
14855,119,2,645.65,-0.6443141753128895,0.46952879729453256,0,Menor actividad y valor
14856,36,3,1290.53,0.39345716957532206,0.08564889172868394,1,Activos de mayor valor
14857,60,2,1173.12,-0.10302839550802002,0.25783302329049385,0,Menor actividad y valor
14859,13,4,1353.74,0.9892759537580262,-0.4276891879975547,1,Activos de mayor valor
14860,19,1,170.32,-0.9565627487129589,-1.3051926391619497,0,Menor actividad y valor
14861,52,1,125.79,-1.4715638718609572,-0.7970101578228774,0,Menor actividad y valor
14862,26,2,841.1999999999999,0.05077275154013407,-0.3798574984220052,0,Menor actividad y valor
14863,29,1,266.76,-0.8997116976082388,-0.8855154455603776,0,Menor actividad y valor
14865,7,2,52.2,-0.7941649337645335,-2.1568915424490536,0,Menor actividad y valor
14866,11,12,14389.9,3.0331893859896004,0.7007010183217339,1,Activos de mayor valor
14867,186,3,710.28,-0.508294142096552,0.8954919873584557,0,Menor actividad y valor
14868,3,8,2953.59,2.369417062451049,-0.7130321561585152,1,Activos de mayor valor
14869,9,2,721.45,0.3574720378838466,-1.0653732043817716,1,Activos de mayor valor
14870,262,1,327.25,-1.6324346851057738,0.5649146451489951,0,Menor actividad y valor
14871,3,4,501.28000000000003,0.9973683937735529,-1.583226688709072,1,Activos de mayor valor
14873,210,1,519.68,-1.3295256184496083,0.5932905148694557,0,Menor actividad y valor
14875,108,2,1465.3200000000002,-0.21939343541800344,0.70675598214184,0,Menor actividad y valor
14878,13,9,1476.09,1.65747533600214,-0.13105599846648716,1,Activos de mayor valor
14880,77,3,690.59,-0.18758607563808646,0.330954318727442,0,Menor actividad y valor
14881,20,1,255.4,-0.7840183305087627,-1.1274135991960543,0,Menor actividad y valor
14882,27,2,589.7,-0.13130697450040915,-0.48598937508210477,0,Menor actividad y valor
14883,19,6,761.59,0.8850166359109553,-0.28216078803534633,1,Activos de mayor valor
14885,132,1,765.3199999999999,-0.9699859573635737,0.4414753125272358,0,Menor actividad y valor
14886,253,1,364.8,-1.5677772359899234,0.5822885595862141,0,Menor actividad y valor
14887,79,1,1862.0,-0.3545947554314501,0.4427699765256011,0,Menor actividad y valor
14888,207,1,369.2,-1.4857861726765995,0.45998525436372767,0,Menor actividad y valor
14889,336,1,135.9,-2.141803815278856,0.40357998476883483,0,Menor actividad y valor
14890,254,1,125.65,-2.072195743773023,0.19848276881214094,0,Menor actividad y valor
14891,148,2,554.38,-0.7991433994239018,0.5513324725776569,0,Menor actividad y valor
14893,10,2,1237.8500000000001,0.576771373247359,-0.8085407060990079,1,Activos de mayor valor
14894,85,1,655.75,-0.8765946281358661,0.10888268760989968,0,Menor actividad y valor
14895,8,20,11138.710000000001,3.4556086257397234,0.6085098182035488,1,Activos de mayor valor
14896,205,2,468.77000000000004,-1.0022620344270692,0.6957120326322357,0,Menor actividad y valor
14897,8,4,1366.38,1.1624586398217671,-0.7044004811628083,1,Activos de mayor valor
14898,23,6,1269.31,1.0573297128400014,0.019271282855920203,1,Activos de mayor valor
14901,11,9,1421.29,1.6984348110314311,-0.24254664076165494,1,Activos de mayor valor
14902,26,1,332.66,-0.7551350542358458,-0.8721708559360819,0,Menor actividad y valor
14903,21,5,2795.33,1.325213918205471,0.19252023498308676,1,Activos de mayor valor
14904,2,2,1025.44,0.9839123697182922,-1.7007049241641994,1,Activos de mayor valor
14905,158,2,616.15,-0.7739529579696429,0.6309204331935635,0,Menor actividad y valor
14907,3,7,3501.1,2.3434476109485805,-0.6961707083835961,1,Activos de mayor valor
14908,74,1,277.8,-1.2305753252216218,-0.28993069237345537,0,Menor actividad y valor
14910,3,4,434.35,0.9295606269002786,-1.635310609083533,1,Activos de mayor valor
14911,1,201,143711.17,7.291094114852958,1.4523267624433525,1,Activos de mayor valor
14912,17,2,867.85,0.2204309728488757,-0.6255503322302787,0,Menor actividad y valor
14913,36,4,1227.43,0.5716203039089484,0.15276248510127438,1,Activos de mayor valor
14915,91,2,307.48,-0.8937614698569024,0.031524874182059445,0,Menor actividad y valor
14916,71,4,1268.98,0.33307823400257874,0.5869191389532247,1,Activos de mayor valor
14918,116,2,1610.15,-0.201787020141981,0.7859604174814306,0,Menor actividad y valor
14920,213,2,977.77,-0.6687605671872199,0.9872103231933456,0,Menor actividad y valor
14921,30,2,1316.07,0.21001699301098772,-0.1294260576078459,0,Menor actividad y valor
14923,51,1,749.1,-0.6213933214561715,-0.16164884488703765,0,Menor actividad y valor
14924,246,1,310.05,-1.6339782404386067,0.5055230716486387,0,Menor actividad y valor
14929,32,1,223.88,-1.0188715824829566,-0.8886573409165549,0,Menor actividad y valor
14930,109,3,2362.96,0.2638785579003361,0.9965270017459161,0,Menor actividad y valor
14931,5,5,1257.68,1.443045455615737,-0.9218658836713903,1,Activos de mayor valor
14932,366,1,363.53,-1.7100120946592436,0.8143277914926046,0,Menor actividad y valor
14934,82,2,1890.94,0.005540872028774532,0.626820176808654,0,Menor actividad y valor
14935,297,1,1784.71,-0.8770385840205407,1.2610059878104167,0,Menor actividad y valor
14936,34,8,8137.02,2.0212511356953806,1.0310158997307997,1,Activos de mayor valor
14937,57,3,1621.88,0.3300246545134029,0.4537940642033275,1,Activos de mayor valor
14944,30,12,5900.25,2.2479651333047297,0.9776939226805857,1,Activos de mayor valor
14946,14,1,100.9,-1.093012125569113,-1.676783774119014,0,Menor actividad y valor
14947,72,2,290.82,-0.8317192415687846,-0.13534353105051444,0,Menor actividad y valor
14948,23,6,1101.97,0.9903531425702524,-0.03217418591174419,1,Activos de mayor valor
14950,19,1,371.2,-0.5886663081127812,-1.0226071802708148,0,Menor actividad y valor
14951,79,1,311.69,-1.2008349210369376,-0.20723676216319173,0,Menor actividad y valor
14952,60,11,8099.49,2.0671619467317077,1.491544238497525,1,Activos de mayor valor
14953,25,1,285.67,-0.8126907673957542,-0.9513786600729597,0,Menor actividad y valor
14954,12,1,294.85,-0.5329641469237844,-1.3793095088472107,0,Menor actividad y valor
14957,253,1,58.49,-2.4289757854806773,-0.07920788465012878,0,Menor actividad y valor
14958,147,3,483.72999999999996,-0.6007725960818908,0.607553773737574,0,Menor actividad y valor
14959,64,4,695.42,0.08727422855893502,0.303265684955677,0,Menor actividad y valor
14960,8,2,221.27,-0.16119385937131048,-1.5614727871272913,0,Menor actividad y valor
14961,11,9,7044.68,2.4571531284027235,0.3402335664447664,1,Activos de mayor valor
14962,271,1,126.7,-2.0929345183540846,0.2424030651359374,0,Menor actividad y valor
14963,10,5,1472.34,1.2861672967116395,-0.4802639826255168,1,Activos de mayor valor
14964,247,1,206.21,-1.8281335662943077,0.36013703339966613,0,Menor actividad y valor
14965,96,2,596.09,-0.6008402485157998,0.30559875413806675,0,Menor actividad y valor
14966,15,1,183.02,-0.8374148799094309,-1.4206066237726873,0,Menor actividad y valor
14967,50,1,463.8,-0.840906182069138,-0.3482665994606583,0,Menor actividad y valor
14968,30,1,147.59,-1.1914676581486026,-1.0792087939588018,0,Menor actividad y valor
14970,68,4,1592.06,0.456805907225479,0.6424879955403489,1,Activos de mayor valor
14971,35,3,1097.98,0.32737343839708793,0.009480704161078159,1,Activos de mayor valor
14972,128,1,114.77,-1.8544723279639466,-0.26622709316964205,0,Menor actividad y valor
14973,107,3,1314.45,-0.007042829792152714,0.7714130615255714,0,Menor actividad y valor
14974,37,1,89.94,-1.502048110792018,-1.1289611021599262,0,Menor actividad y valor
14975,57,1,279.94,-1.1287590050726248,-0.4500959404258127,0,Menor actividad y valor
14976,57,7,790.86,0.6169852334689451,0.45759337363852987,1,Activos de mayor valor
14978,72,5,1921.3700000000001,0.6893496822469163,0.8163884965832082,1,Activos de mayor valor
14981,246,1,102.12,-2.1574745748601956,0.10341955673281594,0,Menor actividad y valor
14984,19,2,202.37,-0.508358455075365,-1.0876354357430142,0,Menor actividad y valor
14985,198,2,292.01,-1.2128745686976983,0.5018783021600663,0,Menor actividad y valor
14987,16,2,326.4,-0.22050468373840187,-1.017244069275735,0,Menor actividad y valor
14988,212,1,334.54,-1.5414707329016657,0.439241728522649,0,Menor actividad y valor
14995,39,2,231.98000000000002,-0.7086893992931503,-0.5987198610180066,0,Menor actividad y valor
14997,46,3,546.1999999999999,-0.10511793995471004,-0.07546199504892342,0,Menor actividad y valor
14998,170,2,414.87,-0.988914764326403,0.5332794136154505,0,Menor actividad y valor
15000,48,1,490.52,-0.7991210976741613,-0.3532700626336293,0,Menor actividad y valor
15002,116,4,1641.76,0.269651764496729,0.9884376335673836,0,Menor actividad y valor
15004,147,1,1220.77,-0.7896347274955017,0.6791050025405804,0,Menor actividad y valor
15005,16,28,6295.37,3.234201125276259,0.9273589342490467,1,Activos de mayor valor
15006,51,1,480.38,-0.8317048071637351,-0.3231914996672632,0,Menor actividad y valor
15007,159,1,156.91,-1.7895526895613272,-0.01664554413732647,0,Menor actividad y valor
15009,12,3,1259.43,0.7814577025901437,-0.5863054597305182,1,Activos de mayor valor
15010,36,1,308.94,-0.9104614080293254,-0.6992874742446208,0,Menor actividad y valor
15012,54,2,405.04,-0.5669451194522591,-0.19452546308519603,0,Menor actividad y valor
15014,43,2,257.67,-0.6955007866922167,-0.5002033635077127,0,Menor actividad y valor
15016,173,1,170.04,-1.783723402804053,0.06561973668050726,0,Menor actividad y valor
15017,34,1,125.58,-1.313842135516264,-1.0606616829748934,0,Menor actividad y valor
15018,39,3,496.21000000000004,-0.0889388303610095,-0.21258712364246668,0,Menor actividad y valor
15019,267,1,252.81,-1.7615766921645346,0.4831839838232244,0,Menor actividad y valor
15021,9,9,1871.77,1.8985453588531236,-0.2579158708969767,1,Activos de mayor valor
15022,12,4,852.39,0.7984549224809616,-0.6429852464083909,1,Activos de mayor valor
15023,3,11,6720.41,3.0194558357218404,-0.3036347030165955,1,Activos de mayor valor
15024,10,10,1636.43,1.8847048483326405,-0.20994654350509342,1,Activos de mayor valor
15025,33,1,361.96,-0.8032848988018824,-0.6953785137747502,0,Menor actividad y valor
15026,80,3,469.0,-0.3851504161100815,0.21420149516623432,0,Menor actividad y valor
15027,31,4,1066.1499999999999,0.5603443337075968,0.009466322877257393,1,Activos de mayor valor
15028,8,4,627.13,0.793610836344358,-0.9877166927483587,1,Activos de mayor valor
15030,72,2,518.28,-0.5584605182380037,0.07454961606028995,0,Menor actividad y valor
15031,4,4,653.19,1.037418913235595,-1.345530603381719,1,Activos de mayor valor
15032,256,3,4959.1,0.2911075514279179,1.804389620365705,0,Menor actividad y valor
15033,5,10,2557.18,2.327800613115448,-0.431701431712218,1,Activos de mayor valor
15034,16,8,4274.16,1.9918791888720002,0.3387812333105883,1,Activos de mayor valor
15035,90,1,252.73000000000002,-1.349119629998165,-0.20166240129042254,0,Menor actividad y valor
15036,72,3,429.56,-0.3869843950064323,0.11635763058499557,0,Menor actividad y valor
15038,59,6,685.74,0.4156741373337105,0.376133190364556,1,Activos de mayor valor
15039,10,47,19766.59,4.398923242861874,1.2608242513470833,1,Activos de mayor valor
15041,170,1,179.93,-1.7504261949907625,0.07506741901087445,0,Menor actividad y valor
15042,199,1,135.93,-1.9423865178223865,0.07289387018410542,0,Menor actividad y valor
15043,31,1,537.0,-0.5935149433169757,-0.5904722345829815,0,Menor actividad y valor
15044,19,17,7634.7300000000005,2.8320173904909813,0.9181949979921881,1,Activos de mayor valor
15045,152,2,735.66,-0.6753265775412925,0.6710046648831488,0,Menor actividad y valor
15046,9,15,5090.42,2.7980543526528683,0.2861244192148333,1,Activos de mayor valor
15047,270,1,343.62,-1.6208055182546262,0.6016350753458882,0,Menor actividad y valor
15048,65,4,381.0,-0.20330365216619842,0.09422783005001158,0,Menor actividad y valor
15049,274,1,121.17000000000002,-2.118115649485039,0.233233313909948,0,Menor actividad y valor
15050,25,3,1737.69,0.6692027611358254,-0.02973770109851765,1,Activos de mayor valor
15051,23,3,1383.3600000000001,0.5917217005496279,-0.16347962753161954,1,Activos de mayor valor
15052,319,1,207.73000000000002,-1.9220363983998296,0.5243842671724974,0,Menor actividad y valor
15053,5,3,693.95,0.7945175014389017,-1.2932939792573812,1,Activos de mayor valor
15054,12,2,302.1,-0.15459519684723336,-1.2153936306197424,0,Menor actividad y valor
15057,275,2,1489.5,-0.5665346387181535,1.3016728547820828,0,Menor actividad y valor
15058,25,11,2102.54,1.7536158605079921,0.4598803645726651,1,Activos de mayor valor
15059,41,9,1337.72,1.191169693926828,0.5295706241057406,1,Activos de mayor valor
15060,8,4,294.25,0.4356590950460579,-1.2626635144970118,1,Activos de mayor valor
15061,4,48,54534.14,5.199943757348767,1.1384752027290546,1,Activos de mayor valor
15062,71,4,987.86,0.21444277452822563,0.49579388723393825,0,Menor actividad y valor
15063,213,1,370.79999999999995,-1.4946045282782632,0.4795837770301983,0,Menor actividad y valor
15065,38,4,3158.13,0.9993787551835328,0.5301479582014452,1,Activos de mayor valor
15066,53,1,893.59,-0.5522832909147638,-0.07356603757236833,0,Menor actividad y valor
15067,78,3,1744.76,0.24659291835467528,0.6762657368413071,0,Menor actividad y valor
15068,46,2,553.36,-0.359266224190562,-0.1807714408916496,0,Menor actividad y valor
15069,179,1,1109.53,-0.9096731947980173,0.7684263895640377,0,Menor actividad y valor
15070,373,1,106.2,-2.297554510317731,0.3805511090140468,0,Menor actividad y valor
15071,94,2,982.07,-0.35646179342047896,0.4739880859722114,0,Menor actividad y valor
15073,10,3,1043.41,0.7561304049427354,-0.7606777395285387,1,Activos de mayor valor
15074,105,1,735.67,-0.9020168640495329,0.2832574669774858,0,Menor actividad y valor
15075,78,1,773.03,-0.7662560360474296,0.11490327364285977,0,Menor actividad y valor
15076,173,1,880.85,-1.0060492414447522,0.6629601442065658,0,Menor actividad y valor
15078,7,32,9743.11,3.846117957878919,0.6579862515762036,1,Activos de mayor valor
15079,213,4,895.61,-0.24810632786749612,1.150679349854765,0,Menor actividad y valor
15081,22,5,504.8,0.497464512710013,-0.4020610678267653,1,Activos de mayor valor
15083,257,1,88.2,-2.242877101868728,0.07822682440856046,0,Menor actividad y valor
15087,282,1,306.94,-1.6907169917423632,0.5881156923730834,0,Menor actividad y valor
15088,21,2,1160.07,0.28124555978350035,-0.39274539795254576,0,Menor actividad y valor
15089,10,6,2420.84,1.661305476952946,-0.24029034893554965,1,Activos de mayor valor
15090,308,1,381.32,-1.6217074935965101,0.7226317854801779,0,Menor actividad y valor
15091,68,1,480.71,-0.9394328904214359,-0.14362504066488688,0,Menor actividad y valor
15092,215,2,457.81,-1.0315630005685925,0.7171642304353307,0,Menor actividad y valor
15093,18,6,4597.02,1.7565071452343524,0.3396740418207477,1,Activos de mayor valor
15095,104,4,1370.6,0.22545156377905773,0.8541347708001009,0,Menor actividad y valor
15096,43,1,219.39000000000001,-1.1383284343690725,-0.7136307037411501,0,Menor actividad y valor
15097,4,1,248.08,-0.24955263172492786,-2.0477142145243334,0,Menor actividad y valor
15098,182,3,39916.5,1.4096289772194575,2.348618990618039,1,Activos de mayor valor
15099,84,1,410.48,-1.0938148826007392,-0.06881302800045745,0,Menor actividad y valor
15100,334,3,876.0,-0.6316998160974074,1.3413697543745755,0,Menor actividad y valor
15101,9,2,317.53,-0.030828909520101245,-1.3636315980509224,0,Menor actividad y valor
15103,31,2,703.36,-0.09887318113600307,-0.337245881072065,0,Menor actividad y valor
15104,197,2,993.54,-0.6314971598593552,0.9437691185697363,0,Menor actividad y valor
15105,18,7,2298.93,1.5488646049065657,0.1384509679456632,1,Activos de mayor valor
15106,18,5,1422.52,1.0610780945502136,-0.1463186684742382,1,Activos de mayor valor
15107,311,6,319.5,-0.5754515451774901,1.1437266207380932,0,Menor actividad y valor
15108,142,4,1300.25,0.08249286238666143,1.0307712980491546,0,Menor actividad y valor
15109,246,1,484.95,-1.4224327577736717,0.66801357358906,0,Menor actividad y valor
15110,24,4,996.1,0.6224512400108762,-0.17175506686865122,1,Activos de mayor valor
15111,29,3,1567.48,0.565688667850268,0.02345692643897093,1,Activos de mayor valor
15113,10,3,3509.43,1.330942742545849,-0.3191578163325668,1,Activos de mayor valor
15114,30,10,2760.56,1.7367456415226818,0.6372271772211869,1,Activos de mayor valor
15115,18,1,340.11,-0.6104312252826476,-1.086892048095953,0,Menor actividad y valor
15116,18,4,1352.75,0.8722741493810153,-0.23436304628593416,1,Activos de mayor valor
15117,15,5,1551.78,1.1679353983340093,-0.22360619018108926,1,Activos de mayor valor
15118,134,1,244.8,-1.514841106407532,0.0368071934004612,0,Menor actividad y valor
15119,246,1,266.4,-1.7056743571685167,0.45045246532860533,0,Menor actividad y valor
15120,134,1,358.82,-1.334147198947273,0.17560024797633328,0,Menor actividad y valor
15121,50,2,457.72,-0.4802599426765454,-0.1979637377746139,0,Menor actividad y valor
15122,114,3,1633.78,0.07201530694930348,0.8903771186347976,0,Menor actividad y valor
15123,7,2,2199.31,0.9707819996553454,-0.801215640052957,1,Activos de mayor valor
15124,23,2,184.19,-0.6224070593855833,-1.006161043620862,0,Menor actividad y valor
15125,25,15,11528.48,2.8206021547897846,1.1895399718311095,1,Activos de mayor valor
15127,66,1,406.53,-1.0074887997727002,-0.2231766144327913,0,Menor actividad y valor
15128,60,4,1471.0,0.4664057993987849,0.5355816335075192,1,Activos de mayor valor
15129,50,11,3447.4,1.730622434062724,1.06700349399922,1,Activos de mayor valor
15130,170,1,330.11,-1.463874820502365,0.2951708033317124,0,Menor actividad y valor
15132,18,5,977.9300000000001,0.8835410632232612,-0.28268689042781703,1,Activos de mayor valor
15133,128,3,982.42,-0.2128474931044484,0.7781053069731858,0,Menor actividad y valor
15134,15,8,1387.99,1.481970816232832,-0.10910563296861382,1,Activos de mayor valor
15135,239,1,139.05,-2.0013504270587434,0.19667944588262282,0,Menor actividad y valor
15136,3,4,1286.7,1.4437646231603525,-1.2403446452656754,1,Activos de mayor valor
15139,240,2,178.96,-1.5171617940062267,0.4457325743438096,0,Menor actividad y valor
15140,52,7,2354.25,1.1682606527966148,0.7974324380221578,1,Activos de mayor valor
15142,46,1,498.74,-0.7753381832025467,-0.3736474310033614,0,Menor actividad y valor
15143,226,1,259.45,-1.6859058609648998,0.3873327513165229,0,Menor actividad y valor
15144,8,17,6580.44,3.0665933414324202,0.3578770223478043,1,Activos de mayor valor
15145,4,4,1194.73,1.3233889241955616,-1.1258737710285927,1,Activos de mayor valor
15146,165,2,1327.16,-0.42700010654687637,0.9373725713650958,0,Menor actividad y valor
15147,240,1,623.5,-1.294099059205349,0.7437832440543822,0,Menor actividad y valor
15148,11,1,301.29,-0.4921774069739509,-1.4222085865917042,0,Menor actividad y valor
15149,134,1,520.8000000000001,-1.1579128397296559,0.31096787260094466,0,Menor actividad y valor
15150,17,10,5291.33,2.2528262397660725,0.5295112089551123,1,Activos de mayor valor
15152,10,13,4745.69,2.607576027352392,0.2699324815536551,1,Activos de mayor valor
15153,31,1,329.25,-0.8249069417309971,-0.7682070719977998,0,Menor actividad y valor
15154,75,1,254.28,-1.2774240577038507,-0.313632739298458,0,Menor actividad y valor
15156,1,3,961.49,1.3686099743891333,-1.8711283056727874,1,Activos de mayor valor
15157,4,3,1936.07,1.3502169950203105,-1.0355312778899233,1,Activos de mayor valor
15158,45,1,401.40000000000003,-0.8698445534839507,-0.46618269586176037,0,Menor actividad y valor
15159,2,30,18641.010000000002,4.47183116122898,0.24856734400462305,1,Activos de mayor valor
15160,357,1,158.16,-2.093459693528649,0.4967721929339459,0,Menor actividad y valor
15163,18,2,304.47,-0.2958663763274826,-0.9719848288408556,0,Menor actividad y valor
15164,69,3,824.58,-0.0622791312397595,0.32685183058130945,0,Menor actividad y valor
15165,373,1,487.75,-1.5781870985160082,0.9331054361058966,0,Menor actividad y valor
15167,321,1,158.8,-2.0510721858761145,0.4310483232027361,0,Menor actividad y valor
15168,26,1,106.56,-1.291914082199434,-1.2844769595036267,0,Menor actividad y valor
15171,331,1,1289.5,-1.0723094702269083,1.2112087734777892,0,Menor actividad y valor
15172,9,5,1624.05,1.3690459940115065,-0.5049900819235655,1,Activos de mayor valor
15174,323,1,135.75,-2.127296049953094,0.37824204410738493,0,Menor actividad y valor
15175,72,1,224.14,-1.3216117260533728,-0.3849219101068675,0,Menor actividad y valor
15178,260,1,40.5,-2.610111272912496,-0.19312897526448292,0,Menor actividad y valor
15179,18,5,2206.95,1.2692000501965865,0.013542183252692935,1,Activos de mayor valor
15180,367,1,87.5,-2.3822691422405637,0.3004828842113556,0,Menor actividad y valor
15181,66,3,689.4799999999999,-0.1302778177597086,0.2340007726390398,0,Menor actividad y valor
15182,154,2,622.85,-0.7591001383017076,0.618700949518529,0,Menor actividad y valor
15184,29,2,402.2,-0.33873053202965675,-0.5813330384353114,0,Menor actividad y valor
15185,70,1,310.62,-1.1568700025381147,-0.2841433701361143,0,Menor actividad y valor
15186,14,2,411.41,-0.06324075572765879,-1.0125182556184236,0,Menor actividad y valor
15187,2,16,4777.18,3.2827189332739977,-0.47705293454111225,1,Activos de mayor valor
15189,1,41,16225.39,4.835705684241411,0.05714918049369543,1,Activos de mayor valor
15192,120,3,1044.32,-0.1594478458424781,0.7597513284346213,0,Menor actividad y valor
15193,61,1,499.32,-0.8805965937324296,-0.19763311640640258,0,Menor actividad y valor
15194,3,15,7616.53,3.3391106758419022,-0.1480089232492501,1,Activos de mayor valor
15195,3,1,3861.0,1.1354270137965405,-1.1908283505166202,1,Activos de mayor valor
15197,11,3,1079.6100000000001,0.7390484024112229,-0.69310836633336,1,Activos de mayor valor
15198,92,2,193.64,-1.1162423722413326,-0.12933971395941884,0,Menor actividad y valor
15199,59,4,1268.7,0.4026201531625864,0.47125865352074364,1,Activos de mayor valor
15201,87,5,1236.54,0.4091290195375354,0.7744490820570552,1,Activos de mayor valor
15203,26,6,1827.8,1.185118663130619,0.22665387743026527,1,Activos de mayor valor
15204,357,1,316.58,-1.765903659622754,0.7483717245925099,0,Menor actividad y valor
15205,85,2,653.24,-0.5115207092207557,0.2625865005192079,0,Menor actividad y valor
15206,10,4,420.29999999999995,0.5275763612602895,-1.005968256946151,1,Activos de mayor valor
15208,1,5,870.12,1.6882053745336862,-1.7523570625798692,1,Activos de mayor valor
15210,225,1,331.18,-1.5688733656371847,0.4731324679363572,0,Menor actividad y valor
15211,60,2,894.4100000000001,-0.23152099384113475,0.1591363906053774,0,Menor actividad y valor
15212,241,1,101.8,-2.151136160640706,0.08932323177805494,0,Menor actividad y valor
15213,319,2,328.35,-1.3388942430200357,0.8455887837320581,0,Menor actividad y valor
15214,2,8,1661.44,2.2066367472098114,-1.104848385695034,1,Activos de mayor valor
15215,47,3,734.94,0.02734822096531138,0.0458107169394103,0,Menor actividad y valor
15216,88,1,96.6,-1.7936354404511967,-0.563708764247615,0,Menor actividad y valor
15218,11,11,5756.89,2.526423532053791,0.3364628654596191,1,Activos de mayor valor
15219,176,1,305.75,-1.5132822831127688,0.28920122293114464,0,Menor actividad y valor
15220,52,6,1778.96,0.914643207347001,0.644356447365977,1,Activos de mayor valor
15221,366,1,403.25,-1.6609727238962562,0.8519954924037197,0,Menor actividad y valor
15222,319,1,585.0,-1.4325759331608132,0.9003444421418256,0,Menor actividad y valor
15223,226,2,755.75,-0.8132715476430296,0.9308995015633401,0,Menor actividad y valor
15224,358,2,322.08,-1.3919383104534553,0.9114919068258841,0,Menor actividad y valor
15225,234,1,409.40000000000003,-1.4835278768686744,0.5749009218265895,0,Menor actividad y valor
15226,311,1,154.41,-2.0522289707854657,0.4009033218462688,0,Menor actividad y valor
15227,37,5,1219.4,0.7232991092751578,0.2370214957018327,1,Activos de mayor valor
15228,66,4,3386.71,0.825791127828453,0.8986327064685975,1,Activos de mayor valor
15230,239,2,429.6,-1.1018988049026197,0.7608448774072198,0,Menor actividad y valor
15232,113,2,612.06,-0.6500128250304422,0.41758461304130745,0,Menor actividad y valor
15234,277,1,197.0,-1.8933126564947145,0.41596885502277875,0,Menor actividad y valor
15235,218,12,2247.51,1.0436157488410929,1.8656727444596262,1,Activos de mayor valor
15236,299,1,321.05,-1.6917580174419637,0.6414137362969852,0,Menor actividad y valor
15237,2,4,1412.32,1.5977948324428386,-1.3888150916572772,1,Activos de mayor valor
15238,29,3,1071.99,0.38567178610074654,-0.1148160969541103,1,Activos de mayor valor
15239,10,2,780.59,0.3583712913012014,-0.976296304054599,1,Activos de mayor valor
15240,45,5,1706.57,0.8095817497006562,0.4804718091164182,1,Activos de mayor valor
15241,67,8,1756.44,1.0408106099609162,0.8938387159345957,1,Activos de mayor valor
15243,74,1,316.68,-1.1686743606632046,-0.2423838543366218,0,Menor actividad y valor
15244,65,2,631.57,-0.42637983936820567,0.08252076236111539,0,Menor actividad y valor
15245,134,3,2515.84,0.21536091810783672,1.1491767448279193,0,Menor actividad y valor
15246,238,2,514.15,-1.015297907187571,0.8234919734071471,0,Menor actividad y valor
15247,122,1,356.0,-1.3023175582853608,0.11372128297982179,0,Menor actividad y valor
15249,32,13,6688.46,2.3505842812739624,1.0913354988528228,1,Activos de mayor valor
15251,9,11,10484.99,2.8803115577116443,0.439211872811349,1,Activos de mayor valor
15252,36,2,740.78,-0.129788650620701,-0.22635744566788216,0,Menor actividad y valor
15253,16,5,918.1999999999999,0.8961779010248182,-0.37612580839666704,1,Activos de mayor valor
15254,127,1,300.36,-1.3978748956641454,0.07727382011097758,0,Menor actividad y valor
15255,67,1,890.85,-0.6417973667183231,0.07145396602851037,0,Menor actividad y valor
15256,149,1,98.45,-1.984134525390596,-0.2259560611500179,0,Menor actividad y valor
15257,283,1,317.15,-1.6765984175987816,0.6022314199915978,0,Menor actividad y valor
15258,169,2,623.16,-0.7941510059378428,0.6774406457763062,0,Menor actividad y valor
15260,100,7,1810.77,0.7975462068702533,1.110666124915227,1,Activos de mayor valor
15261,135,1,254.82,-1.4987149923963003,0.05603780984699697,0,Menor actividad y valor
15262,324,1,178.95000000000002,-1.9983058784919157,0.48017866085700445,0,Menor actividad y valor
15263,107,1,156.51,-1.6406138076520391,-0.26673307904821575,0,Menor actividad y valor
15264,64,1,393.74,-1.0110317238095794,-0.2540017291924652,0,Menor actividad y valor
15265,151,2,1506.1200000000001,-0.33340718966924565,0.9275558282696151,0,Menor actividad y valor
15266,338,1,119.3,-2.2053545127685794,0.3602532794133189,0,Menor actividad y valor
15267,22,5,1717.36,1.0773493133366774,0.043355072165650446,1,Activos de mayor valor
15269,24,1,408.8,-0.6282749677815253,-0.8460982204640055,0,Menor actividad y valor
15270,16,7,2379.49,1.6076766422968278,0.08047974828853645,1,Activos de mayor valor
15271,7,15,2493.34,2.5449692925497627,-0.11520593049547415,1,Activos de mayor valor
15272,57,2,721.94,-0.31370468998393614,0.04924295538150571,0,Menor actividad y valor
15274,4,2,716.57,0.6190391878376964,-1.507252549915631,1,Activos de mayor valor
15275,38,1,615.14,-0.6047810677260551,-0.4156715928075638,0,Menor actividad y valor
15276,66,1,128.63,-1.5506009490299313,-0.6403472608158568,0,Menor actividad y valor
15277,47,1,255.89999999999998,-1.0988841545011532,-0.6026428472760751,0,Menor actividad y valor
15279,355,1,290.51,-1.8043776143864632,0.7136241723711335,0,Menor actividad y valor
15280,172,1,113.12,-1.9733872660536245,-0.08540823180682093,0,Menor actividad y valor
15281,59,9,2332.15,1.318316528466965,0.957997110838621,1,Activos de mayor valor
15286,50,1,240.55,-1.151255558819642,-0.5866495011885109,0,Menor actividad y valor
15287,22,2,486.69,-0.147025666336021,-0.6804829475263422,0,Menor actividad y valor
15288,43,5,2306.52,0.9693314438419968,0.5619549023752373,1,Activos de mayor valor
15289,29,3,939.78,0.3233226513338893,-0.16270717964796402,1,Activos de mayor valor
15290,5,18,7943.22,3.3596353543399293,0.19005990988117114,1,Activos de mayor valor
15291,26,15,4668.3,2.377597132221185,0.8842613564256715,1,Activos de mayor valor
15292,201,1,178.39,-1.81812173025878,0.17757054148560977,0,Menor actividad y valor
15296,51,6,3672.86,1.2655173482921622,0.8962024842103528,1,Activos de mayor valor
15297,10,3,641.94,0.5260909885513171,-0.9373736432398355,1,Activos de mayor valor
15298,2,12,4799.9,3.0422265700586095,-0.577941540491171,1,Activos de mayor valor
15299,67,7,4507.01,1.3808867437661063,1.1918639595062088,1,Activos de mayor valor
15300,64,1,496.44,-0.9013843764730178,-0.16978034908682973,0,Menor actividad y valor
15301,51,12,5049.95,1.976601334730382,1.248935627425338,1,Activos de mayor valor
15303,290,1,574.02,-1.405255627197646,0.8332330602722834,0,Menor actividad y valor
15304,61,8,694.4000000000001,0.6364949618527939,0.4976165795900358,1,Activos de mayor valor
15306,64,3,1174.35,0.1335183452268151,0.4085218647162712,0,Menor actividad y valor
15307,96,1,205.3,-1.4716321792102793,-0.2365528409651863,0,Menor actividad y valor
15308,274,1,310.47,-1.6743584367825575,0.5740882984898696,0,Menor actividad y valor
15311,1,91,60632.75,6.17026220680797,0.8371889225706206,1,Activos de mayor valor
15312,75,4,924.85,0.16257055069112733,0.506089635010793,0,Menor actividad y valor
15313,110,1,52.0,-2.167528989810511,-0.6460541312618457,0,Menor actividad y valor
15314,199,1,327.97,-1.526790728141419,0.39211774402378907,0,Menor actividad y valor
15315,64,2,570.5,-0.4686870039462357,0.035865811075099285,0,Menor actividad y valor
15316,327,1,165.0,-2.040076041816852,0.4566154349504276,0,Menor actividad y valor
15318,4,1,312.62,-0.1403034299832153,-1.9637986545985355,0,Menor actividad y valor
15319,284,1,204.5,-1.8851835772010188,0.44527436783988456,0,Menor actividad y valor
15320,44,1,267.13,-1.0539438068933946,-0.6279736388781633,0,Menor actividad y valor
15321,71,3,2748.31,0.49737783445047073,0.7828550844766125,1,Activos de mayor valor
15322,86,1,679.68,-0.8640413475773316,0.12924596822218876,0,Menor actividad y valor
15325,104,1,161.74,-1.6143643511835821,-0.27269491666107093,0,Menor actividad y valor
15326,334,1,311.71,-1.7478654230278505,0.7006485900748428,0,Menor actividad y valor
15327,53,1,208.75,-1.2400218265033092,-0.6018258635151159,0,Menor actividad y valor
15329,39,3,1049.7,0.26582408170480815,0.05991032194338229,0,Menor actividad y valor
15330,32,2,714.96,-0.1028826995580997,-0.3117894504730534,0,Menor actividad y valor
15332,366,4,1661.06,-0.16150557802140486,1.7173994021683103,0,Menor actividad y valor
15333,208,1,1028.56,-1.002631414400336,0.8355496881294798,0,Menor actividad y valor
15334,157,3,350.82,-0.7777024275202815,0.5322848416455924,0,Menor actividad y valor
15335,54,1,170.22,-1.3432691234555005,-0.6641151644908977,0,Menor actividad y valor
15339,66,2,574.07,-0.47731088309772307,0.05734546531166037,0,Menor actividad y valor
15341,81,1,2020.52,-0.3253069768141139,0.48816502024347974,0,Menor actividad y valor
15342,130,1,406.09,-1.2641324680256232,0.2014869467219463,0,Menor actividad y valor
15343,87,1,364.5,-1.1632493502656303,-0.08998068237024229,0,Menor actividad y valor
15344,1,3,563.94,1.1159779269245451,-2.0651778674106596,1,Activos de mayor valor
15345,46,1,393.54,-0.887413115903445,-0.4597334671601926,0,Menor actividad y valor
15346,333,1,252.42000000000002,-1.846404224699556,0.6221874532197935,0,Menor actividad y valor
15347,366,1,201.60000000000002,-1.9885193396993175,0.6004031948975349,0,Menor actividad y valor
15348,72,1,158.04,-1.4864124032561241,-0.5115071929569425,0,Menor actividad y valor
15349,158,2,463.90999999999997,-0.9082661817624295,0.5277529115977757,0,Menor actividad y valor
15350,373,1,115.65,-2.2574970190122294,0.4113197257044564,0,Menor actividad y valor
15351,12,7,1934.66,1.612070081059255,-0.16492099238536717,1,Activos de mayor valor
15353,255,2,770.12,-0.8502788180714983,1.013967049810938,0,Menor actividad y valor
15355,29,2,277.05,-0.5149417983682142,-0.7166829251557029,0,Menor actividad y valor
15356,31,10,2718.03,1.7172585526213473,0.6517011696885334,1,Activos de mayor valor
15358,5,22,8347.2,3.5560325216957196,0.28120732872472237,1,Activos de mayor valor
15360,40,1,427.93,-0.795614834035741,-0.5158758792761642,0,Menor actividad y valor
15361,362,1,418.92,-1.6387539259373063,0.8588991315113117,0,Menor actividad y valor
15363,373,1,326.0,-1.7687459219681803,0.7867350268593745,0,Menor actividad y valor
15364,96,2,913.19,-0.39886393411686194,0.46073906861475,0,Menor actividad y valor
15365,26,7,2314.32,1.4177935613154375,0.36364365828371753,1,Activos de mayor valor
15366,75,2,602.51,-0.5025703006361623,0.15482764863987564,0,Menor actividad y valor
15367,57,4,1877.59,0.6013165767103801,0.5924409434413845,1,Activos de mayor valor
15368,21,1,446.94000000000005,-0.5372477439792414,-0.8947258202475717,0,Menor actividad y valor
15370,41,7,2386.05,1.2634810019677711,0.6548493113527977,1,Activos de mayor valor
15372,137,1,2007.3999999999999,-0.5272374703558294,0.8157790319960183,0,Menor actividad y valor
15373,8,12,2415.91,2.2971394919057455,-0.1314501237822707,1,Activos de mayor valor
15374,129,1,168.0,-1.6780522864436282,-0.12355578185701038,0,Menor actividad y valor
15376,40,3,1221.56,0.32822157407359154,0.13073731504066508,1,Activos de mayor valor
15379,169,7,3703.29,0.9377583338790957,1.7012168509106362,1,Activos de mayor valor
15380,9,5,1690.2600000000002,1.3879815047099404,-0.49044549983593894,1,Activos de mayor valor
15381,214,2,596.85,-0.9042796514959368,0.8106287554194348,0,Menor actividad y valor
15382,15,6,5955.71,1.9449089367714312,0.32502177272523397,1,Activos de mayor valor
15384,170,2,642.41,-0.7819887997071597,0.6922216109713859,0,Menor actividad y valor
15385,40,1,316.88,-0.9376812193989286,-0.6249986928466573,0,Menor actividad y valor
15386,186,1,394.14,-1.4142169373661997,0.4162607285190901,0,Menor actividad y valor
15388,270,1,140.54,-2.042737582956326,0.27754423627687813,0,Menor actividad y valor
15389,172,1,500.0,-1.2719425967421527,0.4533794320280189,0,Menor actividad y valor
15392,5,4,1535.53,1.372646324474563,-0.9189621711660294,1,Activos de mayor valor
15393,16,2,231.86,-0.38207093834083006,-1.1413449551763066,0,Menor actividad y valor
15394,10,4,2183.54,1.307948877337244,-0.4065552123353321,1,Activos de mayor valor
15395,326,1,107.45,-2.2407569691953304,0.29963850787459595,0,Menor actividad y valor
15396,113,1,288.18,-1.373189245109337,-0.011181821991619904,0,Menor actividad y valor
15397,290,1,94.0,-2.2589859546812314,0.1774730426769642,0,Menor actividad y valor
15398,16,2,1345.53,0.4500003644340079,-0.502221481893487,1,Activos de mayor valor
15399,1,3,815.77,1.2907696869946779,-1.9309183196715514,1,Activos de mayor valor
15400,92,5,716.2,0.129354565482336,0.6107991341521651,0,Menor actividad y valor
15402,149,2,626.77,-0.7436044272847657,0.6001956442480051,0,Menor actividad y valor
15405,189,1,349.1,-1.4776795337893045,0.3822736271506968,0,Menor actividad y valor
15406,31,2,510.71000000000004,-0.25038083268636907,-0.45362063905839617,0,Menor actividad y valor
15407,34,4,1046.74,0.5174090306929945,0.0595893231247162,1,Activos de mayor valor
15408,264,1,267.18,-1.7311635774621297,0.49610528955276284,0,Menor actividad y valor
15410,84,8,3450.84,1.2756485580015902,1.2811532504138872,1,Activos de mayor valor
15411,26,4,1348.93,0.7367009990823732,-0.012628475542198838,1,Activos de mayor valor
15412,171,1,190.53,-1.7256579093791726,0.09949954311705517,0,Menor actividad y valor
15414,10,3,774.9000000000001,0.6152190704035174,-0.8689133453657861,1,Activos de mayor valor
15415,313,1,559.61,-1.4463478659106521,0.8722131180369003,0,Menor actividad y valor
15416,65,4,3984.32,0.9085685069340341,0.9482695375344314,1,Activos de mayor valor
15417,85,1,508.8,-0.9966910888145772,0.016635224174999692,0,Menor actividad y valor
15419,25,1,135.86,-1.1632686911124832,-1.2206615682983712,0,Menor actividad y valor
15421,59,4,950.36,0.2657582846620579,0.3661334888091029,0,Menor actividad y valor
15422,323,2,97.7,-1.9150141714401425,0.4145845452803811,0,Menor actividad y valor
15423,38,1,43.5,-1.8508547741924646,-1.372795041948696,0,Menor actividad y valor
15424,254,2,383.34,-1.1789460204560365,0.7578844509876143,0,Menor actividad y valor
15426,19,5,1404.07,1.035298536633359,-0.1185532551135168,1,Activos de mayor valor
15427,33,3,1430.54,0.4745595425733825,0.06953001028861426,1,Activos de mayor valor
15428,15,1,93.78,-1.152010469654365,-1.6622510902104974,0,Menor actividad y valor
15429,27,2,397.35,-0.3181134816811962,-0.6294775873339395,0,Menor actividad y valor
15432,23,1,171.19,-1.0238074480449824,-1.1877676329360471,0,Menor actividad y valor
15433,214,2,533.3,-0.9575663946849805,0.7696985992256848,0,Menor actividad y valor
15434,8,5,1041.48,1.1987987334897754,-0.7334653294433445,1,Activos de mayor valor
15435,22,1,149.29,-1.0720499742680154,-1.2642910511389438,0,Menor actividad y valor
15436,12,3,1067.75,0.7032394884181048,-0.6463857636045971,1,Activos de mayor valor
15437,262,1,200.16,-1.8646167618720104,0.3865729395259483,0,Menor actividad y valor
15438,131,1,156.57999999999998,-1.717058936928032,-0.13935890085327476,0,Menor actividad y valor
15440,55,3,383.68,-0.33913917841428953,-0.0927403583051222,0,Menor actividad y valor
15442,249,1,594.0,-1.3310489794780898,0.7494020411245327,0,Menor actividad y valor
15443,2,7,3213.59,2.4127240164456696,-0.9097415196941784,1,Activos de mayor valor
15444,9,2,1411.21,0.6752809267234366,-0.8212605662004773,1,Activos de mayor valor
15445,264,1,113.5,-2.134709585071415,0.18613699097961242,0,Menor actividad y valor
15447,331,1,155.17,-2.073650080080564,0.44206761168725145,0,Menor actividad y valor
15448,313,1,494.64,-1.504752270781957,0.8273520274405991,0,Menor actividad y valor
15449,26,3,974.52,0.3807636755995501,-0.21629245450093604,1,Activos de mayor valor
15450,30,1,429.84,-0.6867072753345715,-0.6914965775131311,0,Menor actividad y valor
15452,30,3,528.48,0.038245786376850395,-0.35127023842653604,0,Menor actividad y valor
15453,2,7,1371.77,2.009279643076169,-1.219631751846676,1,Activos de mayor valor
15454,362,1,179.1,-2.040151245903529,0.5505812644635057,0,Menor actividad y valor
15456,283,3,434.59000000000003,-0.9004271374188453,0.9817990578031811,0,Menor actividad y valor
15457,262,1,237.07,-1.7847385549515837,0.4479283027938986,0,Menor actividad y valor
15458,25,1,161.64,-1.0814386100198643,-1.157806948180458,0,Menor actividad y valor
15460,354,1,214.26,-1.947080181023163,0.6014041112985702,0,Menor actividad y valor
15462,94,3,234.6,-0.7735020148857527,0.06374997289703242,0,Menor actividad y valor
15463,29,1,126.14,-1.2528638082980812,-1.1567756162074698,0,Menor actividad y valor
15464,338,1,1044.65,-1.1800379919178954,1.1478106123426022,0,Menor actividad y valor
15465,20,18,7354.62,2.8445819201011155,0.9561948793836805,1,Activos de mayor valor
15466,85,1,334.53,-1.19503373543403,-0.13571402856907044,0,Menor actividad y valor
15467,9,3,524.88,0.4672042814828744,-1.0709913691677906,1,Activos de mayor valor
15468,51,2,467.51,-0.4776646592151519,-0.17796285228766,0,Menor actividad y valor
15469,50,2,538.55,-0.40330664971452795,-0.13885503433247154,0,Menor actividad y valor
15471,2,1,454.48,0.2317714475468552,-2.1517193241462342,0,Menor actividad y valor
15472,113,1,371.56,-1.2530625188676925,0.08108888876792443,0,Menor actividad y valor
15473,14,7,1771.2,1.5155726923326514,-0.10633675391698523,1,Activos de mayor valor
15475,77,1,454.10999999999996,-1.0132002502027515,-0.08659097109898863,0,Menor actividad y valor
15478,40,2,1399.92,0.13248082128661415,0.07029136135418954,0,Menor actividad y valor
15480,116,1,905.5,-0.8413693314054048,0.42140357241267423,0,Menor actividad y valor
15482,16,12,10879.76,2.767563044163457,0.8196736204650833,1,Activos de mayor valor
15483,161,4,225.26,-0.7946478016949893,0.47271839129690424,0,Menor actividad y valor
15484,1,4,3590.41,2.194880750167903,-1.306195828894184,1,Activos de mayor valor
15485,30,3,2564.5,0.7864695538950348,0.2234489851474848,1,Activos de mayor valor
15488,93,1,91.32000000000001,-1.840885807919957,-0.5493146728459269,0,Menor actividad y valor
15489,23,3,1134.28,0.4976688570722643,-0.23572269107066385,1,Activos de mayor valor
15491,95,6,3100.09,0.9509484093110732,1.2231427114478886,1,Activos de mayor valor
15492,28,2,659.4599999999999,-0.09178261547561688,-0.4230882255092607,0,Menor actividad y valor
15493,33,5,1953.41,0.9890715240250734,0.33801890621968317,1,Activos de mayor valor
15494,21,2,1280.58,0.32806922632303515,-0.3567796047677733,1,Activos de mayor valor
15497,18,2,1262.2,0.377222042866239,-0.45497792466458675,1,Activos de mayor valor
15498,3,27,13316.4,4.110357585431605,0.26950671578695723,1,Activos de mayor valor
15500,8,4,1131.56,1.0731201730736524,-0.7730223780788563,1,Activos de mayor valor
15502,16,12,10384.93,2.745493906877517,0.8027220639968965,1,Activos de mayor valor
15503,363,1,141.04,-2.1537683452915997,0.4658618512856692,0,Menor actividad y valor
15504,81,1,52.83,-2.0444878978850305,-0.8323574852343139,0,Menor actividad y valor
15505,53,5,3610.96,1.1035586855128774,0.8549730765953332,1,Activos de mayor valor
15506,23,3,972.08,0.424569102151294,-0.29187144792047914,1,Activos de mayor valor
15507,172,1,475.86,-1.2953578938798114,0.43539387479913394,0,Menor actividad y valor
15508,189,6,1000.27,0.1541420914233004,1.2441881469910225,0,Menor actividad y valor
15510,331,1,250.0,-1.8486595776915802,0.6148853868742487,0,Menor actividad y valor
15511,12,5,900.53,0.9894506559542766,-0.5532573309612109,1,Activos de mayor valor
15512,156,2,121.0,-1.5377668138735687,0.03248748333257969,0,Menor actividad y valor
15513,33,19,14758.220000000001,3.0371375401415213,1.5349031207552741,1,Activos de mayor valor
15514,12,11,4023.7200000000003,2.3260448064096018,0.25677751580597175,1,Activos de mayor valor
15516,45,3,62.43,-1.118649724949209,-0.8739111799377574,0,Menor actividad y valor
15517,233,1,267.03,-1.6839049801149848,0.4170343770409638,0,Menor actividad y valor
15518,64,8,1921.55,1.1006229571311426,0.8979386957064746,1,Activos de mayor valor
15520,2,1,343.5,0.09935984844160568,-2.253426186095276,0,Menor actividad y valor
15521,40,8,3000.2,1.487823259247035,0.7680133471044417,1,Activos de mayor valor
15522,33,2,397.99,-0.391519511451926,-0.5058104505551185,0,Menor actividad y valor
15523,84,1,412.01000000000005,-1.0920551066475943,-0.06746132398708402,0,Menor actividad y valor
15524,25,1,440.0,-0.6084657344530378,-0.7945110791933342,0,Menor actividad y valor
15525,2,3,734.37,1.086104190397868,-1.7121149739367936,1,Activos de mayor valor
15526,33,2,148.44,-0.8571598905553542,-0.8634741452419238,0,Menor actividad y valor
15527,19,8,2428.53,1.6618407359319474,0.23598733098420083,1,Activos de mayor valor
15528,254,1,229.33,-1.7886100907104383,0.41630814862527166,0,Menor actividad y valor
15529,23,11,3962.6,2.0845842904130314,0.6398731579319588,1,Activos de mayor valor
15530,22,4,1497.31,0.8473989154129641,-0.07629436606578849,1,Activos de mayor valor
15531,8,2,1972.39,0.8741794716263743,-0.7661907034346274,1,Activos de mayor valor
15532,25,4,1564.73,0.8214347279466422,0.017457866260932514,1,Activos de mayor valor
15533,19,3,807.57,0.40640241679649036,-0.47490191446798563,1,Activos de mayor valor
15535,173,4,502.9,-0.44229192015158125,0.8096346481171822,0,Menor actividad y valor
15537,163,1,110.92,-1.9622089641220122,-0.12636603468379146,0,Menor actividad y valor
15539,7,1,538.46,-0.06266826700050432,-1.4683069612245736,0,Menor actividad y valor
15540,11,1,213.3,-0.6552916223923625,-1.5474984788790096,0,Menor actividad y valor
15541,114,1,85.13000000000001,-1.950818699136773,-0.4467664008785606,0,Menor actividad y valor
15543,288,1,127.86,-2.111805318086185,0.28412860831877984,0,Menor actividad y valor
15544,9,9,3546.71,2.201475619832479,-0.025231676749268694,1,Activos de mayor valor
15545,54,2,288.96999999999997,-0.7265810664970421,-0.3171436576988167,0,Menor actividad y valor
15547,7,14,4910.6,2.807847137287333,0.10688275440391164,1,Activos de mayor valor
15549,77,3,1681.46,0.23394722165147983,0.6547388599916549,0,Menor actividad y valor
15550,4,4,575.63,0.9775818965126071,-1.3914920995075226,1,Activos de mayor valor
15551,37,1,436.06,-0.7576852689422413,-0.5572074996992046,0,Menor actividad y valor
15552,217,1,90.12,-2.168426241535305,-0.020812685679094226,0,Menor actividad y valor
15553,60,1,428.93,-0.9462791756971884,-0.26316389947823865,0,Menor actividad y valor
15554,278,1,217.2,-1.8486224225342367,0.45362575084530316,0,Menor actividad y valor
15555,12,16,4794.86,2.7243323120644414,0.4538558844600679,1,Activos de mayor valor
15556,24,1,279.77,-0.8075690246904939,-0.9838160338394732,0,Menor actividad y valor
15557,29,1,468.91,-0.6330228418315064,-0.680668688772312,0,Menor actividad y valor
15561,12,4,800.59,0.768763586993016,-0.6657915003918867,1,Activos de mayor valor
15562,352,1,134.55,-2.164221796715688,0.4293758596815715,0,Menor actividad y valor
15563,22,4,1400.44,0.8157075305191549,-0.10063688084658604,1,Activos de mayor valor
15565,50,2,173.16,-0.9394632834797851,-0.5506830698060179,0,Menor actividad y valor
15567,19,1,186.01,-0.9150130003513092,-1.2732778027790985,0,Menor actividad y valor
15568,3,3,758.29,0.9913879384983904,-1.5180847992738806,1,Activos de mayor valor
15569,104,5,1375.71,0.3921904405766497,0.9252307175231933,1,Activos de mayor valor
15570,7,12,4148.82,2.5984490625853276,-0.009237242357839612,1,Activos de mayor valor
15571,12,4,650.4300000000001,0.6704107754779366,-0.7413374185037365,1,Activos de mayor valor
15572,5,7,2533.42,2.0352198020802272,-0.5569147578053076,1,Activos de mayor valor
15573,32,2,591.1899999999999,-0.19287589317621467,-0.380914250577579,0,Menor actividad y valor
15574,178,4,675.64,-0.31335129529929845,0.9349477931220534,0,Menor actividad y valor
15576,38,1,921.37,-0.4134724650594446,-0.26872526958091875,0,Menor actividad y valor
15577,151,3,258.88,-0.9065351354273267,0.3974249510116706,0,Menor actividad y valor
15578,162,1,127.1,-1.8958488325570737,-0.08106596050875496,0,Menor actividad y valor
15579,69,2,327.6,-0.7594048248001399,-0.1187136239582227,0,Menor actividad y valor
15581,121,13,3675.77,1.5673353493507478,1.7022394924260624,1,Activos de mayor valor
15582,25,3,682.9100000000001,0.22678674622772074,-0.3695624963306724,0,Menor actividad y valor
15584,24,4,720.86,0.46928958176700414,-0.28940028629171416,1,Activos de mayor valor
15585,177,1,455.3,-1.3271389654355232,0.43740456905822755,0,Menor actividad y valor
15587,50,4,913.6800000000001,0.30919721843056774,0.24878702633352126,1,Activos de mayor valor
15589,256,3,478.53000000000003,-0.8166975112181307,0.9534718961304438,0,Menor actividad y valor
15592,47,1,388.58,-0.9014541573413458,-0.45099461100810867,0,Menor actividad y valor
15593,71,1,199.8,-1.3705922849442809,-0.4353357144968568,0,Menor actividad y valor
15594,16,5,1771.78,1.2076035036537482,-0.13691624527674082,1,Activos de mayor valor
15596,101,5,1406.59,0.4137815430023181,0.9149334130041954,1,Activos de mayor valor
15597,35,1,324.57,-0.8766671881504867,-0.6987382665949063,0,Menor actividad y valor
15598,53,1,240.68,-1.172834841211857,-0.5502187725654901,0,Menor actividad y valor
15599,27,2,761.74,-0.010108575298416526,-0.39289550007887514,0,Menor actividad y valor
15601,11,14,6776.56,2.80564661645387,0.4812017609918467,1,Activos de mayor valor
15602,8,9,1297.8700000000001,1.765287984431706,-0.4579787643289165,1,Activos de mayor valor
15603,79,1,48.480000000000004,-2.0750088474658033,-0.8786997416570111,0,Menor actividad y valor
15604,52,1,216.39,-1.2159177809743278,-0.6006454748999623,0,Menor actividad y valor
15605,36,5,1198.23,0.725189083163356,0.21374232944563681,1,Activos de mayor valor
15606,61,9,2920.16,1.4123628018742251,1.0606428657581264,1,Activos de mayor valor
15607,337,1,104.76,-2.26530494925378,0.3114650672444011,0,Menor actividad y valor
15608,28,4,1093.68,0.6100252428621943,-0.04366189216795919,1,Activos de mayor valor
15609,184,1,298.48,-1.5415417548231072,0.30848944881876333,0,Menor actividad y valor
15610,52,1,112.46000000000001,-1.5242339355560592,-0.8374666354523556,0,Menor actividad y valor
15611,10,13,1591.45,2.089715738283949,-0.12784192253997081,1,Activos de mayor valor
15612,36,2,195.15,-0.7604975873375761,-0.7108121852084959,0,Menor actividad y valor
15615,10,23,10399.74,3.467234484079202,0.7618018615817916,1,Activos de mayor valor
15618,33,4,776.851,0.38725225068224145,-0.06726726346860036,1,Activos de mayor valor
15619,11,1,336.40000000000003,-0.44007608056534236,-1.3821889625692632,0,Menor actividad y valor
15620,57,3,1553.18,0.3095154003869952,0.43804067181015577,1,Activos de mayor valor
15621,4,4,1293.03,1.3608493480904031,-1.097099991485331,1,Activos de mayor valor
15622,43,9,3709.56,1.6567859750700906,0.9303562811904847,1,Activos de mayor valor
15623,141,1,301.03,-1.4364720651402842,0.14388315296088525,0,Menor actividad y valor
15624,117,4,588.13,-0.2198392656213893,0.6203463942761452,0,Menor actividad y valor
15625,104,4,1534.26,0.2788992347933305,0.8951885374948565,0,Menor actividad y valor
15626,75,2,675.8,-0.44822581573960796,0.1965702683228554,0,Menor actividad y valor
15628,5,9,2870.2400000000002,2.296298428420406,-0.42611282779202664,1,Activos de mayor valor
15630,45,2,1186.35,0.0100967576172103,0.08299664285481424,0,Menor actividad y valor
15632,16,8,3285.31,1.8671496417686173,0.24297504326430208,1,Activos de mayor valor
15634,17,1,243.55,-0.7475696162035473,-1.2423690083345262,0,Menor actividad y valor
15636,90,2,724.76,-0.48391693293109406,0.3361960396119515,0,Menor actividad y valor
15637,53,1,223.36,-1.208094296754844,-0.5773019631737273,0,Menor actividad y valor
15639,134,1,425.32,-1.2537368971198317,0.23736431942103872,0,Menor actividad y valor
15640,4,15,12416.11,3.485553686653679,0.1714084501166298,1,Activos de mayor valor
15641,105,4,1887.2,0.37339265528307686,0.9765601541501789,1,Activos de mayor valor
15643,192,3,664.0,-0.5522590097865351,0.8910093332738369,0,Menor actividad y valor
15644,166,4,803.54,-0.20475251849721113,0.9540128865262357,0,Menor actividad y valor
15645,19,1,612.01,-0.3520864371489354,-0.8408874786839775,0,Menor actividad y valor
15646,158,3,447.64000000000004,-0.6648447780844848,0.6248229179395882,0,Menor actividad y valor
15648,204,2,639.5,-0.8534121350847571,0.8055326656051857,0,Menor actividad y valor
15649,336,2,816.0,-0.9278883007828569,1.2092887244498989,0,Menor actividad y valor
15651,37,3,646.3,0.0557361061905334,-0.14902763840751956,0,Menor actividad y valor
15652,91,1,337.74,-1.216281507206173,-0.08949281615899446,0,Menor actividad y valor
15653,93,2,877.4399999999999,-0.40577746407066323,0.4262948059786275,0,Menor actividad y valor
15654,9,2,922.53,0.47390333970490056,-0.9759409913363845,1,Activos de mayor valor
15655,243,1,560.67,-1.3491028254515298,0.7130067764067668,0,Menor actividad y valor
15656,45,4,748.5,0.25417679531174076,0.11083700805598766,0,Menor actividad y valor
15657,23,1,30.0,-1.8367999337947067,-1.8122364489045792,0,Menor actividad y valor
15658,190,5,1024.1000000000001,0.023804518528960785,1.1971166619246068,0,Menor actividad y valor
15659,44,1,306.45,-0.9890601066045789,-0.5781357274518982,0,Menor actividad y valor
15660,25,9,1600.86,1.4594535887849778,0.2909090525165345,1,Activos de mayor valor
15661,317,2,309.8,-1.3639867233206695,0.8205008190228794,0,Menor actividad y valor
15663,106,1,138.14,-1.6958595502150506,-0.31779456603499046,0,Menor actividad y valor
15664,51,1,386.43,-0.9346543116410282,-0.40226819015622456,0,Menor actividad y valor
15665,168,2,2222.21,-0.18957721839185665,1.1363495541304236,0,Menor actividad y valor
15667,40,1,301.32,-0.9614780883416999,-0.6432773397381434,0,Menor actividad y valor
15668,218,1,76.32000000000001,-2.2480425569176203,-0.07772270153509037,0,Menor actividad y valor
15669,40,4,684.34,0.2557002748419215,0.005297331161061573,0,Menor actividad y valor
15670,297,1,173.05,-1.9809811928889003,0.413055058446651,0,Menor actividad y valor
15671,19,7,2657.13,1.597901926624648,0.22368408126551076,1,Activos de mayor valor
15673,88,4,2726.23,0.6144961402762213,0.9996506785522207,1,Activos de mayor valor
15674,73,5,2446.6,0.7986842238666059,0.9129868482004881,1,Activos de mayor valor
15675,81,3,323.69,-0.565209601968693,0.08727468369182062,0,Menor actividad y valor
15676,19,3,3435.76,1.0925136615587883,0.05210797080087468,1,Activos de mayor valor
15677,49,1,657.23,-0.6683605147523185,-0.2340963254626725,0,Menor actividad y valor
15678,53,1,352.7,-0.9922600179882591,-0.4115171879522214,0,Menor actividad y valor
15679,24,4,781.28,0.5074029255711223,-0.2601249915071494,1,Activos de mayor valor
15680,9,3,1333.68,0.9088203422995977,-0.7317810278119389,1,Activos de mayor valor
15681,25,5,1426.16,0.9424724215486209,0.053450212079020815,1,Activos de mayor valor
15683,117,1,193.75,-1.5738120676005134,-0.13330164780794976,0,Menor actividad y valor
15687,9,9,2993.1,2.121031032876775,-0.08702208299266755,1,Activos de mayor valor
15689,120,2,254.1,-1.0885198881054106,0.1360252336907268,0,Menor actividad y valor
15690,4,2,239.76,0.1012281659338435,-1.904989111337305,0,Menor actividad y valor
15691,252,1,136.8,-2.0291805289792144,0.22422121748320403,0,Menor actividad y valor
15692,28,1,191.04,-1.0443646932966033,-1.0280637669948487,0,Menor actividad y valor
15694,1,14,6479.4,3.4688364294741802,-0.6709879422323157,1,Activos de mayor valor
15695,267,2,409.98,-1.1661638026894192,0.8138137914228416,0,Menor actividad y valor
15696,33,8,2711.11,1.5113127163772346,0.61244469734227,1,Activos de mayor valor
15699,18,1,309.65,-0.6547828493046591,-1.1209590371822864,0,Menor actividad y valor
15700,172,2,696.68,-0.7480343342723076,0.7290857187526858,0,Menor actividad y valor
15701,2,4,1529.0,1.6354077858432734,-1.3599241524582648,1,Activos de mayor valor
15703,265,1,211.5,-1.8429461450925617,0.4137366811633622,0,Menor actividad y valor
15704,140,4,2293.62,0.35683411046137187,1.2284344201321795,1,Activos de mayor valor
15705,201,1,143.1,-1.9219877357178754,0.0977898761223759,0,Menor actividad y valor
15706,64,4,1060.56,0.2871506527052699,0.4567930497400915,0,Menor actividad y valor
15707,35,4,916.98,0.443957269016385,0.029294530865847518,1,Activos de mayor valor
15708,41,7,3235.25,1.4077935455566026,0.7656974247166244,1,Activos de mayor valor
15709,284,1,133.25,-2.0870516556526044,0.29021719063085516,0,Menor actividad y valor
15712,9,5,1072.3600000000001,1.1723925035791738,-0.6560418745033098,1,Activos de mayor valor
15713,143,2,356.7,-0.9947131515916722,0.3694597686299306,0,Menor actividad y valor
15714,12,2,330.03000000000003,-0.1128001758595581,-1.183290397530835,0,Menor actividad y valor
15716,146,4,1101.1100000000001,-0.00680235915912748,0.9877663902891489,0,Menor actividad y valor
15717,234,1,150.3,-1.956672381070094,0.21147322292454124,0,Menor actividad y valor
15719,33,13,5030.07,2.2040933682283317,1.006498387557451,1,Activos de mayor valor
15720,24,1,598.73,-0.44771163856380564,-0.7074054645279598,0,Menor actividad y valor
15721,12,1,471.40000000000003,-0.31107190328646067,-1.2088715416020164,0,Menor actividad y valor
15722,36,5,2211.21,1.0155203790009897,0.43674911453682136,1,Activos de mayor valor
15723,365,1,190.7,-2.013698775654488,0.5785322864596361,0,Menor actividad y valor
15724,201,2,218.25,-1.356092673991684,0.40574670301500015,0,Menor actividad y valor
15725,15,1,415.25,-0.4503893907597959,-1.1233279241595693,0,Menor actividad y valor
15727,17,7,5159.06,1.9526688301438795,0.39847821093195246,1,Activos de mayor valor
15729,213,1,85.0,-2.1887724290949864,-0.053614517793681586,0,Menor actividad y valor
15730,66,3,1120.88,0.09986501964596205,0.4107761152128703,0,Menor actividad y valor
15732,212,2,294.12,-1.2354433816005446,0.5475911982969027,0,Menor actividad y valor
15733,283,1,162.3,-1.9928288667339273,0.3593311993794561,0,Menor actividad y valor
15734,115,2,1339.45,-0.2857255631456051,0.7135261039096428,0,Menor actividad y valor
15737,15,8,1188.1200000000001,1.4083044312999835,-0.16568962480376054,1,Activos de mayor valor
15738,19,16,4812.42,2.561507044305683,0.7282757311008521,1,Activos de mayor valor
15739,66,1,449.12,-0.9603578964048824,-0.1869748291303268,0,Menor actividad y valor
15740,49,1,154.88,-1.3513663929652657,-0.758720943209124,0,Menor actividad y valor
15743,16,4,775.96,0.6514896500804268,-0.507095559899211,1,Activos de mayor valor
15744,78,1,34.8,-2.2236503099006786,-1.0045379174441456,0,Menor actividad y valor
15745,19,4,1094.59,0.7523557778718234,-0.2789067310916949,1,Activos de mayor valor
15746,134,1,196.88,-1.6176652532079292,-0.042173208424784454,0,Menor actividad y valor
15747,13,3,946.64,0.6179035422286552,-0.643209034416013,1,Activos de mayor valor
15748,40,1,144.36,-1.3086892288148724,-0.9099741832918897,0,Menor actividad y valor
15749,235,3,44534.3,1.3643739790917444,2.5497262926882875,1,Activos de mayor valor
15750,3,8,2463.05,2.2833324347954007,-0.77915474209563,1,Activos de mayor valor
15752,40,7,2626.6,1.3182111209148415,0.6745412061446789,1,Activos de mayor valor
15753,305,1,79.2,-2.3584857201748393,0.14765659533724884,0,Menor actividad y valor
15754,51,3,458.57,-0.22648755110399663,-0.07493560076916829,0,Menor actividad y valor
15755,10,6,2364.25,1.6500946106094978,-0.24890154344741347,1,Activos de mayor valor
15756,61,4,528.01,-0.02504224432082837,0.17317401830487253,0,Menor actividad y valor
15757,66,2,714.42,-0.3737657355766116,0.1368796760272327,0,Menor actividad y valor
15758,25,1,205.25,-0.9688030253380822,-1.0712902688321955,0,Menor actividad y valor
15759,218,3,253.04,-1.0568141744920208,0.6206550381431287,0,Menor actividad y valor
15762,65,2,583.75,-0.46365153927425423,0.053891943869637124,0,Menor actividad y valor
15763,32,2,1086.92,0.0955033204754522,-0.15940688211411372,0,Menor actividad y valor
15764,88,6,3279.97,1.006605647513028,1.1956820930108023,1,Activos de mayor valor
15766,64,1,315.06,-1.1164342529457254,-0.3349626159453599,0,Menor actividad y valor
15768,116,3,621.8299999999999,-0.39212635844584864,0.5498538426040164,0,Menor actividad y valor
15769,7,26,56252.72,4.495832757084224,1.2197520683877767,1,Activos de mayor valor
15773,6,1,635.6800000000001,0.06690733992238511,-1.4926091840709776,0,Menor actividad y valor
15774,69,1,270.8,-1.2162770976618453,-0.3429288012425979,0,Menor actividad y valor
15775,245,1,104.9,-2.1433114491911907,0.11053632939028538,0,Menor actividad y valor
15776,133,1,241.62,-1.5181753011612684,0.027351311312942477,0,Menor actividad y valor
15777,241,4,1047.11,-0.22105094524527197,1.2854898001423647,0,Menor actividad y valor
15780,184,3,475.28000000000003,-0.6943515427800722,0.7426075395179909,0,Menor actividad y valor
15781,25,3,345.46,-0.09566698914811424,-0.6172428941994006,0,Menor actividad y valor
15782,10,3,2614.7400000000002,1.191450208955449,-0.42630362495257873,1,Activos de mayor valor
15783,11,1,246.3,-0.5873805634798838,-1.4953352187092224,0,Menor actividad y valor
15785,33,5,2328.9700000000003,1.072412440428665,0.4020340161998075,1,Activos de mayor valor
15786,46,3,4919.0,0.9362459421983099,0.7244214994224899,1,Activos de mayor valor
15787,26,3,933.26,0.36027262108739677,-0.2320318675624858,1,Activos de mayor valor
15789,358,1,351.3,-1.7177739873600715,0.7879274358628116,0,Menor actividad y valor
15790,10,1,218.75,-0.6101456809547516,-1.5935116199966637,0,Menor actividad y valor
15791,44,2,1612.69,0.1639633676339407,0.1808011404738812,0,Menor actividad y valor
15793,15,3,965.61,0.5762927800140918,-0.551340009434645,1,Activos de mayor valor
15795,150,1,610.01,-1.1258630729439574,0.43945388249666567,0,Menor actividad y valor
15796,1,8,2708.61,2.59315728121798,-1.1839667996736771,1,Activos de mayor valor
15797,113,4,2207.4,0.4198724820188956,1.079735439671916,1,Activos de mayor valor
15799,76,3,884.14,-0.06565791694488633,0.41264272018598547,0,Menor actividad y valor
15800,107,2,696.89,-0.5679093167226144,0.4305098602300273,0,Menor actividad y valor
15801,46,3,1063.95,0.21060743520540798,0.16705027247301085,0,Menor actividad y valor
15802,143,1,451.42,-1.2502158214717622,0.2999188838514935,0,Menor actividad y valor
15803,51,1,415.82000000000005,-0.8999843954298362,-0.37563783144366414,0,Menor actividad y valor
15804,1,13,4206.39,3.2016008484508016,-0.8546933876245915,1,Activos de mayor valor
15805,23,17,5488.18,2.6058712952320557,0.9135660267096606,1,Activos de mayor valor
15806,46,3,784.58,0.06634047121097118,0.05623716931634204,0,Menor actividad y valor
15807,50,3,903.9,0.10218623810281725,0.15951507289370256,0,Menor actividad y valor
15808,306,4,3651.27,0.2799849010843825,1.8909677105284286,0,Menor actividad y valor
15809,36,5,515.77,0.3260273605961912,-0.09285834970038392,1,Activos de mayor valor
15810,79,4,1391.98,0.33666365159078326,0.6873795209630752,1,Activos de mayor valor
15811,22,6,2218.62,1.3382017853506882,0.1955445477609577,1,Activos de mayor valor
15812,107,5,1801.14,0.5091090022935416,1.0411615454623486,1,Activos de mayor valor
15813,208,2,1303.9099999999999,-0.523365797489964,1.0769654488002454,0,Menor actividad y valor
15814,17,4,1945.33,1.0650779698144255,-0.136407624708013,1,Activos de mayor valor
15815,64,5,2100.6,0.7759553220240808,0.775271410993404,1,Activos de mayor valor
15819,49,4,1905.45,0.6649929456707374,0.5037137648158847,1,Activos de mayor valor
15820,320,1,206.98,-1.9249350651603137,0.5250512273138923,0,Menor actividad y valor
15821,44,2,570.96,-0.3278353783447767,-0.19695509464423985,0,Menor actividad y valor
15822,3,2,885.47,0.8045050541026941,-1.5717269230563105,1,Activos de mayor valor
15823,372,1,15.0,-3.198426614570447,-0.3139019199599103,0,Menor actividad y valor
15825,172,1,532.94,-1.2417496168283029,0.47657100482586123,0,Menor actividad y valor
15826,56,3,1654.31,0.34604988548673954,0.44997494380705527,1,Activos de mayor valor
15827,73,14,1836.0900000000001,1.4917527670444253,1.158986778898148,1,Activos de mayor valor
15829,99,2,636.14,-0.5816926883479959,0.348552648833644,0,Menor actividad y valor
15830,38,1,576.0,-0.6359008187801342,-0.43957502910569296,0,Menor actividad y valor
15831,58,3,794.64,-0.014488590689424053,0.2050220775113821,0,Menor actividad y valor
15832,254,1,836.79,-1.1763546346680263,0.8865885588464043,0,Menor actividad y valor
15834,70,4,2225.15,0.604551418698318,0.7824706111115962,1,Activos de mayor valor
15835,44,4,954.09,0.3775076500628049,0.18518664321360045,1,Activos de mayor valor
15836,50,1,137.37,-1.415429068771257,-0.7895641921128754,0,Menor actividad y valor
15837,65,1,391.98,-1.018982679361725,-0.24595061412955108,0,Menor actividad y valor
15838,11,19,33643.08,3.825660388274022,1.174781237131212,1,Activos de mayor valor
15839,33,3,1048.49,0.3273596297303238,-0.0435359243848258,1,Activos de mayor valor
15840,59,2,355.56,-0.6617994027113239,-0.18669386719102218,0,Menor actividad y valor
15841,73,4,1224.06,0.30553690831672736,0.591172850766499,1,Activos de mayor valor
15843,304,1,118.95000000000002,-2.1663632971052214,0.2921924954972789,0,Menor actividad y valor
15844,46,1,130.73999999999998,-1.4075097235660567,-0.859225613113808,0,Menor actividad y valor
15845,18,8,3711.77,1.882514753740897,0.3579225787500197,1,Activos de mayor valor
15847,38,2,389.27,-0.454407740429926,-0.42688175707039216,0,Menor actividad y valor
15850,19,2,234.88,-0.4380429775183531,-1.0336253141441702,0,Menor actividad y valor
15852,187,2,160.71,-1.4729921434194977,0.2493470804291552,0,Menor actividad y valor
15853,52,1,110.8,-1.531222415323892,-0.8428345665987476,0,Menor actividad y valor
15854,4,12,2969.12,2.619402207461721,-0.42900213018778494,1,Activos de mayor valor
15855,137,5,712.24,-0.02402783891928433,0.8589680742502582,0,Menor actividad y valor
15856,4,27,16143.64,4.116400036713746,0.4810808154355673,1,Activos de mayor valor
15857,19,1,297.0,-0.6940890392902936,-1.103583584442472,0,Menor actividad y valor
15858,16,5,1427.57,1.1052451761846787,-0.2155388459520518,1,Activos de mayor valor
15860,41,8,965.16,0.94119209740451,0.3704866417640489,1,Activos de mayor valor
15861,12,8,3146.92,1.9492261468152308,0.05724355325826324,1,Activos de mayor valor
15862,8,4,832.88,0.9279591893632319,-0.8845221879926953,1,Activos de mayor valor
15863,26,2,68.84,-1.1297847869787943,-1.2866572305029114,0,Menor actividad y valor
15864,22,6,1936.3200000000002,1.273702198249983,0.14600167806260722,1,Activos de mayor valor
15865,41,3,895.13,0.1717356712279448,0.032885640173454536,0,Menor actividad y valor
15866,101,1,211.89,-1.4759226668261016,-0.19323795429173257,0,Menor actividad y valor
15867,5,15,3810.14,2.85585979865819,-0.14319019091570484,1,Activos de mayor valor
15869,277,2,149.64,-1.6560449855557076,0.4715032287970892,0,Menor actividad y valor
15870,33,1,351.44,-0.8172308760661268,-0.7060905782309127,0,Menor actividad y valor
15872,15,2,316.25,-0.21227857088423266,-1.067145918054917,0,Menor actividad y valor
15874,64,7,4405.88,1.387364611607761,1.1549971164102262,1,Activos de mayor valor
15877,2,2,490.33,0.6345850023592403,-1.9690272657648649,1,Activos de mayor valor
15880,369,1,329.03000000000003,-1.7602650560455042,0.7832776440133815,0,Menor actividad y valor
15881,312,5,501.39000000000004,-0.5030285854762304,1.2504973434722486,0,Menor actividad y valor
15882,199,4,516.36,-0.48299047946662854,0.9075187044890743,0,Menor actividad y valor
15883,2,2,396.48,0.5340775935302434,-2.0462281546877548,1,Activos de mayor valor
15885,93,3,379.35,-0.5423598166721999,0.23147958594149165,0,Menor actividad y valor
15886,60,1,181.09,-1.3536363321460407,-0.5760595850138034,0,Menor actividad y valor
15888,81,1,168.31,-1.5011528430848098,-0.4150156225571948,0,Menor actividad y valor
15889,157,2,420.07,-0.9528187094883492,0.48768077961004047,0,Menor actividad y valor
15891,227,1,511.68,-1.3664674076742478,0.6367733597016192,0,Menor actividad y valor
15894,253,2,258.25,-1.3641365551917894,0.6119936580770124,0,Menor actividad y valor
15895,150,1,179.17,-1.7049077570140572,-0.005316954371122192,0,Menor actividad y valor
15897,194,2,208.59,-1.3639854755776524,0.3669781404311408,0,Menor actividad y valor
15898,1,5,1383.83,1.9080015718766026,-1.5835290924387402,1,Activos de mayor valor
15899,369,1,56.25,-2.5908698618714125,0.1452806037903649,0,Menor actividad y valor
15900,24,1,337.28,-0.7192157663813594,-0.9159508867804733,0,Menor actividad y valor
15901,17,3,351.73,0.053307368906389895,-0.8438246363270808,0,Menor actividad y valor
15903,10,7,5126.76,2.1378165033028567,0.08399274755683887,1,Activos de mayor valor
15904,8,1,164.68,-0.6674067303500478,-1.8235870414946587,0,Menor actividad y valor
15906,20,7,1567.69,1.3292030782488728,0.06253912738762238,1,Activos de mayor valor
15907,4,3,882.72,0.9781037281690362,-1.3213557291977458,1,Activos de mayor valor
15909,174,1,191.94,-1.7287853879740702,0.11313261140822474,0,Menor actividad y valor
15910,1,8,1228.88,2.218627443236604,-1.4716474468735523,1,Activos de mayor valor
15912,178,2,264.62,-1.218947352076639,0.39898941647344255,0,Menor actividad y valor
15916,16,8,1502.8600000000001,1.4964879130338304,-0.041734465033807164,1,Activos de mayor valor
15917,248,1,123.1,-2.072744297872992,0.17598054355879417,0,Menor actividad y valor
15918,191,2,334.23,-1.1353692901024828,0.5282029915672655,0,Menor actividad y valor
15919,20,2,525.69,-0.07579680696330783,-0.7101341910358994,0,Menor actividad y valor
15920,154,4,167.5,-0.9175313758988157,0.33736780586056636,0,Menor actividad y valor
15921,173,1,323.03000000000003,-1.480767086893624,0.29832394391842537,0,Menor actividad y valor
15922,373,1,369.5,-1.7095270819117123,0.832221694425545,0,Menor actividad y valor
15923,373,1,127.08,-2.2131743465398377,0.4453644767747832,0,Menor actividad y valor
15925,194,1,207.15,-1.734143973033621,0.20936880465813662,0,Menor actividad y valor
15930,67,1,426.63,-0.9903204891430881,-0.1962506258503974,0,Menor actividad y valor
15932,4,8,2495.87,2.2043658851887,-0.6328770271765403,1,Activos de mayor valor
15933,21,3,1107.46,0.5195710832470518,-0.29958959541898245,1,Activos de mayor valor
15935,239,2,416.86,-1.1161391836364405,0.7499066798190197,0,Menor actividad y valor
15937,64,1,145.35,-1.4815013430221227,-0.6153748183765464,0,Menor actividad y valor
15938,112,5,404.58,-0.21534020866247924,0.5266726627234087,0,Menor actividad y valor
15939,90,15,6115.01,2.041435853784199,1.7528068311323224,1,Activos de mayor valor
15940,311,1,35.8,-2.7352827419820898,-0.12375808304807645,0,Menor actividad y valor
15942,134,1,337.44,-1.3631925850648536,0.15329015508357072,0,Menor actividad y valor
15944,277,1,325.1,-1.6567388797137974,0.5976838755980881,0,Menor actividad y valor
15945,365,1,181.0,-2.0383192854932286,0.5596209915866437,0,Menor actividad y valor
15947,83,1,1708.24,-0.4140759117271625,0.4423275220471052,0,Menor actividad y valor
15948,8,2,955.24,0.5306541355350628,-1.0300564385358648,1,Activos de mayor valor
15949,17,2,364.72,-0.18985701045920383,-0.940697219358319,0,Menor actividad y valor
15950,32,4,1744.71,0.7819546710656656,0.20822394219279539,1,Activos de mayor valor
15951,9,2,708.22,0.3487084867627494,-1.0721045881131042,1,Activos de mayor valor
15952,34,4,781.91,0.3792529051038548,-0.04652997524234023,1,Activos de mayor valor
15953,15,8,1657.28,1.5659931045817264,-0.044567153413277494,1,Activos de mayor valor
15955,24,14,4416.26,2.3222870192468354,0.7905761898233797,1,Activos de mayor valor
15957,32,1,428.89,-0.7116365917929406,-0.6526666347006551,0,Menor actividad y valor
15958,74,1,104.35,-1.692026615446819,-0.6443767000365442,0,Menor actividad y valor
15963,20,2,470.76,-0.12802113400902193,-0.7502482932528662,0,Menor actividad y valor
15965,17,4,808.87,0.6493255328020302,-0.4557518211525128,1,Activos de mayor valor
15967,23,2,397.68,-0.2588355938347085,-0.7268976474738138,0,Menor actividad y valor
15969,3,3,666.1,0.9300114286529385,-1.5652287976542905,1,Activos de mayor valor
15970,304,1,314.1,-1.7084167178113843,0.6439464946560082,0,Menor actividad y valor
15971,18,12,4199.85,2.2738168631567786,0.5435669557024487,1,Activos de mayor valor
15973,367,1,307.82000000000005,-1.7896903729651983,0.7556494065393299,0,Menor actividad y valor
15974,39,7,3442.15,1.4558154210856433,0.7573378747268806,1,Activos de mayor valor
15975,84,1,371.01,-1.1416285777266253,-0.10553927345253906,0,Menor actividad y valor
15976,165,2,427.64,-0.963237990199026,0.5254821269252249,0,Menor actividad y valor
15977,17,2,1054.73,0.3128046556533538,-0.5545970511868877,1,Activos de mayor valor
15978,77,1,1098.78,-0.5948403346760711,0.23475605938029,0,Menor actividad y valor
15980,89,3,2398.86,0.3476809412966769,0.8748040144904285,1,Activos de mayor valor
15981,25,8,3408.48,1.7222913948117298,0.5257244392999187,1,Activos de mayor valor
15983,22,4,1465.12,0.8371010386647967,-0.08420428283948131,1,Activos de mayor valor
15984,3,10,2780.63,2.522393744126645,-0.6582414765204614,1,Activos de mayor valor
15985,123,2,1142.42,-0.3865835477726518,0.6979023745612924,0,Menor actividad y valor
15986,30,1,168.12,-1.1301035425105412,-1.0320743157106806,0,Menor actividad y valor
15987,12,7,1432.77,1.4697565504466208,-0.274233641045359,1,Activos de mayor valor
15988,19,1,156.78,-0.9956006847755148,-1.3351781238228055,0,Menor actividad y valor
15990,44,2,792.11,-0.17283730835052452,-0.07789930637645615,0,Menor actividad y valor
15992,4,1,41.989999999999995,-1.0825522467395046,-2.6875507350435788,0,Menor actividad y valor
15993,9,7,2777.67,1.8837113404480297,-0.19957450444540475,1,Activos de mayor valor
15994,55,1,414.27,-0.9300599891170518,-0.33001499420126346,0,Menor actividad y valor
15996,88,6,1032.58,0.45890353239055404,0.7749858414106588,1,Activos de mayor valor
15998,37,5,3080.22,1.1624368332830262,0.5743281982421673,1,Activos de mayor valor
16000,3,3,12393.7,2.3155339340550256,-0.5009931329810651,1,Activos de mayor valor
16003,30,5,2735.37,1.1839320931364783,0.4020308673385623,1,Activos de mayor valor
16005,12,4,578.71,0.6151043379840438,-0.7838189249661233,1,Activos de mayor valor
16006,211,1,101.4,-2.1024267325288033,0.004000995028857194,0,Menor actividad y valor
16007,48,4,1693.81,0.6169153957606194,0.4480498098760687,1,Activos de mayor valor
16008,24,3,478.78,0.07368146792819107,-0.5235358525238512,0,Menor actividad y valor
16009,22,4,972.11,0.6427552931926336,-0.23348347015153273,1,Activos de mayor valor
16010,246,3,392.4,-0.8954099755700987,0.8562074038209089,0,Menor actividad y valor
16011,8,16,3352.96,2.695239053829376,0.09049837200759589,1,Activos de mayor valor
16012,35,3,1415.29,0.4476469312390234,0.10186414802297436,1,Activos de mayor valor
16013,4,47,37130.6,4.9990317231699395,0.9905961956660937,1,Activos de mayor valor
16014,38,3,646.83,0.04620159521285863,-0.13226276205942641,0,Menor actividad y valor
16015,4,3,704.55,0.8713416155615779,-1.4033609275469006,1,Activos de mayor valor
16016,3,8,1465.51,2.037283201033676,-0.9681479694259616,1,Activos de mayor valor
16017,47,1,211.88,-1.1880056165884254,-0.6710980604330588,0,Menor actividad y valor
16018,39,2,408.90000000000003,-0.4408101833657409,-0.39295877499947585,0,Menor actividad y valor
16019,47,9,3786.2400000000002,1.6332465187069454,0.9929656103273315,1,Activos de mayor valor
16020,17,3,851.01,0.4714629619322108,-0.5226345482949022,1,Activos de mayor valor
16022,260,1,602.63,-1.3406697680214583,0.7819435468014276,0,Menor actividad y valor
16023,46,3,719.81,0.025540941171171432,0.024898584197033096,0,Menor actividad y valor
16024,12,1,251.03,-0.608973388772756,-1.4376930758445385,0,Menor actividad y valor
16025,30,1,439.65999999999997,-0.6760213208572352,-0.6832885738022455,0,Menor actividad y valor
16026,43,1,236.09,-1.1036955852367576,-0.6870288166753312,0,Menor actividad y valor
16027,92,6,934.62,0.39489596510856634,0.7665902286129462,1,Activos de mayor valor
16029,39,63,80850.84,4.833965621016264,2.7022784669045596,1,Activos de mayor valor
16030,310,1,331.24,-1.6907436141548944,0.6755872954215608,0,Menor actividad y valor
16031,92,2,547.9,-0.6246546847767016,0.24825440470289015,0,Menor actividad y valor
16033,6,20,8778.82,3.438732622941938,0.36248999887147837,1,Activos de mayor valor
16034,196,3,437.7,-0.7573302132465763,0.7525150902076562,0,Menor actividad y valor
16036,87,2,758.92,-0.44930312367695513,0.33169593559668537,0,Menor actividad y valor
16037,270,3,855.02,-0.562192613984964,1.198149351247109,0,Menor actividad y valor
16038,8,3,471.78000000000003,0.45698130202798976,-1.176550138275256,1,Activos de mayor valor
16040,65,3,1313.55,0.18075768682416776,0.45896527751624994,0,Menor actividad y valor
16041,31,3,3166.4,0.8742735356726503,0.3203344747015406,1,Activos de mayor valor
16042,22,5,1177.47,0.898519950854999,-0.09400580411152479,1,Activos de mayor valor
16043,38,4,773.99,0.3330944979654355,0.018367408569718073,1,Activos de mayor valor
16045,120,4,1340.7,0.16082209864437724,0.9360187861207504,0,Menor actividad y valor
16048,373,2,256.44,-1.5152618185930506,0.8547254276451534,0,Menor actividad y valor
16049,40,3,1074.81,0.2675898069443039,0.08416536204851668,0,Menor actividad y valor
16050,174,1,137.9,-1.8846047632415481,-0.0065540308225533195,0,Menor actividad y valor
16052,54,1,362.06,-0.9868848767981047,-0.39037235328305525,0,Menor actividad y valor
16053,33,2,1511.95,0.24047309798230995,-0.02036970733556283,0,Menor actividad y valor
16054,145,1,783.9,-0.9942510335359372,0.509319639168394,0,Menor actividad y valor
16055,221,1,134.8,-1.9861809875072356,0.13603340260411906,0,Menor actividad y valor
16056,45,1,650.75,-0.641199899021082,-0.290558124721608,0,Menor actividad y valor
16057,16,7,2263.12,1.5839118773151253,0.06222576081630452,1,Activos de mayor valor
16059,66,6,1453.16,0.729246143204627,0.719323023317265,1,Activos de mayor valor
16062,10,4,1153.62,1.0056111742920848,-0.6387842559643745,1,Activos de mayor valor
16063,260,1,335.32,-1.6180025671934917,0.5689210554945243,0,Menor actividad y valor
16065,365,1,367.14,-1.704297266204685,0.8161871204853397,0,Menor actividad y valor
16066,17,5,1521.04,1.1134616158780095,-0.15622168280740167,1,Activos de mayor valor
16070,22,2,852.15,0.11814840172422966,-0.4767997164883119,0,Menor actividad y valor
16071,45,1,326.24,-0.9678775297064021,-0.5414829448315293,0,Menor actividad y valor
16072,288,1,584.3199999999999,-1.3942030452541938,0.8353271120029486,0,Menor actividad y valor
16073,297,1,122.39999999999999,-2.1440487436950804,0.2878010097810995,0,Menor actividad y valor
16076,3,10,2234.73,2.4188053157577953,-0.7378089317496235,1,Activos de mayor valor
16078,284,1,79.2,-2.331327220083245,0.10258633897621093,0,Menor actividad y valor
16079,17,3,1352.0,0.6907510716999232,-0.35419684602470336,1,Activos de mayor valor
16080,82,2,217.16,-1.018696442547315,-0.15990820545221057,0,Menor actividad y valor
16081,56,5,2799.42,0.9622414605256959,0.796565097164934,1,Activos de mayor valor
16083,101,2,1317.62,-0.244379446835013,0.6260108273598416,0,Menor actividad y valor
16084,299,1,436.18,-1.546837967516126,0.7527284822184473,0,Menor actividad y valor
16085,23,5,981.51,0.7960315062089468,-0.13326056659083121,1,Activos de mayor valor
16086,59,5,1121.39,0.509122798508603,0.4960864627243565,1,Activos de mayor valor
16091,155,2,315.06,-1.083972020062577,0.3751268507095268,0,Menor actividad y valor
16092,115,3,817.86,-0.2590996856255327,0.6440729899273666,0,Menor actividad y valor
16093,107,1,17.0,-2.6691127813339244,-1.0567348903536344,0,Menor actividad y valor
16094,12,4,1078.23,0.909780222908509,-0.5574750113645546,1,Activos de mayor valor
16096,264,1,320.62,-1.6450036672271147,0.5622857008991209,0,Menor actividad y valor
16097,240,1,185.04999999999998,-1.868271035666843,0.3027551895668042,0,Menor actividad y valor
16098,88,7,2005.63,0.8942990410208084,1.0676876390369825,1,Activos de mayor valor
16099,50,3,731.9,0.0022270517285939797,0.08273527990124294,0,Menor actividad y valor
16101,71,1,1290.7,-0.48799672301723357,0.24259601943227346,0,Menor actividad y valor
16102,42,3,1842.14,0.5046798099995621,0.310444912205103,1,Activos de mayor valor
16103,7,6,1429.64,1.5333559843490348,-0.6338888131993415,1,Activos de mayor valor
16104,62,1,298.21,-1.1304731203191394,-0.3747281678173899,0,Menor actividad y valor
16105,249,1,336.96,-1.5992474186072267,0.5433957561179344,0,Menor actividad y valor
16106,66,1,108.38,-1.6311392013144865,-0.7022096124683835,0,Menor actividad y valor
16107,18,7,3204.1600000000003,1.7062289276098552,0.25932430195143996,1,Activos de mayor valor
16108,85,1,842.5,-0.7579341301198214,0.200027171719101,0,Menor actividad y valor
16109,219,2,611.88,-0.9012886642763904,0.8342455637166234,0,Menor actividad y valor
16110,45,3,1320.95,0.32132574433263433,0.23215042836471372,1,Activos de mayor valor
16112,143,4,195.73999999999998,-0.8159426801826377,0.34713510986767565,0,Menor actividad y valor
16113,183,1,161.38,-1.8297058861083908,0.08212097218618879,0,Menor actividad y valor
16114,171,1,135.75000000000003,-1.8853961817775964,-0.02319724876966658,0,Menor actividad y valor
16115,10,8,1660.8799999999999,1.7101534939498904,-0.2813089757195827,1,Activos de mayor valor
16116,212,1,612.78,-1.2551303798809947,0.659183024843407,0,Menor actividad y valor
16117,190,1,232.21,-1.6723244572004388,0.23763264335266093,0,Menor actividad y valor
16119,8,2,423.36,0.14543746352809334,-1.32594576503769,0,Menor actividad y valor
16120,59,4,1309.14,0.4174865181828258,0.48267767832683856,1,Activos de mayor valor
16121,57,2,854.66,-0.2337872547313459,0.11062845037953714,0,Menor actividad y valor
16122,73,4,684.4200000000001,0.030188463171160862,0.3796745644566781,0,Menor actividad y valor
16123,52,1,307.78,-1.0495194907994667,-0.47283304727480463,0,Menor actividad y valor
16124,317,1,249.0,-1.8340945729094174,0.5861192440506156,0,Menor actividad y valor
16125,367,1,289.35,-1.8189322532821908,0.73318838420724,0,Menor actividad y valor
16126,29,4,6287.77,1.426042703010886,0.6145691441175206,1,Activos de mayor valor
16127,39,1,656.25,-0.5838265922214042,-0.3760976776367454,0,Menor actividad y valor
16128,18,5,1880.22,1.193266891533971,-0.04478294338001697,1,Activos de mayor valor
16131,52,6,3506.54,1.2362743239635334,0.8914049823680498,1,Activos de mayor valor
16133,4,33,14589.04,4.244076454907706,0.5184740044867375,1,Activos de mayor valor
16134,22,2,618.09,-0.03390604283327085,-0.5935944724300121,0,Menor actividad y valor
16135,263,1,517.55,-1.4170715772016071,0.7338568787909775,0,Menor actividad y valor
16136,60,3,709.38,-0.08096704441797681,0.18487384441194887,0,Menor actividad y valor
16139,19,3,635.41,0.29287807980320935,-0.5621012546198585,1,Activos de mayor valor
16140,66,2,725.18,-0.36668747730861356,0.14231656706523538,0,Menor actividad y valor
16141,88,1,620.4,-0.9159272691331405,0.1104689091209707,0,Menor actividad y valor
16142,250,1,535.34,-1.3817880071317639,0.7141308269179246,0,Menor actividad y valor
16143,3,6,2424.94,2.0485370372372325,-0.8809644225922428,1,Activos de mayor valor
16144,247,1,175.2,-1.905000374037351,0.30109476024222914,0,Menor actividad y valor
16145,9,11,3799.4900000000002,2.3990863040325836,0.06957725792066481,1,Activos de mayor valor
16146,157,3,734.13,-0.42828407480910946,0.8006770701346422,0,Menor actividad y valor
16147,134,1,375.0,-1.3132913543242173,0.19161986048944654,0,Menor actividad y valor
16148,296,1,76.32000000000001,-2.3644222246876536,0.11541246586803428,0,Menor actividad y valor
16149,5,2,280.52,0.10574100283006295,-1.7324463217730406,0,Menor actividad y valor
16150,43,5,2053.02,0.914151824821488,0.5195708066310368,1,Activos de mayor valor
16152,269,1,1829.04,-0.827719143322975,1.2073854845279042,0,Menor actividad y valor
16153,50,5,1824.23,0.8017607906049297,0.5701526438120647,1,Activos de mayor valor
16156,9,9,3092.04,2.1364461811956272,-0.07518153146558199,1,Activos de mayor valor
16157,16,3,656.69,0.3705552878758337,-0.6531489074628033,1,Activos de mayor valor
16159,282,1,348.2,-1.6310967357031552,0.6339106921413916,0,Menor actividad y valor
16160,65,2,1025.44,-0.1968596740860784,0.25881782336341674,0,Menor actividad y valor
16161,2,19,5533.67,3.4994636623785813,-0.3613583176532476,1,Activos de mayor valor
16162,252,1,37.4,-2.635030849809636,-0.24113933520903444,0,Menor actividad y valor
16163,232,2,856.6,-0.7639181216510648,0.9930016192528295,0,Menor actividad y valor
16164,17,3,822.48,0.4553136972269638,-0.5350389830049574,1,Activos de mayor valor
16168,11,27,3787.6,3.0946408367837717,0.5081243909026621,1,Activos de mayor valor
16169,8,4,1822.97,1.2990718387623104,-0.599466322381005,1,Activos de mayor valor
16170,51,6,1885.05,0.9493702482301429,0.6533662849734633,1,Activos de mayor valor
16171,59,1,73.2,-1.7729891229164145,-0.9134977507329629,0,Menor actividad y valor
16172,95,5,1140.21,0.3374669711095441,0.8000948984741517,1,Activos de mayor valor
16173,16,6,1418.32,1.2416499633758247,-0.15893905876535727,1,Activos de mayor valor
16174,126,3,1009.5500000000001,-0.1939751145023567,0.7781112124000998,0,Menor actividad y valor
16175,94,4,1037.59,0.13181398504688863,0.689397989364561,0,Menor actividad y valor
16177,50,1,331.95,-0.9990915305122064,-0.4697705727165957,0,Menor actividad y valor
16178,138,1,197.9,-1.6263814488308013,-0.02179029650473468,0,Menor actividad y valor
16179,61,1,215.83,-1.2770542998106147,-0.5021568095964273,0,Menor actividad y valor
16180,100,8,10254.18,1.726062026476828,1.7870608532129795,1,Activos de mayor valor
16181,73,1,305.54,-1.1804724090216194,-0.26389394715634007,0,Menor actividad y valor
16182,72,4,6617.65,1.110588010794122,1.1969245583645398,1,Activos de mayor valor
16183,67,1,338.71000000000004,-1.0994549885280198,-0.28007808158558706,0,Menor actividad y valor
16184,64,6,1158.79,0.6335737363331885,0.6177322003008466,1,Activos de mayor valor
16185,17,2,529.41,-0.013574376137039393,-0.8052925140744078,0,Menor actividad y valor
16186,23,12,4006.94,2.162286644552167,0.6745427349587659,1,Activos de mayor valor
16187,32,15,6911.4400000000005,2.486958963361323,1.1543559835836465,1,Activos de mayor valor
16188,45,4,981.86,0.3827015771545429,0.20955836126256092,1,Activos de mayor valor
16189,16,2,215.48,-0.4166554892766845,-1.1679097438456634,0,Menor actividad y valor
16190,40,1,215.08,-1.1207172345110266,-0.7655907470662543,0,Menor actividad y valor
16191,3,13,5180.52,3.0355657245535665,-0.3394348015143145,1,Activos de mayor valor
16193,237,1,314.45,-1.6131391318475683,0.4871086559148535,0,Menor actividad y valor
16198,75,1,400.68100000000004,-1.0624906423864735,-0.14853992758379472,0,Menor actividad y valor
16200,4,2,1068.8700000000001,0.8084273119664894,-1.3617813681935202,1,Activos de mayor valor
16201,3,4,1863.47,1.6192586751536187,-1.1055456590773924,1,Activos de mayor valor
16202,361,1,365.27,-1.7025140971361867,0.8073659990414631,0,Menor actividad y valor
16203,59,4,592.9,0.04234491699661272,0.19452712882051654,0,Menor actividad y valor
16204,23,1,384.18,-0.6420590043131496,-0.8945422921935564,0,Menor actividad y valor
16205,31,4,757.63,0.3985469770345241,-0.1148120751638973,1,Activos de mayor valor
16206,55,4,537.0600000000001,0.021881520436128697,0.11482821934618272,0,Menor actividad y valor
16207,25,1,394.38,-0.6602423587002832,-0.8342812957762198,0,Menor actividad y valor
16208,45,2,664.26,-0.2645821600299115,-0.12798737173473784,0,Menor actividad y valor
16209,89,5,2262.62,0.686858414044494,1.0086164712564267,1,Activos de mayor valor
16210,2,18,21086.3,4.087299340374123,0.10619486885267225,1,Activos de mayor valor
16211,89,1,547.02,-0.9797793592651839,0.07178498217194458,0,Menor actividad y valor
16212,19,2,690.34,0.07182054524213015,-0.6419933176071203,0,Menor actividad y valor
16213,79,1,159.0,-1.5185373858595266,-0.45126765484123477,0,Menor actividad y valor
16214,171,3,1062.75,-0.28551106615897087,0.9890743961877427,0,Menor actividad y valor
16215,81,1,242.35,-1.329143723954785,-0.2828934531132035,0,Menor actividad y valor
16216,267,1,914.9300000000001,-1.1530672652594611,0.9505870262691553,0,Menor actividad y valor
16217,235,2,304.25,-1.2586110147642648,0.6248863084849924,0,Menor actividad y valor
16218,30,7,3084.68,1.501209334123311,0.5558303860498703,1,Activos de mayor valor
16221,37,3,860.86,0.1914787720601279,-0.04476214602252249,0,Menor actividad y valor
16222,318,1,773.5500000000001,-1.2991087352896573,0.9999596061424673,0,Menor actividad y valor
16224,57,4,1295.3,0.4254013353108267,0.457318436858445,1,Activos de mayor valor
16225,45,5,1096.32,0.5999099416418833,0.31942049804593614,1,Activos de mayor valor
16226,203,3,255.12,-1.0258443228074847,0.5786460355221539,0,Menor actividad y valor
16227,225,1,314.22,-1.5937220485896202,0.4540459106880756,0,Menor actividad y valor
16229,87,2,1010.6,-0.31365890611670616,0.43588580871059607,0,Menor actividad y valor
16230,190,2,542.03,-0.904666672951703,0.7005657223616271,0,Menor actividad y valor
16232,44,4,990.88,0.39542909688714656,0.19895231125482374,1,Activos de mayor valor
16233,71,3,536.6800000000001,-0.27636896098775837,0.188531331580941,0,Menor actividad y valor
16235,41,5,867.31,0.5236719126534598,0.1764982529175625,1,Activos de mayor valor
16236,78,1,432.2,-1.0414611937947102,-0.09648495197941576,0,Menor actividad y valor
16239,57,2,414.2,-0.5766551939035219,-0.15273233063797922,0,Menor actividad y valor
16240,24,2,3718.8,0.7844860178839528,0.11234599724229537,1,Activos de mayor valor
16241,10,13,2590.31,2.3205772570496874,0.04948544739677713,1,Activos de mayor valor
16242,8,7,3579.86,2.044219205453705,-0.1739929614855638,1,Activos de mayor valor
16243,34,2,409.1,-0.38957016267068834,-0.47743145653688146,0,Menor actividad y valor
16244,212,2,1522.75,-0.45709444886445755,1.1454499054260905,0,Menor actividad y valor
16245,24,3,1413.66,0.5863938552056344,-0.12971561060576275,1,Activos de mayor valor
16247,170,1,114.56,-1.962999776609987,-0.08821277748138726,0,Menor actividad y valor
16248,62,1,152.94,-1.4455887264610447,-0.6167720647904053,0,Menor actividad y valor
16249,53,5,1800.07,0.7736082328798844,0.6015343645585336,1,Activos de mayor valor
16250,261,2,389.44,-1.181824492612554,0.7807870696647392,0,Menor actividad y valor
16253,67,2,3683.86,0.3977718564446713,0.7432453275965101,1,Activos de mayor valor
16255,17,8,2619.91,1.7380405010703528,0.19681085929631684,1,Activos de mayor valor
16256,267,1,752.4300000000001,-1.245671661254399,0.8794565317884938,0,Menor actividad y valor
16257,177,1,46.95,-2.3954074977318163,-0.38314469454821504,0,Menor actividad y valor
16258,45,5,5203.51,1.3380064275207688,0.8863608408982725,1,Activos de mayor valor
16260,51,1,1035.45,-0.46807504540710804,-0.043883325538598056,0,Menor actividad y valor
16261,17,4,728.54,0.5997954600851796,-0.4937964358401923,1,Activos de mayor valor
16265,9,9,5447.0,2.4048628658492133,0.1309923904215927,1,Activos de mayor valor
16266,74,7,861.89,0.5595257185448714,0.6518295905183674,1,Activos de mayor valor
16268,71,2,667.65,-0.4333166653839507,0.15788276153702607,0,Menor actividad y valor
16270,353,1,1141.24,-1.1546844348188963,1.2074363884130153,0,Menor actividad y valor
16271,3,5,1404.64,1.6502929182932515,-1.1386859917630583,1,Activos de mayor valor
16272,117,1,411.7,-1.2177192267743486,0.1402173312518901,0,Menor actividad y valor
16274,373,1,351.75,-1.7328052056938028,0.8143415016181469,0,Menor actividad y valor
16275,197,1,559.87,-1.2699788188360275,0.5800576970963368,0,Menor actividad y valor
16276,177,1,810.6000000000001,-1.0540931108626592,0.6471342092442532,0,Menor actividad y valor
16278,100,1,566.38,-1.0073663811683082,0.1575289256602541,0,Menor actividad y valor
16279,21,3,1502.78,0.6641933999917078,-0.18850354175530387,1,Activos de mayor valor
16281,72,1,2062.06,-0.27125134795089173,0.42187189567971745,0,Menor actividad y valor
16282,340,1,168.3,-2.045590356638485,0.48842498579350485,0,Menor actividad y valor
16283,6,5,1570.81,1.4895006268151083,-0.7432310529789814,1,Activos de mayor valor
16284,31,2,812.68,-0.03046316492594492,-0.2846993661018956,0,Menor actividad y valor
16287,170,1,142.5,-1.8603236854379823,-0.009346098875704268,0,Menor actividad y valor
16292,122,1,302.25,-1.3796894250023137,0.05429106825470721,0,Menor actividad y valor
16293,22,10,2248.9900000000002,1.7536291339311973,0.3733872362159495,1,Activos de mayor valor
16295,10,4,1328.55,1.0724999450754145,-0.587406226985254,1,Activos de mayor valor
16297,269,1,301.9,-1.6805781882917215,0.5522947089858047,0,Menor actividad y valor
16298,23,3,598.2,0.19466488544543936,-0.46846350320876695,0,Menor actividad y valor
16302,127,1,233.22,-1.5173833001532455,-0.014521950646700888,0,Menor actividad y valor
16303,26,3,5360.63,1.188749712280438,0.4043308507439145,1,Activos de mayor valor
16305,139,1,361.21999999999997,-1.3448874486871372,0.20107618045297337,0,Menor actividad y valor
16306,214,6,632.27,-0.11030194190867869,1.155699426930773,0,Menor actividad y valor
16308,38,4,2560.0,0.8998540410595388,0.45370188830781805,1,Activos de mayor valor
16309,106,2,706.57,-0.5578242965546835,0.4296296784385775,0,Menor actividad y valor
16311,18,2,616.26,0.03767301961939151,-0.7157894084444076,0,Menor actividad y valor
16313,3,2,274.15000000000003,0.24977582362280318,-1.99782078224058,0,Menor actividad y valor
16315,331,1,226.37,-1.8955413731762762,0.5788749441826301,0,Menor actividad y valor
16316,64,8,2938.91,1.3020094064920478,1.0526259281087993,1,Activos de mayor valor
16317,120,3,1341.65,-0.04075617639149714,0.850919755679101,0,Menor actividad y valor
16318,35,1,328.15,-0.8714817842568657,-0.6947552986259196,0,Menor actividad y valor
16319,218,1,404.40000000000003,-1.4624039792979546,0.5257352651064179,0,Menor actividad y valor
16320,172,2,1038.46,-0.5589903708808401,0.8742925466807485,0,Menor actividad y valor
16321,72,5,373.65000000000003,-0.08604725019813615,0.2207972546013535,0,Menor actividad y valor
16322,1,2,326.75,0.597502931773762,-2.373519679587848,1,Activos de mayor valor
16323,196,1,207.50000000000003,-1.7372453322697705,0.21644948220142549,0,Menor actividad y valor
16324,128,3,408.59000000000003,-0.6281506899993924,0.45910617699504047,0,Menor actividad y valor
16325,47,3,594.24,-0.0732599585658348,-0.031467575111009984,0,Menor actividad y valor
16326,6,14,3039.2200000000003,2.6314177258371183,-0.15246541887051057,1,Activos de mayor valor
16327,14,6,3820.27,1.7590680439424775,0.12242527388802622,1,Activos de mayor valor
16330,18,3,251.91,-0.1250831509125366,-0.930709037044797,0,Menor actividad y valor
16332,28,7,1582.8,1.2104496117593646,0.2706480807994447,1,Activos de mayor valor
16333,8,22,26626.8,3.9511233567437625,0.9606903644402668,1,Activos de mayor valor
16337,37,1,151.05,-1.2583276653048194,-0.9417566437074444,0,Menor actividad y valor
16338,157,1,214.79999999999998,-1.6366561303635245,0.08913107927605621,0,Menor actividad y valor
16339,284,1,94.05,-2.2507778851860167,0.16445720331013985,0,Menor actividad y valor
16340,107,1,534.31,-1.060552252414163,0.17881882818032482,0,Menor actividad y valor
16341,25,4,1971.87,0.9310297002812616,0.10163901652924184,1,Activos de mayor valor
16342,75,4,322.41,-0.3361421724420528,0.12302269505473087,0,Menor actividad y valor
16343,16,2,328.58,-0.21735797329947737,-1.0148270450394299,0,Menor actividad y valor
16344,158,1,101.10000000000001,-1.993923921857932,-0.17943956634345593,0,Menor actividad y valor
16345,44,1,565.46,-0.6993064911360081,-0.35557266525163833,0,Menor actividad y valor
16347,11,2,847.45,0.3640522099182403,-0.8912424710805424,1,Activos de mayor valor
16348,32,7,1415.65,1.1082074263621666,0.3119395666041924,1,Activos de mayor valor
16349,291,1,53.5,-2.523773366625716,-0.022731876643749364,0,Menor actividad y valor
16350,21,4,1116.47,0.7253235124321982,-0.21128434948954514,1,Activos de mayor valor
16351,333,1,153.9,-2.0798160438548825,0.4429011684190521,0,Menor actividad y valor
16352,18,2,494.44,-0.06656726937299468,-0.7958575652653946,0,Menor actividad y valor
16353,4,23,6675.71,3.5582534079813746,0.1005363017625409,1,Activos de mayor valor
16354,63,2,395.8,-0.6357516076341129,-0.10683627222074774,0,Menor actividad y valor
16356,198,3,211.77,-1.1042896888208478,0.4953788341915063,0,Menor actividad y valor
16357,33,3,658.88,0.10735068675725644,-0.2125273068748899,0,Menor actividad y valor
16358,1,4,2027.5,1.92402020300038,-1.5142469094971134,1,Activos de mayor valor
16359,7,9,1750.92,1.9521565921030453,-0.42366929397002895,1,Activos de mayor valor
16360,5,6,3450.41,2.060820244786014,-0.49552029877111553,1,Activos de mayor valor
16361,10,4,891.21,0.8833620013882992,-0.7326852422520391,1,Activos de mayor valor
16362,32,5,709.99,0.5210161787552816,-0.04918398410220934,1,Activos de mayor valor
16363,53,1,109.36000000000001,-1.5445096360290818,-0.8357064284948343,0,Menor actividad y valor
16364,12,2,705.79,0.24685847330454902,-0.9070324803506606,0,Menor actividad y valor
16365,18,9,1540.42,1.5610334705397295,0.07806246720314157,1,Activos de mayor valor
16366,19,1,327.3,-0.64817449963686,-1.0683161020048217,0,Menor actividad y valor
16367,37,2,800.67,-0.10316036823133888,-0.18117308097099916,0,Menor actividad y valor
16368,2,2,479.91,0.6244210714203389,-1.9768342972322572,1,Activos de mayor valor
16369,18,3,1545.41,0.7334502628951288,-0.2712597139732689,1,Activos de mayor valor
16370,82,4,1301.91,0.29090580556014406,0.6863719421426837,0,Menor actividad y valor
16372,33,2,355.73,-0.4446046216015399,-0.5465857301078174,0,Menor actividad y valor
16374,66,2,466.73,-0.5752716900094117,-0.017899349586045984,0,Menor actividad y valor
16376,9,2,974.96,0.5000854120148078,-0.9558302424899264,1,Activos de mayor valor
16377,267,1,676.2,-1.296249580425501,0.8406070542686571,0,Menor actividad y valor
16378,247,3,362.95,-0.9338476425686765,0.8304298782659079,0,Menor actividad y valor
16379,4,4,2157.4,1.6034300947885292,-0.9107709486927081,1,Activos de mayor valor
16380,61,1,1743.1499999999999,-0.2884831202503804,0.25717600690716474,0,Menor actividad y valor
16383,75,2,643.76,-0.471221247863732,0.17890721420742398,0,Menor actividad y valor
16384,90,2,584.5,-0.5857433558430855,0.2579820009034347,0,Menor actividad y valor
16385,60,3,554.86,-0.19726961459919903,0.09554051160975259,0,Menor actividad y valor
16386,29,2,302.57,-0.47330559524972565,-0.6847016818864606,0,Menor actividad y valor
16387,323,1,94.36,-2.2982268709906934,0.24694812774671313,0,Menor actividad y valor
16389,53,4,1382.07,0.4834198204895929,0.43561541925342223,1,Activos de mayor valor
16392,270,1,217.89,-1.8360119432829274,0.43633256175338847,0,Menor actividad y valor
16393,2,13,3040.96,2.892926155603477,-0.7157806937357751,1,Activos de mayor valor
16394,57,5,1555.34,0.6770634665549076,0.5936449054891147,1,Activos de mayor valor
16395,61,5,1482.06,0.6287192613139087,0.6183576100070586,1,Activos de mayor valor
16398,154,2,1705.8,-0.2818788809279973,0.9852600491052327,0,Menor actividad y valor
16399,19,2,408.02,-0.17704838701493542,-0.8331523875640904,0,Menor actividad y valor
16400,95,1,303.93,-1.2823969408774518,-0.10080905338159986,0,Menor actividad y valor
16401,1,12,4098.32,3.1222052486446272,-0.8925182555680571,1,Activos de mayor valor
16402,265,2,293.45,-1.3214026020403493,0.6876265998886802,0,Menor actividad y valor
16403,312,1,177.5,-1.9877704766917248,0.45338215941137017,0,Menor actividad y valor
16404,70,1,443.05,-0.9889465444600002,-0.15515944362087813,0,Menor actividad y valor
16405,302,2,167.25,-1.6365177496593344,0.566358250584472,0,Menor actividad y valor
16406,19,1,154.35,-1.0029600635545857,-1.3408309467368973,0,Menor actividad y valor
16407,13,10,2079.68,1.906173365518785,0.030186007276281446,1,Activos de mayor valor
16409,36,5,2022.98,0.9733555525890203,0.4043618296768393,1,Activos de mayor valor
16411,19,2,211.7,-0.48708985561358076,-1.071298781522943,0,Menor actividad y valor
16412,54,1,135.99,-1.4490254188715945,-0.7453477831648629,0,Menor actividad y valor
16413,57,1,262.2,-1.1596867136524165,-0.4738518667055396,0,Menor actividad y valor
16414,22,2,126.25,-0.7840661312365718,-1.1698010061965112,0,Menor actividad y valor
16415,44,1,200.27,-1.1899433078247577,-0.7324364092082006,0,Menor actividad y valor
16416,27,3,1051.4,0.4028397469676294,-0.16560993088609768,1,Activos de mayor valor
16418,45,3,631.12,-0.028498616177356106,-0.03655365935286048,0,Menor actividad y valor
16419,113,6,958.71,0.3291754322325111,0.9049176220763033,1,Activos de mayor valor
16422,17,51,34684.4,4.549831603819534,1.808423704784242,1,Activos de mayor valor
16423,25,1,346.12,-0.7219664055499825,-0.8816922412998708,0,Menor actividad y valor
16424,191,1,133.56,-1.935071187604785,0.04065646309478697,0,Menor actividad y valor
16425,302,1,302.7,-1.72337604304676,0.6263550379912926,0,Menor actividad y valor
16426,2,10,1863.76,2.4426706712947373,-0.9862604893125526,1,Activos de mayor valor
16427,263,2,241.06,-1.411417839169936,0.6114859447307649,0,Menor actividad y valor
16429,106,1,284.55,-1.354971800592347,-0.05595479123220174,0,Menor actividad y valor
16430,57,1,300.85,-1.094719812852007,-0.42395004801583264,0,Menor actividad y valor
16431,213,3,623.28,-0.6216749566062909,0.9334725639080603,0,Menor actividad y valor
16432,64,1,287.4,-1.1598591561294076,-0.36831778016887057,0,Menor actividad y valor
16433,28,1,184.26,-1.0614074751002416,-1.0411545223957592,0,Menor actividad y valor
16434,29,7,1511.8,1.1757522442319264,0.27543533934092257,1,Activos de mayor valor
16438,6,5,798.35,1.168884128077721,-0.9895002483970406,1,Activos de mayor valor
16440,8,5,3640.67,1.7918914148032346,-0.2779040654079549,1,Activos de mayor valor
16441,67,2,381.2,-0.6766853986025158,-0.0820575646551523,0,Menor actividad y valor
16442,2,3,609.3,0.9977106249391652,-1.7800110813778478,1,Activos de mayor valor
16444,46,4,654.67,0.18254377639905603,0.07575871009025702,0,Menor actividad y valor
16445,34,1,230.51,-1.027571404472035,-0.840773864089605,0,Menor actividad y valor
16446,1,2,168472.5,3.557315937868574,-0.10005349656425527,1,Activos de mayor valor
16447,136,1,255.91,-1.4994975309398362,0.062230557720059886,0,Menor actividad y valor
16448,198,1,182.99,-1.8004007025973967,0.17730640161659147,0,Menor actividad y valor
16449,198,2,707.69,-0.7940949465846806,0.8235477140630584,0,Menor actividad y valor
16450,150,1,311.92,-1.443151737301567,0.19574083468304926,0,Menor actividad y valor
16451,88,1,266.97,-1.3147394921627353,-0.1958633154375435,0,Menor actividad y valor
16454,45,2,6.9,-2.366663197909928,-1.7426198312024384,0,Menor actividad y valor
16455,64,7,1841.18,0.9737979287732588,0.8373318227199239,1,Activos de mayor valor
16456,99,5,2158.18,0.6242133248414424,1.058204444379508,1,Activos de mayor valor
16457,218,1,208.36,-1.7757349700799236,0.285062151578899,0,Menor actividad y valor
16458,3,18,3482.7400000000002,3.12365768025425,-0.3672064891829911,1,Activos de mayor valor
16460,28,3,811.23,0.2666073071401926,-0.23770958636553835,0,Menor actividad y valor
16461,178,1,142.92,-1.8764037479343532,0.020703282833433406,0,Menor actividad y valor
16462,74,3,136.0,-0.94026755602358,-0.28356036787453137,0,Menor actividad y valor
16463,21,4,1422.4,0.8400602314047296,-0.12315376488910167,1,Activos de mayor valor
16464,20,3,1298.66,0.612794497434629,-0.2711240983093009,1,Activos de mayor valor
16466,34,7,1595.96,1.1425375769212236,0.3928748569217832,1,Activos de mayor valor
16468,74,1,74.9,-1.8474886888329891,-0.7637888946104564,0,Menor actividad y valor
16469,24,4,625.42,0.40204951481038326,-0.3410481498747634,1,Activos de mayor valor
16470,52,4,752.77,0.20276024142406807,0.20270338618363892,0,Menor actividad y valor
16471,275,1,223.95000000000002,-1.830047012089454,0.45786820120206473,0,Menor actividad y valor
16473,165,3,316.11,-0.8458213565525587,0.5257664299214755,0,Menor actividad y valor
16474,7,7,1810.65,1.766139105109344,-0.4968159053493148,1,Activos de mayor valor
16475,88,4,544.3,-0.14875472717962418,0.41338896784579005,0,Menor actividad y valor
16477,64,7,2494.46,1.1177152494162426,0.9478763608239996,1,Activos de mayor valor
16478,25,3,331.0,-0.11588137998749894,-0.6327697987332781,0,Menor actividad y valor
16479,10,2,300.83,-0.09277177303967361,-1.3228244456542855,0,Menor actividad y valor
16480,76,1,769.29,-0.75875728213435,0.09688356929602496,0,Menor actividad y valor
16482,16,1,220.62,-0.7724184784802419,-1.3144617252750312,0,Menor actividad y valor
16483,192,1,139.35,-1.917079847200064,0.05929324579106677,0,Menor actividad y valor
16484,174,2,404.3,-1.0099547007641296,0.5385610393786529,0,Menor actividad y valor
16485,77,1,363.65,-1.1182736713787633,-0.16729906626795954,0,Menor actividad y valor
16488,33,3,498.8,-0.024393426696451295,-0.3137214654695946,0,Menor actividad y valor
16491,47,1,731.5,-0.6020751325487073,-0.22103816194490622,0,Menor actividad y valor
16493,80,4,1351.63,0.3179807120865513,0.6845490018839069,1,Activos de mayor valor
16494,297,1,826.53,-1.2417239589663487,0.9808869851317673,0,Menor actividad y valor
16495,3,3,648.26,0.9171586328917528,-1.5751011769093968,1,Activos de mayor valor
16496,9,3,1599.52,0.9949445420422821,-0.6656280461026984,1,Activos de mayor valor
16497,50,6,2965.69,1.1715624435215914,0.8060272298992344,1,Activos de mayor valor
16498,161,2,100.97,-1.6347788459541135,-0.012955561361101023,0,Menor actividad y valor
16499,360,2,365.45,-1.3343348896257774,0.9608897263429412,0,Menor actividad y valor
16500,5,6,400.86,1.0411798423553442,-1.2787177402977443,1,Activos de mayor valor
16503,107,4,1431.93,0.23543150115156808,0.8879248197084924,0,Menor actividad y valor
16504,25,1,465.88,-0.5814258805298671,-0.7737414584903914,0,Menor actividad y valor
16505,32,1,777.6,-0.4300033281075741,-0.4363409074723528,0,Menor actividad y valor
16506,20,2,90.30000000000001,-0.906736098992302,-1.3483881539326925,0,Menor actividad y valor
16509,297,1,363.7,-1.6302329237318578,0.6824688109508015,0,Menor actividad y valor
16510,372,1,248.1,-1.8967436223205825,0.6859356568745741,0,Menor actividad y valor
16511,22,3,918.33,0.41388472341121446,-0.33954602397568623,1,Activos de mayor valor
16513,5,4,874.59,1.1059888429415576,-1.1237848290390673,1,Activos de mayor valor
16515,52,5,1624.14,0.7320115786627109,0.5522492951307998,1,Activos de mayor valor
16516,30,1,101.69999999999999,-1.3666106307756676,-1.2137381120751585,0,Menor actividad y valor
16517,277,1,162.7,-1.9835120016540024,0.34668570756439326,0,Menor actividad y valor
16518,61,2,484.32,-0.5281400749477927,-0.05362087267908021,0,Menor actividad y valor
16519,25,2,215.07999999999998,-0.5798369501415698,-0.8992346177380321,0,Menor actividad y valor
16520,186,3,1046.57,-0.32471897990050186,1.0364981666124777,0,Menor actividad y valor
16523,2,21,9418.470000000001,3.837836861065694,-0.13123579001731772,1,Activos de mayor valor
16525,2,26,13027.45,4.176942814302965,0.06523418896532272,1,Activos de mayor valor
16526,172,1,290.36,-1.5289569508221412,0.25596377051518193,0,Menor actividad y valor
16527,81,1,228.06,-1.3578380813123516,-0.3049339168052306,0,Menor actividad y valor
16528,4,1,244.41,-0.256590925130224,-2.0531204080947343,0,Menor actividad y valor
16529,190,1,455.25,-1.354117917362538,0.4820507218085414,0,Menor actividad y valor
16531,22,7,1244.59,1.1850968030570812,0.03621239525153954,1,Activos de mayor valor
16532,18,3,6748.8,1.4321548747387196,0.2654232804179468,1,Activos de mayor valor
16533,19,3,1082.81,0.545316071744357,-0.36820074914644024,1,Activos de mayor valor
16535,5,1,593.75,0.09349025811209596,-1.6151426239130844,0,Menor actividad y valor
16536,110,1,548.12,-1.0589413997774553,0.20546466119900478,0,Menor actividad y valor
16539,3,4,1388.81,1.4799471331742824,-1.2125524459732897,1,Activos de mayor valor
16542,54,1,119.62,-1.5093677935695144,-0.7916974505244452,0,Menor actividad y valor
16545,165,1,339.3,-1.4395578103977786,0.28632906636157357,0,Menor actividad y valor
16546,291,2,787.15,-0.8901830690858769,1.1053338582776315,0,Menor actividad y valor
16549,10,10,4034.9,2.3124412350076016,0.1186026615804246,1,Activos de mayor valor
16550,109,5,2298.97,0.6177562759298926,1.1416308848491077,1,Activos de mayor valor
16551,96,3,922.12,-0.13394248543551013,0.5743235051411989,0,Menor actividad y valor
16552,243,2,379.73,-1.1665763568776115,0.7264938072783976,0,Menor actividad y valor
16553,163,12,5719.82,1.5968790991450774,2.022445263183163,1,Activos de mayor valor
16554,42,3,837.1,0.13100327026296044,0.02341969313515806,0,Menor actividad y valor
16555,35,2,285.89,-0.5697481893161168,-0.589703912164141,0,Menor actividad y valor
16556,67,7,3313.79,1.2351021448483148,1.0798851436273789,1,Activos de mayor valor
16557,24,2,281.85,-0.4371797911871568,-0.8260294670725459,0,Menor actividad y valor
16558,1,20,8338.49,3.892888449284738,-0.4504211189530785,1,Activos de mayor valor
16560,27,2,841.41,0.03699859860381689,-0.35671194165001247,0,Menor actividad y valor
16561,6,2,511.12,0.33056932782049214,-1.4168010339104713,1,Activos de mayor valor
16563,54,1,1077.74,-0.470538547336308,0.006239161141160286,0,Menor actividad y valor
16565,364,1,173.7,-2.0566844014478063,0.5429773173451315,0,Menor actividad y valor
16566,15,5,614.66,0.7292906348384685,-0.5605342441203014,1,Activos de mayor valor
16567,194,2,865.6,-0.6909575685448068,0.8839385645253469,0,Menor actividad y valor
16569,3,1,124.2,-0.49046567598169877,-2.4396950998093923,0,Menor actividad y valor
16570,15,10,3738.4,2.1331290466652084,0.3283439855188293,1,Activos de mayor valor
16571,27,3,1421.69,0.5457863514852815,-0.055811010927395675,1,Activos de mayor valor
16572,127,3,1009.6,-0.19694773293649645,0.7831013037385207,0,Menor actividad y valor
16573,85,2,663.61,-0.5040640697531884,0.2683140304792442,0,Menor actividad y valor
16574,71,1,451.44,-0.9854140224455991,-0.13947589077713954,0,Menor actividad y valor
16581,183,1,105.84,-2.028190664859714,-0.07033745387209506,0,Menor actividad y valor
16582,113,1,313.62,-1.3332102360491793,0.019526511589555987,0,Menor actividad y valor
16583,374,1,233.45,-1.9275259503747186,0.6672505173769986,0,Menor actividad y valor
16584,80,2,936.08,-0.31827830133142004,0.35547148515860355,0,Menor actividad y valor
16586,249,1,463.95,-1.4479906916637297,0.6595777760471551,0,Menor actividad y valor
16587,232,1,225.15,-1.7628282398074173,0.3524409807319481,0,Menor actividad y valor
16589,71,3,459.24,-0.350107497483363,0.1318919193061785,0,Menor actividad y valor
16591,69,1,213.5,-1.328536633104371,-0.42915663287418354,0,Menor actividad y valor
16592,4,16,4113.68,3.016698947354521,-0.20767029117127583,1,Activos de mayor valor
16593,51,3,330.03,-0.3820495803382851,-0.19442457257192056,0,Menor actividad y valor
16594,75,1,181.09,-1.4376222129215304,-0.436682772432373,0,Menor actividad y valor
16595,61,1,360.16,-1.0351366073491386,-0.3163370663377379,0,Menor actividad y valor
16596,16,2,250.15,-0.3462186351264034,-1.1138063914989174,0,Menor actividad y valor
16597,4,1,90.04,-0.7267784235285774,-2.414276797058475,0,Menor actividad y valor
16598,286,1,145.04999999999998,-2.049777606099803,0.32533282579190176,0,Menor actividad y valor
16600,4,6,813.52,1.445814945683615,-1.1369893228503791,1,Activos de mayor valor
16601,41,1,242.7,-1.0728866339831589,-0.706504581570981,0,Menor actividad y valor
16602,36,1,528.08,-0.6569015457132902,-0.5045252473199519,0,Menor actividad y valor
16603,75,2,482.47,-0.6077253649823907,0.07405684241916599,0,Menor actividad y valor
16607,18,14,3347.71,2.2958066207191625,0.5157364831078793,1,Activos de mayor valor
16609,15,7,5493.46,2.0274349399503864,0.34668047201668606,1,Activos de mayor valor
16610,219,1,75.66,-2.2538476130184133,-0.07795678167788664,0,Menor actividad y valor
16611,186,1,129.49,-1.9395545243566379,0.012742926470578498,0,Menor actividad y valor
16612,33,4,1187.66,0.5883164512709572,0.08717244597042054,1,Activos de mayor valor
16613,70,1,618.59,-0.8309954652392403,-0.033835415230898426,0,Menor actividad y valor
16614,183,1,506.19,-1.289668110089338,0.496930157363226,0,Menor actividad y valor
16616,15,2,500.42,0.004768016997235931,-0.9004299543527929,0,Menor actividad y valor
16617,236,1,151.85,-1.955076875477566,0.2205577190794513,0,Menor actividad y valor
16618,31,5,2647.59,1.1563444058584476,0.41028269765115377,1,Activos de mayor valor
16619,264,1,226.21,-1.8097708389122502,0.4357261540198952,0,Menor actividad y valor
16620,4,2,178.96,-0.036782387765115165,-2.010996594272493,0,Menor actividad y valor
16621,52,4,813.48,0.23948955960489202,0.230915595075778,0,Menor actividad y valor
16623,246,1,129.45,-2.0460021899908285,0.18904276901671357,0,Menor actividad y valor
16624,81,2,810.5699999999999,-0.3911480799910847,0.3108780818905004,0,Menor actividad y valor
16625,275,1,333.08,-1.6425173837886418,0.6019118510471602,0,Menor actividad y valor
16626,1,17,4413.1,3.451746653040196,-0.7410928841235258,1,Activos de mayor valor
16627,79,1,322.8,-1.1842803691576307,-0.1945210217447215,0,Menor actividad y valor
16628,30,5,2188.05,1.0781173742050219,0.3207533728950141,1,Activos de mayor valor
16629,74,2,408.63,-0.6812498636868219,0.005298835320273788,0,Menor actividad y valor
16633,17,6,2883.1,1.5560084544958546,0.13552931146124975,1,Activos de mayor valor
16634,223,2,217.9,-1.3963405225194598,0.4707000895883485,0,Menor actividad y valor
16637,32,4,1154.47,0.5862924062214105,0.057933521311061206,1,Activos de mayor valor
16638,23,10,1680.72,1.5993406414098847,0.2943442651974865,1,Activos de mayor valor
16639,31,3,1257.51,0.4366362143642849,-0.01581975138463536,1,Activos de mayor valor
16641,106,1,231.10000000000002,-1.453239986274557,-0.1314357072750552,0,Menor actividad y valor
16642,5,2,688.33,0.5303551854809743,-1.4062953172666,1,Activos de mayor valor
16643,246,1,487.51,-1.4199414476671237,0.6699271773427428,0,Menor actividad y valor
16644,178,2,833.78,-0.6759911098524576,0.8160403088833333,0,Menor actividad y valor
16647,170,2,214.06,-1.3015993277703393,0.2931028283110908,0,Menor actividad y valor
16648,43,1,290.65999999999997,-1.0054747712178804,-0.6115842873482602,0,Menor actividad y valor
16650,72,1,518.42,-0.9252222432808402,-0.08045062001730079,0,Menor actividad y valor
16652,59,7,6773.97,1.6218598907362447,1.2608877805442624,1,Activos de mayor valor
16653,16,2,1212.66,0.4007401890885466,-0.5400587853268822,1,Activos de mayor valor
16654,141,4,601.27,-0.2801039185714195,0.7457488017795376,0,Menor actividad y valor
16655,18,6,3789.52,1.6649370083495363,0.26933797357799516,1,Activos de mayor valor
16656,22,15,8625.8,2.7299149548212243,1.0061864761847512,1,Activos de mayor valor
16657,10,4,874.43,0.8743595243168907,-0.739600147735307,1,Activos de mayor valor
16658,368,1,123.24,-2.2224662198142666,0.4257458975858709,0,Menor actividad y valor
16659,189,1,39.12,-2.5048635197448124,-0.40671812705961047,0,Menor actividad y valor
16660,16,4,1267.6499999999999,0.8839774865707294,-0.3285189967390954,1,Activos de mayor valor
16665,362,1,135.39999999999998,-2.1719287991143355,0.44936142040935595,0,Menor actividad y valor
16666,19,1,118.98,-1.1254607949493538,-1.4349251579753017,0,Menor actividad y valor
16667,68,2,567.1800000000001,-0.4942621637591151,0.07160204530473016,0,Menor actividad y valor
16668,15,6,306.71999999999997,0.5399465112635781,-0.7541459166637864,1,Activos de mayor valor
16669,24,3,1348.88,0.5641685151685348,-0.14678714819158264,1,Activos de mayor valor
16670,17,11,4095.9,2.210162331513959,0.4695482761212023,1,Activos de mayor valor
16671,28,3,1692.27,0.6149377692831626,0.02984702094996264,1,Activos de mayor valor
16672,2,20,8134.9400000000005,3.726284834390337,-0.2023820070619843,1,Activos de mayor valor
16674,55,2,304.24,-0.7091300176199191,-0.28702979401089884,0,Menor actividad y valor
16676,34,4,1592.1200000000001,0.7161081348451325,0.2122123749718294,1,Activos de mayor valor
16678,3,12,3109.99,2.7266143256941766,-0.5535841011667363,1,Activos de mayor valor
16679,366,1,129.75,-2.1961741018854153,0.44090119980468134,0,Menor actividad y valor
16680,43,1,183.7,-1.22209551355921,-0.777973154226124,0,Menor actividad y valor
16681,73,6,1770.34,0.7848406980526005,0.8541791897241734,1,Activos de mayor valor
16682,5,5,1028.0,1.347514444751844,-0.9952443444666813,1,Activos de mayor valor
16684,4,28,66653.56,4.820474732484494,1.010922094223609,1,Activos de mayor valor
16685,61,2,324.24,-0.7179185120536136,-0.1993918582577998,0,Menor actividad y valor
16686,47,7,2959.88,1.314618768286938,0.8179595406644502,1,Activos de mayor valor
16688,1,4,1260.86,1.6989339216195911,-1.6871382536218997,1,Activos de mayor valor
16689,76,2,422.59999999999997,-0.6754020737546861,0.034196022275335754,0,Menor actividad y valor
16690,72,2,225.57999999999998,-0.9516991328894432,-0.2275014562298004,0,Menor actividad y valor
16692,256,2,1276.0,-0.6125922430508269,1.2001522389985901,0,Menor actividad y valor
16693,69,2,477.86,-0.5808534536057747,0.018433724035381988,0,Menor actividad y valor
16696,135,4,657.9000000000001,-0.2210018057438502,0.7511099702052628,0,Menor actividad y valor
16697,241,1,112.75,-2.103143223248753,0.12618715526237478,0,Menor actividad y valor
16698,227,2,1998.0,-0.3543704680728116,1.287462946421334,0,Menor actividad y valor
16700,9,13,5076.55,2.6759335572794907,0.2340525077060881,1,Activos de mayor valor
16701,9,13,5398.3,2.7050658899638376,0.25642938525006553,1,Activos de mayor valor
16705,1,20,14034.99,4.13974458795669,-0.26080809874308236,1,Activos de mayor valor
16706,37,3,531.35,-0.036965429674879396,-0.22023274713242313,0,Menor actividad y valor
16708,46,1,656.63,-0.6451566408311952,-0.27365350110789954,0,Menor actividad y valor
16709,85,5,3029.87,0.8426235634615464,1.0861017966623479,1,Activos de mayor valor
16710,19,10,2467.99,1.8510590917108467,0.3186156545275819,1,Activos de mayor valor
16711,3,5,1651.03,1.726874787653473,-1.079862583032616,1,Activos de mayor valor
16712,9,11,3611.31,2.3750074761835887,0.05108203517219656,1,Activos de mayor valor
16713,19,15,6910.78,2.6782088486539313,0.8368617800413699,1,Activos de mayor valor
16714,219,3,1129.06,-0.3508610650984262,1.1671305360751323,0,Menor actividad y valor
16715,78,1,301.71999999999997,-1.2113943874009867,-0.2270125793131457,0,Menor actividad y valor
16716,267,2,901.2,-0.793339234822148,1.1001846011669874,0,Menor actividad y valor
16717,24,6,3843.08,1.566755600569003,0.4484235227258586,1,Activos de mayor valor
16718,369,1,606.0500000000001,-1.4713015715047875,1.0052337976214638,0,Menor actividad y valor
16719,15,7,1770.22,1.4906568327228635,-0.06562492432296849,1,Activos de mayor valor
16720,26,1,152.95,-1.1218918356801773,-1.153880929610092,0,Menor actividad y valor
16721,262,1,292.47,-1.685540152170422,0.5241237292173001,0,Menor actividad y valor
16722,17,13,4730.81,2.4179622684935946,0.5809874934819651,1,Activos de mayor valor
16723,91,2,576.4,-0.5965236601300141,0.2598366314919181,0,Menor actividad y valor
16725,302,7,758.27,-0.034495579314712095,1.4903666370100193,0,Menor actividad y valor
16726,26,5,1358.74,0.9051099051227661,0.059750239720781105,1,Activos de mayor valor
16727,364,1,256.32,-1.8730675525019058,0.684015516667945,0,Menor actividad y valor
16728,46,4,1048.28,0.40549261162368233,0.2470082574042101,1,Activos de mayor valor
16729,38,21,7205.33,2.7310434533708157,1.397236824607449,1,Activos de mayor valor
16730,52,3,743.11,-0.005269495950760911,0.11264891381763112,0,Menor actividad y valor
16732,32,1,603.75,-0.54981403849425,-0.5283688828435159,0,Menor actividad y valor
16734,52,3,646.76,-0.07101999106304492,0.06214520738515543,0,Menor actividad y valor
16735,79,5,2247.41,0.7286545407106523,0.9314941116404291,1,Activos de mayor valor
16737,53,1,417.59999999999997,-0.9123805891548228,-0.3501608861189291,0,Menor actividad y valor
16738,298,1,3.75,-3.6897889678914786,-0.8963930021789411,0,Menor actividad y valor
16739,177,1,323.0,-1.4894931346728197,0.31269847692543984,0,Menor actividad y valor
16742,47,1,464.9,-0.8166268824045023,-0.3858378120583642,0,Menor actividad y valor
16743,29,7,2213.13,1.356356821817531,0.414159778619564,1,Activos de mayor valor
16744,11,7,1291.91,1.4512994028102366,-0.36263862564976806,1,Activos de mayor valor
16745,87,17,7180.7,2.236980530457712,1.8351106847134375,1,Activos de mayor valor
16746,5,18,6680.11,3.277530350736368,0.12699411864187587,1,Activos de mayor valor
16747,38,2,836.06,-0.09260004811467759,-0.1489731352950565,0,Menor actividad y valor
16748,18,5,1515.9,1.0912040900764048,-0.12317854714978939,1,Activos de mayor valor
16750,45,5,623.93,0.33296677309069667,0.11437840071053126,1,Activos de mayor valor
16751,31,1,1764.72,-0.030002276248539263,-0.1576317174126596,0,Menor actividad y valor
16752,373,1,207.5,-1.9821259422056954,0.6228353956516113,0,Menor actividad y valor
16753,58,1,223.92000000000002,-1.2407395053489414,-0.5202568692747553,0,Menor actividad y valor
16754,372,1,2002.4,-0.9082494359783133,1.445209334007873,0,Menor actividad y valor
16755,114,3,1475.43,0.023707756795534562,0.8532715374939761,0,Menor actividad y valor
16756,215,1,239.4,-1.7049144430591099,0.3266689298909097,0,Menor actividad y valor
16757,319,1,106.83000000000001,-2.235209335148275,0.28383255675374475,0,Menor actividad y valor
16758,65,1,369.34000000000003,-1.047117750830171,-0.26756148394083645,0,Menor actividad y valor
16759,8,3,789.79,0.7008880034312365,-0.9892026145258613,1,Activos de mayor valor
16761,97,1,316.62,-1.2709405058268253,-0.07288787855390683,0,Menor actividad y valor
16762,20,3,1207.24,0.5782105693796428,-0.29768840853674694,1,Activos de mayor valor
16763,199,1,611.85,-1.2317931181382111,0.6187087783337424,0,Menor actividad y valor
16764,4,13,2790.9500000000003,2.657127368465148,-0.4231848023337509,1,Activos de mayor valor
16765,294,1,34.0,-2.7376590209692395,-0.17754090317416585,0,Menor actividad y valor
16766,273,2,1145.6,-0.6881324848326417,1.2015277454450735,0,Menor actividad y valor
16767,31,11,5575.56,2.136576217634549,0.946591560978805,1,Activos de mayor valor
16768,48,3,478.09000000000003,-0.18406437883444332,-0.09745635996774936,0,Menor actividad y valor
16769,260,1,361.54,-1.582406891306464,0.5962625007900159,0,Menor actividad y valor
16770,58,5,757.1,0.3294842929059532,0.34251794413238906,1,Activos de mayor valor
16771,33,5,2242.61,1.0545039566161993,0.3882783051960962,1,Activos de mayor valor
16773,57,1,171.59,-1.3597781593710352,-0.6275443920160417,0,Menor actividad y valor
16774,68,4,661.52,0.04080020387757291,0.3229492623302169,0,Menor actividad y valor
16775,10,11,1691.51,1.9791253372955422,-0.16461338477958665,1,Activos de mayor valor
16776,60,1,371.54,-1.0142152311829098,-0.31534635980149545,0,Menor actividad y valor
16777,80,2,222.62,-0.9976580942970145,-0.16636789508478889,0,Menor actividad y valor
16778,74,2,245.94,-0.9212242220170334,-0.17902821079145123,0,Menor actividad y valor
16779,2,22,10611.720000000001,3.9346141723554235,-0.07079184203784335,1,Activos de mayor valor
16780,100,2,422.24,-0.7794470345668392,0.20588274471520754,0,Menor actividad y valor
16781,372,1,311.25,-1.789608303362298,0.7682275192853253,0,Menor actividad y valor
16782,10,13,2267.9500000000003,2.2575874122703343,0.0011022280228240415,1,Activos de mayor valor
16784,20,1,107.6,-1.1913498745690252,-1.4402896115633461,0,Menor actividad y valor
16788,123,2,594.39,-0.6959996359916144,0.46023634241644873,0,Menor actividad y valor
16789,8,1,80.8,-1.002056702271233,-2.0806355079842467,0,Menor actividad y valor
16790,4,6,1545.6200000000001,1.7498568616938621,-0.9034512537738442,1,Activos de mayor valor
16791,29,7,1705.78,1.232957365652272,0.31937524661787187,1,Activos de mayor valor
16792,282,2,110.38000000000001,-1.8060233499972689,0.37283392650135555,0,Menor actividad y valor
16793,57,1,243.84,-1.1939725528838687,-0.5001872115022483,0,Menor actividad y valor
16794,1,10,1196.5,2.3875557862739774,-1.4046041139109917,1,Activos de mayor valor
16795,365,1,414.88,-1.6464818399902355,0.8605958098467906,0,Menor actividad y valor
16796,89,1,305.62,-1.2551227188242589,-0.13970939784079417,0,Menor actividad y valor
16800,11,1,1162.65,0.14695113071445606,-0.9312866553589417,0,Menor actividad y valor
16801,163,4,1594.23,0.1267327811005167,1.191820049025134,0,Menor actividad y valor
16803,65,1,332.3,-1.0970835605917777,-0.3059407932304735,0,Menor actividad y valor
16804,23,3,536.99,0.14357203528932047,-0.5077085051007909,0,Menor actividad y valor
16805,174,2,460.59,-0.9482909990906552,0.5859256330830596,0,Menor actividad y valor
16806,103,4,762.16,-0.048873976880598455,0.6345479307733172,0,Menor actividad y valor
16807,143,3,1121.59,-0.19210956995742154,0.8960439939833273,0,Menor actividad y valor
16808,99,2,288.42,-0.9558538143784356,0.06115521349546557,0,Menor actividad y valor
16809,23,5,914.69,0.7626354773070367,-0.158912437908184,1,Activos de mayor valor
16810,192,1,309.54,-1.5405181078900734,0.3485346196139867,0,Menor actividad y valor
16811,5,2,547.07,0.42162320998012426,-1.4898135898079747,1,Activos de mayor valor
16812,361,1,479.35,-1.5739495491919595,0.9061178970448308,0,Menor actividad y valor
16813,8,10,1652.18,1.9658996335829215,-0.3336724566858922,1,Activos de mayor valor
16814,14,21,6416.7,3.041092283789861,0.7492925450568876,1,Activos de mayor valor
16816,103,4,417.06,-0.3342410599729339,0.41535421420319474,0,Menor actividad y valor
16817,3,9,1604.75,2.1756283383192994,-0.8948101543184085,1,Activos de mayor valor
16818,11,11,3349.57,2.2696964581918664,0.13926786716417988,1,Activos de mayor valor
16820,96,1,497.61,-1.0531933091214187,0.08485483541528352,0,Menor actividad y valor
16823,227,1,358.38,-1.5349213853432562,0.5073819350279369,0,Menor actividad y valor
16824,16,2,460.64,-0.057583552724033676,-0.8921024873249807,0,Menor actividad y valor
16825,39,2,775.1800000000001,-0.13807550307127078,-0.16042480861015126,0,Menor actividad y valor
16826,51,1,341.7,-0.9928236010632611,-0.44694868589012365,0,Menor actividad y valor
16828,93,2,128.5,-1.313532504441421,-0.27096221076617494,0,Menor actividad y valor
16829,157,1,197.22,-1.676947275104003,0.058182990712973344,0,Menor actividad y valor
16830,39,1,325.91,-0.9149671427759419,-0.6304505174828179,0,Menor actividad y valor
16832,184,3,199.15,-1.1054154087694283,0.426864688038742,0,Menor actividad y valor
16833,1,4,1106.53,1.6370781894159263,-1.7346503481703113,1,Activos de mayor valor
16834,228,1,413.46,-1.468980397533034,0.5620904048400558,0,Menor actividad y valor
16835,128,2,180.85,-1.2734651798997831,0.05333749988035952,0,Menor actividad y valor
16836,40,2,251.87,-0.6792777249509673,-0.5532296515784829,0,Menor actividad y valor
16837,31,11,3170.98,1.8690500172962368,0.7411016302671266,1,Activos de mayor valor
16838,197,2,588.85,-0.8792017380591856,0.7535044022657639,0,Menor actividad y valor
16839,9,34,16594.35,4.066588686308102,1.0158766642575137,1,Activos de mayor valor
16841,37,6,1869.82,1.0653424235444975,0.4515745847614359,1,Activos de mayor valor
16842,101,3,1264.19,-0.0036798727322499584,0.7209901653106489,0,Menor actividad y valor
16843,43,16,10196.57,2.6162862133101714,1.5015304716859392,1,Activos de mayor valor
16846,50,1,214.32,-1.2057603080220933,-0.628515221715717,0,Menor actividad y valor
16847,43,1,193.44,-1.1977283061561195,-0.7592564238476935,0,Menor actividad y valor
16848,53,1,281.42,-1.0989705148235047,-0.49348273963707856,0,Menor actividad y valor
16849,187,1,124.57,-1.9598151784227946,0.0021263805849163655,0,Menor actividad y valor
16850,334,1,332.41,-1.7174736067529952,0.7239928913530892,0,Menor actividad y valor
16851,4,3,342.45,0.5299799117877686,-1.665564751947628,1,Activos de mayor valor
16852,10,2,144.91000000000003,-0.4374230978358633,-1.5875550655430875,0,Menor actividad y valor
16855,24,2,328.4,-0.36493930136231023,-0.7705407215593478,0,Menor actividad y valor
16856,15,1,35.400000000000006,-1.6057724281429067,-2.010790834323376,0,Menor actividad y valor
16858,369,1,375.69000000000005,-1.6975631950167038,0.8314396597785951,0,Menor actividad y valor
16859,145,2,747.81,-0.6496804873768429,0.6472745772323171,0,Menor actividad y valor
16861,60,2,173.76,-1.006228640592685,-0.43592540316086636,0,Menor actividad y valor
16863,31,2,502.8,-0.2577675572372308,-0.45929446657219974,0,Menor actividad y valor
16866,141,3,207.73999999999998,-0.9844408061728156,0.2744751374884146,0,Menor actividad y valor
16869,23,4,817.12,0.5442372570003134,-0.2696885165393958,1,Activos de mayor valor
16871,22,6,2812.34,1.4505939023662642,0.2818742168134213,1,Activos de mayor valor
16872,77,3,680.02,-0.19488883946478835,0.3253449824050369,0,Menor actividad y valor
16873,5,6,7123.62,2.404475651587207,-0.23155465487168442,1,Activos de mayor valor
16875,67,5,2095.53,0.757574148399803,0.8029951889338321,1,Activos de mayor valor
16877,12,6,846.62,1.0996987287680562,-0.5167488149032992,1,Activos de mayor valor
16878,84,1,13.3,-2.686740899413486,-1.2923576991756216,0,Menor actividad y valor
16880,31,7,1491.43,1.1446707329653563,0.3114112614606719,1,Activos de mayor valor
16881,67,1,432.0,-0.98440331591957,-0.19170557749934952,0,Menor actividad y valor
16882,67,3,705.12,-0.12531692615672,0.2515501032089584,0,Menor actividad y valor
16883,187,2,272.48,-1.2238594873663824,0.440708719646664,0,Menor actividad y valor
16884,38,2,429.84000000000003,-0.4075147114597621,-0.39086268581025385,0,Menor actividad y valor
16885,15,3,450.41,0.21526168706363755,-0.8286521163659749,0,Menor actividad y valor
16887,35,1,192.32999999999998,-1.1237870697362122,-0.8885538707499834,0,Menor actividad y valor
16889,195,3,1578.67,-0.14791922744348712,1.2158912668770678,0,Menor actividad y valor
16891,2,5,742.43,1.4581624255381453,-1.5530464279457794,1,Activos de mayor valor
16892,1,5,518.19,1.4428252093863916,-1.9408363706639855,1,Activos de mayor valor
16893,367,1,145.93,-2.141894212655625,0.4851176136799815,0,Menor actividad y valor
16895,65,1,202.27,-1.3315572021859192,-0.4860426759767779,0,Menor actividad y valor
16897,299,2,289.78,-1.3732986508824665,0.7593123790151212,0,Menor actividad y valor
16898,26,3,501.03,0.06577702488037154,-0.4582372993405621,0,Menor actividad y valor
16899,8,6,1271.06,1.4326572835902278,-0.6020101936496675,1,Activos de mayor valor
16900,17,3,887.11,0.49113915890582943,-0.5075210366176715,1,Activos de mayor valor
16902,116,1,1706.88,-0.5410310999069542,0.6520967991046331,0,Menor actividad y valor
16903,29,1,363.2,-0.7538557054901774,-0.7734817917488213,0,Menor actividad y valor
16904,4,16,3653.75,2.96049568848789,-0.25084065637539216,1,Activos de mayor valor
16905,5,7,3037.6,2.1212468261573854,-0.49083641783489695,1,Activos de mayor valor
16906,82,4,559.59,-0.10898073059639588,0.37921452539835965,0,Menor actividad y valor
16907,29,5,928.76,0.6846252990290784,-0.011900123245856169,1,Activos de mayor valor
16909,72,1,379.14,-1.0732409006962258,-0.1941454417501214,0,Menor actividad y valor
16910,4,8,1508.96,1.9658870770438979,-0.8160553241056171,1,Activos de mayor valor
16912,29,11,2555.58,1.7914350911353654,0.6216347328061762,1,Activos de mayor valor
16913,290,1,113.44,-2.1707106235989277,0.24527833294279103,0,Menor actividad y valor
16914,36,1,183.76,-1.15575205714134,-0.8876980240394032,0,Menor actividad y valor
16915,9,6,621.6800000000001,1.0536919316604156,-0.7953914279844823,1,Activos de mayor valor
16916,24,2,562.41,-0.11044351850406678,-0.5750596033742087,0,Menor actividad y valor
16917,277,1,391.52,-1.5688383060304327,0.665201310424544,0,Menor actividad y valor
16918,50,6,1068.82,0.6879444261782265,0.4345547059029541,1,Activos de mayor valor
16919,156,11,2592.25,1.165962579186374,1.67601613864968,1,Activos de mayor valor
16921,61,1,154.18,-1.435672564573433,-0.623993310823221,0,Menor actividad y valor
16923,12,19,7069.08,3.0554180072536585,0.657377103634082,1,Activos de mayor valor
16924,21,3,829.89,0.38290545024353634,-0.40456402940356395,1,Activos de mayor valor
16926,371,1,230.25,-1.9309739820426757,0.6571533869885964,0,Menor actividad y valor
16927,116,3,543.05,-0.45624757823070783,0.5006016011634531,0,Menor actividad y valor
16928,80,17,2814.7,1.824679640469847,1.4415515476537302,1,Activos de mayor valor
16929,4,7,1295.39,1.7870012358856402,-0.9166507021492943,1,Activos de mayor valor
16930,26,3,378.89,-0.06640718071378265,-0.5597694977359771,0,Menor actividad y valor
16931,5,21,4554.87,3.2286472942731965,0.04363080588803306,1,Activos de mayor valor
16932,53,1,150.23000000000002,-1.3951249796533942,-0.7209623673553698,0,Menor actividad y valor
16933,1,2,563.23,0.8550693745869513,-2.1756799524119526,1,Activos de mayor valor
16934,55,2,931.03,-0.17984598006019661,0.11951932180431588,0,Menor actividad y valor
16936,26,1,261.9,-0.8681494526029319,-0.9589785064036117,0,Menor actividad y valor
16938,9,4,2711.6800000000003,1.4470269304374095,-0.3881139444191034,1,Activos de mayor valor
16940,52,3,3049.88,0.6637623282156982,0.6265399010107283,1,Activos de mayor valor
16942,13,9,1904.99,1.7783506853724698,-0.038210261729493954,1,Activos de mayor valor
16943,212,3,816.73,-0.49189539726979814,1.0288141447075732,0,Menor actividad y valor
16945,22,19,4345.5,2.606793918077222,0.8418802558681585,1,Activos de mayor valor
16947,236,1,406.48,-1.4901508477848129,0.577672712286933,0,Menor actividad y valor
16948,139,3,435.02,-0.6297599567887677,0.5337553871183937,0,Menor actividad y valor
16949,4,6,1286.27,1.6628264586064314,-0.9703003006246937,1,Activos de mayor valor
16950,57,3,1178.56,0.17874017362253966,0.33759072615007246,0,Menor actividad y valor
16951,135,3,1277.75,-0.10851900558035403,0.907244839472657,0,Menor actividad y valor
16952,109,2,167.61,-1.248443887285168,-0.0752003905626787,0,Menor actividad y valor
16953,30,1,20.8,-2.1015053495499405,-1.7782191410373045,0,Menor actividad y valor
16954,1,9,2085.08,2.564493680839576,-1.238910303881491,1,Activos de mayor valor
16955,185,4,518.67,-0.453156238898177,0.8631360816234528,0,Menor actividad y valor
16956,18,1,308.74,-0.6561738513131596,-1.1220274817158877,0,Menor actividad y valor
16957,239,2,416.64,-1.11638888854455,0.7497148786264601,0,Menor actividad y valor
16959,87,1,117.35000000000001,-1.6979166146433116,-0.500664716202566,0,Menor actividad y valor
16960,39,3,507.05,-0.07871252972033935,-0.20473218529463127,0,Menor actividad y valor
16961,116,1,234.17,-1.4811390692063984,-0.07001087195166608,0,Menor actividad y valor
16963,187,1,110.55000000000001,-2.015950668939846,-0.04099193097569883,0,Menor actividad y valor
16965,227,1,201.19,-1.8076426117313087,0.2979016454592324,0,Menor actividad y valor
16966,8,7,2154.97,1.8036505710612478,-0.3587764778297375,1,Activos de mayor valor
16967,189,1,319.02,-1.5202754568454002,0.349555212033493,0,Menor actividad y valor
16968,4,2,439.43,0.3875948594010402,-1.685027582618656,1,Activos de mayor valor
16969,39,3,650.41,0.03914328028248271,-0.11420579124117983,0,Menor actividad y valor
16971,38,1,357.21,-0.861941612846329,-0.6131995453285373,0,Menor actividad y valor
16976,267,1,251.51999999999998,-1.763992752814236,0.48132818003699884,0,Menor actividad y valor
16978,78,1,344.33,-1.1489518007347668,-0.1790497151477927,0,Menor actividad y valor
16979,4,6,1852.0,1.8355529126711359,-0.8376271380225071,1,Activos de mayor valor
16980,255,2,1028.46,-0.7132736231758243,1.1192023051640576,0,Menor actividad y valor
16982,61,1,384.06,-1.0047536234167287,-0.29299954928262484,0,Menor actividad y valor
16983,13,7,1905.87,1.5766556682010837,-0.12339896313909728,1,Activos de mayor valor
16984,88,2,4459.52,0.3855445167142288,0.98343062107396,1,Activos de mayor valor
16985,17,10,5464.12,2.268059661443633,0.5412121741729674,1,Activos de mayor valor
16986,30,2,1873.2,0.3772859539449575,-0.0009448578260333332,1,Activos de mayor valor
16987,3,7,1616.8,1.9772593652962962,-0.9774440832207553,1,Activos de mayor valor
16988,5,1,126.12,-0.6381363339018843,-2.177113367375417,0,Menor actividad y valor
16989,7,6,1133.25,1.423280649481924,-0.7184389354165415,1,Activos de mayor valor
16990,219,1,179.0,-1.8491194326708862,0.23291955728070396,0,Menor actividad y valor
16992,11,5,1614.31,1.2965490444543843,-0.39159938909751396,1,Activos de mayor valor
16996,30,6,1456.96,1.0248915160711043,0.23169569505816906,1,Activos de mayor valor
16997,288,3,702.0,-0.680136792317247,1.1671911688984566,0,Menor actividad y valor
16998,150,4,295.0,-0.6403934496117866,0.525994711241116,0,Menor actividad y valor
16999,23,2,484.82,-0.16510495214972853,-0.6549020708123476,0,Menor actividad y valor
17001,1,11,3989.57,3.0370290942997085,-0.932928543913969,1,Activos de mayor valor
17002,86,3,1493.73,0.136135292938478,0.6808746823554662,0,Menor actividad y valor
17004,46,2,1312.1399999999999,0.04962760644722359,0.13330458164347259,0,Menor actividad y valor
17006,5,4,781.78,1.0528614864057482,-1.1645925585236276,1,Activos de mayor valor
17007,51,6,889.9300000000001,0.5937658535389749,0.3802224869699458,1,Activos de mayor valor
17010,18,1,195.36,-0.8722861441395152,-1.288025802712749,0,Menor actividad y valor
17011,30,1,270.9,-0.9049622359491492,-0.8591407061160627,0,Menor actividad y valor
17014,8,3,583.4300000000001,0.5575055281181589,-1.099336331821938,1,Activos de mayor valor
17015,29,3,1838.6100000000001,0.6412911572611015,0.08152806224180603,1,Activos de mayor valor
17017,3,20,8694.26,3.647915926727527,0.004204749461937723,1,Activos de mayor valor
17018,41,2,920.1,-0.07554532920826391,-0.06714896653059453,0,Menor actividad y valor
17019,11,4,1258.08,1.013439619767797,-0.5520808830767236,1,Activos de mayor valor
17022,31,1,71.0,-1.547133019248148,-1.3229571728832008,0,Menor actividad y valor
17024,45,3,95.85,-0.9179745490250578,-0.7197702847878246,0,Menor actividad y valor
17025,61,3,357.77,-0.4110829761922718,-0.053612732539908885,0,Menor actividad y valor
17026,185,2,154.82999999999998,-1.4864687827475245,0.22907721221571375,0,Menor actividad y valor
17027,79,6,877.5600000000001,0.42257815934571064,0.6482190583336348,1,Activos de mayor valor
17029,111,2,716.0,-0.5689926830803328,0.46340335515318043,0,Menor actividad y valor
17030,64,1,146.87,-1.476602132489343,-0.6116116787975082,0,Menor actividad y valor
17031,12,2,380.35,-0.045703094649786134,-1.1317523629334165,0,Menor actividad y valor
17033,86,3,1030.14,-0.03990946850305375,0.54565268994864,0,Menor actividad y valor
17034,16,3,745.52,0.4306254452127563,-0.6070083333680271,1,Activos de mayor valor
17035,246,2,433.53000000000003,-1.1085731293686945,0.7823791048830857,0,Menor actividad y valor
17037,88,1,1267.32,-0.5776298562148371,0.3703190167089819,0,Menor actividad y valor
17038,30,1,112.4,-1.319617417402483,-1.1776420880305487,0,Menor actividad y valor
17040,138,1,449.73,-1.2384907629096222,0.2761529706326548,0,Menor actividad y valor
17041,27,3,1071.49,0.4118059231257618,-0.15872290854902057,1,Activos de mayor valor
17042,3,5,1036.58,1.5063385146639248,-1.2492590137325819,1,Activos de mayor valor
17043,32,4,1735.18,0.7793591187881859,0.2062302688367526,1,Activos de mayor valor
17044,25,1,948.48,-0.24485025501385235,-0.515213875475858,0,Menor actividad y valor
17045,113,3,339.44,-0.6686101898963428,0.31339500994992997,0,Menor actividad y valor
17046,157,1,642.02,-1.118961818077218,0.4867779947071967,0,Menor actividad y valor
17047,85,3,1100.9,-0.004023090121534412,0.5624964647451348,0,Menor actividad y valor
17048,118,3,925.35,-0.21037148165961803,0.7051800622270579,0,Menor actividad y valor
17049,3,9,5655.03,2.772652441443148,-0.43622912027771193,1,Activos de mayor valor
17050,96,6,3185.64,0.9598932338333247,1.2396232941615921,1,Activos de mayor valor
17051,194,1,240.89000000000001,-1.662914379176253,0.26408106943019155,0,Menor actividad y valor
17052,28,1,399.09,-0.696341228010629,-0.7607429674723525,0,Menor actividad y valor
17053,131,1,498.48,-1.1700568247410894,0.28079967049522075,0,Menor actividad y valor
17054,28,5,1356.33,0.8769715857574353,0.10440455403951533,1,Activos de mayor valor
17058,82,3,1179.89,0.042367335001305954,0.5652022490443767,0,Menor actividad y valor
17059,30,5,3080.39,1.2402373874004897,0.4452796070970636,1,Activos de mayor valor
17060,266,1,234.24,-1.796174851070046,0.45314199879343403,0,Menor actividad y valor
17061,74,11,5232.2300000000005,1.7810791081486965,1.4634050693251952,1,Activos de mayor valor
17062,314,4,533.33,-0.6412118727748329,1.2072419977271698,0,Menor actividad y valor
17063,21,7,1461.14,1.2780805368873542,0.06641179165797603,1,Activos de mayor valor
17064,59,3,855.45,0.014012261773336815,0.2425000381229849,0,Menor actividad y valor
17068,12,21,4552.14,2.9330060892271876,0.5335653190915912,1,Activos de mayor valor
17069,28,9,2709.7000000000003,1.6671651550859108,0.5517209617152407,1,Activos de mayor valor
17070,114,1,304.24,-1.3508978497405455,0.014039657066514569,0,Menor actividad y valor
17071,28,9,2429.03,1.615338387235432,0.5119122292578688,1,Activos de mayor valor
17073,18,4,1446.09,0.9038890042350362,-0.21007931510298075,1,Activos de mayor valor
17075,18,4,834.12,0.6432293374095559,-0.4102949829798531,1,Activos de mayor valor
17076,36,3,841.0799999999999,0.190657129403152,-0.07012413592470076,0,Menor actividad y valor
17078,36,2,378.2,-0.44794178308091,-0.4707345013068292,0,Menor actividad y valor
17079,78,1,118.80000000000001,-1.6509292885663642,-0.5646243581655337,0,Menor actividad y valor
17080,22,2,287.62,-0.3957529803786694,-0.8715332389149654,0,Menor actividad y valor
17081,25,2,288.91,-0.44047228507684916,-0.7921870263933705,0,Menor actividad y valor
17082,33,2,2003.85,0.37395161355745865,0.08215666534251163,1,Activos de mayor valor
17083,109,3,1405.78,0.017775334525970958,0.8074923043773358,0,Menor actividad y valor
17084,35,2,2747.9900000000002,0.50179120877301,0.23335774082430108,1,Activos de mayor valor
17085,123,5,1562.4,0.3889526964090274,1.0769822339679334,1,Activos de mayor valor
17086,7,6,2050.08,1.704167957873851,-0.5026861849709582,1,Activos de mayor valor
17088,28,4,1991.01,0.8938936867320871,0.1743807024948806,1,Activos de mayor valor
17090,4,7,1974.65,1.9867696013171012,-0.7632063384982424,1,Activos de mayor valor
17091,3,9,3827.76,2.5876458367223933,-0.5783348068878261,1,Activos de mayor valor
17092,50,4,1774.03,0.6235615601526366,0.4902538685231804,1,Activos de mayor valor
17094,322,1,302.0,-1.748887316657755,0.6660354886562251,0,Menor actividad y valor
17095,23,3,1324.16,0.5709988588690768,-0.1793970789651631,1,Activos de mayor valor
17096,15,4,1022.13,0.8051513754021764,-0.44528665327880773,1,Activos de mayor valor
17097,2,8,954.42,1.9440064177964984,-1.3065777420185625,1,Activos de mayor valor
17100,18,2,971.74,0.2533315341937548,-0.5501396397068855,0,Menor actividad y valor
17101,10,4,1621.73,1.1669846278839777,-0.5148314627225625,1,Activos de mayor valor
17102,262,1,25.5,-2.8257091591623085,-0.3516531103972122,0,Menor actividad y valor
17105,159,2,665.78,-0.7396729296320922,0.6630654585088765,0,Menor actividad y valor
17107,33,6,10797.48,1.9390386239940267,1.019525200024911,1,Activos de mayor valor
17109,29,6,881.29,0.7992617809383629,0.0279791799717032,1,Activos de mayor valor
17110,165,1,163.29999999999998,-1.784806383796461,0.02113969299820099,0,Menor actividad y valor
17111,47,1,231.61,-1.1459790260366354,-0.6388169561164934,0,Menor actividad y valor
17114,6,8,801.12,1.5374139284310249,-0.8331419334749051,1,Activos de mayor valor
17115,8,3,837.5,0.7286650486145256,-0.967866748794314,1,Activos de mayor valor
17117,288,1,116.19999999999999,-2.1567764439685932,0.24958577277625732,0,Menor actividad y valor
17118,318,1,157.02,-2.0528077338595003,0.4210347950483723,0,Menor actividad y valor
17119,3,2,606.91,0.6256438858880222,-1.7091122296803483,1,Activos de mayor valor
17120,233,1,307.46,-1.6172893195458276,0.4682026269445546,0,Menor actividad y valor
17122,119,1,138.32,-1.7390475520290016,-0.24463478081548623,0,Menor actividad y valor
17123,162,1,345.29999999999995,-1.424303859206518,0.28113312047362954,0,Menor actividad y valor
17124,185,1,294.24,-1.5503620572235774,0.30671369300180923,0,Menor actividad y valor
17125,50,1,230.5,-1.1714055662282683,-0.6021269520737035,0,Menor actividad y valor
17126,152,5,989.45,0.09224089635174658,1.043963620795481,0,Menor actividad y valor
17128,335,1,157.09,-2.07243109618565,0.4541100828749011,0,Menor actividad y valor
17131,5,5,2463.17,1.7615791221661474,-0.6771965354505204,1,Activos de mayor valor
17133,16,7,4892.240000000001,1.9493286298304093,0.3429065429613599,1,Activos de mayor valor
17134,107,2,413.2,-0.8152822216128454,0.24049990598420942,0,Menor actividad y valor
17135,16,7,1139.73,1.2588698234918645,-0.18744275402096233,1,Activos de mayor valor
17138,276,1,380.5,-1.5809640926062702,0.6525455392910013,0,Menor actividad y valor
17139,16,12,10650.77,2.757477747650064,0.8119269889982472,1,Activos de mayor valor
17140,247,1,454.12,-1.455054530892513,0.6467033025641284,0,Menor actividad y valor
17142,239,1,579.0,-1.3275618161824738,0.7142241752892791,0,Menor actividad y valor
17144,1,2,984.57,1.1195335181395816,-1.9725420224984362,1,Activos de mayor valor
17146,106,3,749.78,-0.26940593071021157,0.5612623654678992,0,Menor actividad y valor
17147,23,4,1714.59,0.8953510124190617,5.970137702985561e-06,1,Activos de mayor valor
17148,52,1,124.88,-1.4749792628783251,-0.7996335586809044,0,Menor actividad y valor
17152,195,3,1689.5,-0.11576750774435361,1.2405873700807215,0,Menor actividad y valor
17153,24,1,213.78,-0.9346055313824182,-1.0813942259005325,0,Menor actividad y valor
17154,75,1,329.34,-1.1552050356358472,-0.2197549122122021,0,Menor actividad y valor
17155,18,2,251.70000000000002,-0.3857892951522329,-1.0410556500737753,0,Menor actividad y valor
17157,8,2,319.0,0.011601767453087506,-1.4287464921381514,0,Menor actividad y valor
17158,32,3,1266.97,0.42843231800890674,0.006414929607053127,1,Activos de mayor valor
17159,22,3,1538.88,0.6584610958810648,-0.15168411822967984,1,Activos de mayor valor
17160,31,6,3518.03,1.4305644127153545,0.5727399294706322,1,Activos de mayor valor
17162,29,10,1715.46,1.5237952860433797,0.44324983849635385,1,Activos de mayor valor
17163,22,2,293.1,-0.3868346351514986,-0.8646829560623827,0,Menor actividad y valor
17164,33,7,2467.35,1.3600808902397294,0.5330906841567933,1,Activos de mayor valor
17165,284,1,158.68,-2.004800801625269,0.3533950112468535,0,Menor actividad y valor
17166,39,2,206.34,-0.7639724548214301,-0.6411834075254893,0,Menor actividad y valor
17169,58,2,835.78,-0.2508966095902066,0.11333913213814333,0,Menor actividad y valor
17171,289,1,224.91,-1.846929087298634,0.4907863619348677,0,Menor actividad y valor
17172,79,1,317.76,-1.1917187189651808,-0.20023450320795674,0,Menor actividad y valor
17173,5,8,3766.6,2.3297871284219904,-0.36746310944148425,1,Activos de mayor valor
17174,218,1,59.9,-2.3612327251925715,-0.16466536287685501,0,Menor actividad y valor
17175,44,4,1443.69,0.5737343049697348,0.3359105785500935,1,Activos de mayor valor
17176,202,1,306.13,-1.565050478089415,0.3765369912716606,0,Menor actividad y valor
17179,178,3,711.79,-0.4905865819480471,0.8685468901559928,0,Menor actividad y valor
17180,56,4,783.97,0.19419721830657008,0.2635996299209528,0,Menor actividad y valor
17181,57,2,239.92000000000002,-0.8347358852252078,-0.35096705796805033,0,Menor actividad y valor
17183,8,6,3347.31,1.89155361915165,-0.24952667585174598,1,Activos de mayor valor
17186,47,2,144.0,-1.0031893834527854,-0.655852235243192,0,Menor actividad y valor
17187,227,1,203.95,-1.8012139169846653,0.3028395993358386,0,Menor actividad y valor
17188,11,7,2474.23,1.7592339596660533,-0.12611057467004005,1,Activos de mayor valor
17189,106,2,383.75,-0.8467001530054096,0.2077408329674843,0,Menor actividad y valor
17190,59,2,444.74,-0.5559520955527463,-0.10539134135793289,0,Menor actividad y valor
17191,28,7,2093.68,1.3430110709506526,0.37247005199258065,1,Activos de mayor valor
17193,36,7,1699.3000000000002,1.1510409258285386,0.4509392400674114,1,Activos de mayor valor
17194,274,2,262.62,-1.3865553644217106,0.6684394914150842,0,Menor actividad y valor
17197,30,1,1013.01,-0.28086271297579807,-0.3797627327781014,0,Menor actividad y valor
17198,24,3,692.22,0.24818007514308155,-0.38950147884184616,0,Menor actividad y valor
17201,54,1,289.78,-1.0921479525236253,-0.4712261242781263,0,Menor actividad y valor
17203,36,6,3560.08,1.380737425168082,0.6691022118048849,1,Activos de mayor valor
17204,175,4,1564.56,0.09085505425779207,1.2297493642956476,0,Menor actividad y valor
17205,54,1,384.08,-0.9589651773732923,-0.36892691319890536,0,Menor actividad y valor
17206,53,1,204.24,-1.2503282231162869,-0.6097423244943009,0,Menor actividad y valor
17211,27,8,2317.2200000000003,1.5110719840209785,0.43220864122965735,1,Activos de mayor valor
17212,253,1,226.85,-1.7922421068874734,0.4098745279526259,0,Menor actividad y valor
17213,40,7,2781.23,1.345324228313402,0.6953670936789198,1,Activos de mayor valor
17214,60,6,1059.1200000000001,0.6152296079197197,0.5447425234752424,1,Activos de mayor valor
17217,234,1,113.5,-2.088814697897965,0.1099731997690478,0,Menor actividad y valor
17218,4,10,1951.97,2.2694512669063767,-0.6455966591104836,1,Activos de mayor valor
17219,32,1,114.23,-1.335909435970141,-1.1321777380353224,0,Menor actividad y valor
17220,24,14,3187.55,2.1677344376208514,0.6718625862605428,1,Activos de mayor valor
17221,7,2,334.48,0.07899439880690434,-1.4862078840878923,0,Menor actividad y valor
17222,65,1,328.65,-1.1023047244118405,-0.3099512288074832,0,Menor actividad y valor
17223,310,2,416.89,-1.2151014493113839,0.9142198411652842,0,Menor actividad y valor
17226,309,1,393.49,-1.6080836756280084,0.7360926920702415,0,Menor actividad y valor
17227,19,6,939.32,0.9843520873073766,-0.20586009300491398,1,Activos de mayor valor
17228,16,8,1906.09,1.6091204290129766,0.04477985720890362,1,Activos de mayor valor
17229,96,2,318.76,-0.8969490396086464,0.07815420893897716,0,Menor actividad y valor
17230,264,8,3638.41,0.8663763577540834,2.02125972903657,1,Activos de mayor valor
17231,12,10,3124.72,2.1274495000704254,0.1314264897557641,1,Activos de mayor valor
17232,3,2,417.77,0.4489237376069972,-1.84485299443424,1,Activos de mayor valor
17233,35,1,190.88,-1.1273567008859142,-0.8912957452157028,0,Menor actividad y valor
17234,183,1,149.89000000000001,-1.8645032962485504,0.05539268393029168,0,Menor actividad y valor
17235,25,2,550.06,-0.13593489302736347,-0.5582683765107551,0,Menor actividad y valor
17236,13,6,916.13,1.108761058435847,-0.44106369161845166,1,Activos de mayor valor
17237,11,2,314.69,-0.10472189009172375,-1.251313212595432,0,Menor actividad y valor
17238,3,17,3719.1,3.1058598877125316,-0.3639803984295227,1,Activos de mayor valor
17239,313,1,382.5,-1.6263780250610154,0.7339298961205507,0,Menor actividad y valor
17242,108,2,1135.04,-0.3404014094767077,0.6138083748665959,0,Menor actividad y valor
17243,1,26,8540.05,4.131616790872027,-0.3455904992175618,1,Activos de mayor valor
17244,53,1,954.9,-0.5208525657038807,-0.04942373847181473,0,Menor actividad y valor
17245,205,1,171.45,-1.8443198718356377,0.17563142284151623,0,Menor actividad y valor
17247,15,1,280.09000000000003,-0.6365481445754181,-1.2663185896516562,0,Menor actividad y valor
17248,120,1,318.65,-1.348453676153559,0.06308075642610292,0,Menor actividad y valor
17250,4,2,381.97,0.3213103469227284,-1.735941473890617,1,Activos de mayor valor
17251,363,1,269.83,-1.8477565933062323,0.7009129738781921,0,Menor actividad y valor
17252,117,2,348.91,-0.9290866690875449,0.23520566133205112,0,Menor actividad y valor
17253,18,1,178.26,-0.9154876155939815,-1.3212093464725543,0,Menor actividad y valor
17254,5,2,271.19,0.08976047109584546,-1.7447211507604348,0,Menor actividad y valor
17255,41,2,291.48,-0.6194834615919032,-0.48495405998912405,0,Menor actividad y valor
17256,107,2,240.0,-1.07206212016683,0.04326433243932708,0,Menor actividad y valor
17259,148,2,581.23,-0.7767570956180272,0.5685276482731306,0,Menor actividad y valor
17262,52,5,1253.3600000000001,0.6092202326070013,0.45793185945133086,1,Activos de mayor valor
17263,208,1,63.440000000000005,-2.3165886568819785,-0.1737158805296419,0,Menor actividad y valor
17265,139,2,550.01,-0.7790890826774366,0.5089587342611046,0,Menor actividad y valor
17266,2,3,296.58,0.6571400765966269,-2.041607210253619,1,Activos de mayor valor
17267,127,2,317.2,-1.0052033572448842,0.25217567983791944,0,Menor actividad y valor
17268,108,4,763.64,-0.06589280887033795,0.6650212668576784,0,Menor actividad y valor
17272,42,4,2148.63,0.7795307194473426,0.45182549020853896,1,Activos de mayor valor
17274,35,1,107.82,-1.3962858968579017,-1.0978633329014948,0,Menor actividad y valor
17277,228,2,1065.3500000000001,-0.6540041734117134,1.0613693180832238,0,Menor actividad y valor
17278,241,1,246.04,-1.7354132029309774,0.40864478483340316,0,Menor actividad y valor
17279,58,1,187.82999999999998,-1.3236681954996763,-0.5839553435607685,0,Menor actividad y valor
17282,130,3,1685.46,0.037011604700336265,0.9842921838018572,0,Menor actividad y valor
17284,60,6,1647.48,0.8245557936196901,0.7055283580635223,1,Activos de mayor valor
17286,22,1,151.37,-1.0655327001676522,-1.2592850584488107,0,Menor actividad y valor
17287,26,7,1049.06,1.0428784756948293,0.07566709797106091,1,Activos de mayor valor
17288,9,7,1417.63,1.5649456720637793,-0.44442205592524703,1,Activos de mayor valor
17289,32,3,931.02,0.2824786065372772,-0.10569378355632945,0,Menor actividad y valor
17290,4,2,513.01,0.4608477197766886,-1.6287612237200186,1,Activos de mayor valor
17291,308,1,550.8000000000001,-1.4477266813748229,0.8562684349125893,0,Menor actividad y valor
17293,8,9,1854.06,1.9342876395156354,-0.3281681985989891,1,Activos de mayor valor
17295,29,3,547.0,0.06707285111006007,-0.359535578609586,0,Menor actividad y valor
17297,17,1,128.18,-1.0501818609237112,-1.4748089305605165,0,Menor actividad y valor
17298,101,2,498.42,-0.704734039163523,0.27240720587992645,0,Menor actividad y valor
17299,12,4,656.61,0.674887801579751,-0.7378985636091773,1,Activos de mayor valor
17301,21,1,163.24,-1.0129824884493688,-1.2601431122910405,0,Menor actividad y valor
17302,15,5,1135.63,1.0200087601668402,-0.33723033087812265,1,Activos de mayor valor
17303,361,1,250.04,-1.8816303790895303,0.6697847366403203,0,Menor actividad y valor
17306,11,19,8631.31,3.180654741049468,0.6793450309233611,1,Activos de mayor valor
17309,95,1,82.75,-1.8951225990457932,-0.5714506312272699,0,Menor actividad y valor
17311,78,2,1384.85,-0.12319064550233076,0.4821355116987316,0,Menor actividad y valor
17312,139,3,644.3,-0.44387807542352337,0.6765333837183415,0,Menor actividad y valor
17313,31,1,2328.84,0.10145311182761008,-0.05665933207886972,0,Menor actividad y valor
17314,25,8,2527.92,1.5806291462244118,0.41691204780384844,1,Activos de mayor valor
17315,2,38,6281.23,4.163828604545075,-0.059758228910561366,1,Activos de mayor valor
17317,46,3,2600.34,0.6340752182160133,0.4923207143192092,1,Activos de mayor valor
17320,100,3,1200.6200000000001,-0.02435982235305179,0.6959691038875206,0,Menor actividad y valor
17321,8,2,657.16,0.35352817495612815,-1.1661089123517998,1,Activos de mayor valor
17323,15,7,906.52,1.1735850990978225,-0.30917134516267225,1,Activos de mayor valor
17324,18,4,986.48,0.7226887130212016,-0.3492613288249259,1,Activos de mayor valor
17325,280,1,96.8,-2.231854898622054,0.16588448548513512,0,Menor actividad y valor
17329,14,2,523.11,0.05040654885119903,-0.9252244626592818,0,Menor actividad y valor
17330,23,2,363.9,-0.3008153102709643,-0.7591427472467452,0,Menor actividad y valor
17331,124,1,175.2,-1.6432878089520917,-0.13322423239419603,0,Menor actividad y valor
17333,86,1,494.25,-1.0148368564315207,0.01341821517634251,0,Menor actividad y valor
17334,302,2,307.02,-1.3497893648005328,0.7865975985929922,0,Menor actividad y valor
17337,151,4,1981.06,0.25870732296071214,1.2227254496308042,0,Menor actividad y valor
17338,17,8,6493.54,2.1683083343530596,0.5273044974406086,1,Activos de mayor valor
17339,94,2,243.36,-1.01650424516217,-0.032998061566410566,0,Menor actividad y valor
17340,30,11,12353.29,2.5258623164660325,1.216164412639986,1,Activos de mayor valor
17341,157,3,682.29,-0.46295811659229963,0.7740435425230993,0,Menor actividad y valor
17343,355,1,193.64,-1.9958997662414304,0.5665138195733157,0,Menor actividad y valor
17344,46,1,157.62,-1.3194679876563948,-0.7915997499686892,0,Menor actividad y valor
17345,15,4,519.6899999999999,0.48487495198443953,-0.6912946329588071,1,Activos de mayor valor
17346,4,15,2622.88,2.748516223465839,-0.3947184453083898,1,Activos de mayor valor
17347,86,1,228.96,-1.378588757043098,-0.2659837752021298,0,Menor actividad y valor
17348,15,5,1156.6,1.0286768701489861,-0.33057225657594264,1,Activos de mayor valor
17349,179,1,98.25,-2.0547355117469475,-0.11110905732988166,0,Menor actividad y valor
17350,8,4,1281.32,1.132005732218826,-0.7277917073880676,1,Activos de mayor valor
17351,36,3,587.15,0.020486016421812504,-0.20083451184841866,0,Menor actividad y valor
17353,129,2,1740.0,-0.20528204130453293,0.8809822335995618,0,Menor actividad y valor
17354,51,1,1393.06,-0.3275263569876495,0.06407372767117593,0,Menor actividad y valor
17356,312,1,178.22,-1.985861763377404,0.45484826391333005,0,Menor actividad y valor
17357,24,2,384.39,-0.2905049436108664,-0.7133668410288807,0,Menor actividad y valor
17358,303,2,360.81,-1.2747305393402513,0.8473066712341195,0,Menor actividad y valor
17359,11,1,127.86,-0.8964710175250835,-1.732751127525139,0,Menor actividad y valor
17360,17,3,568.24,0.2802378619014465,-0.6695167321930158,0,Menor actividad y valor
17361,49,3,488.2,-0.18188001409817037,-0.07704348484585685,0,Menor actividad y valor
17362,239,2,312.23,-1.2527949423854619,0.644939830362119,0,Menor actividad y valor
17364,1,11,4462.68,3.0901532271097913,-0.8921232906099673,1,Activos de mayor valor
17365,13,8,4767.36,2.1178151300773482,0.2554629216088626,1,Activos de mayor valor
17367,238,1,167.55,-1.9119262153440162,0.26149516161937414,0,Menor actividad y valor
17368,23,8,1878.87,1.4705756416510765,0.25815085503510316,1,Activos de mayor valor
17370,73,4,446.18,-0.17230943155105555,0.22413361817512653,0,Menor actividad y valor
17371,17,3,418.4,0.135394235070026,-0.7807727766625949,0,Menor actividad y valor
17372,41,8,1337.18,1.0956417789584332,0.4891212066060006,1,Activos de mayor valor
17373,40,4,646.92,0.22907746744775442,-0.015151951338594564,0,Menor actividad y valor
17374,219,2,495.77,-1.0008812537055083,0.7577473580257199,0,Menor actividad y valor
17375,199,3,400.1,-0.8055903183413468,0.7294616283068054,0,Menor actividad y valor
17376,71,2,203.2,-0.9957414254587341,-0.2741221218431704,0,Menor actividad y valor
17377,24,20,4058.32,2.5866795068192436,0.8885067024325327,1,Activos de mayor valor
17379,11,1,389.71999999999997,-0.37050701878908165,-1.3287521714587027,0,Menor actividad y valor
17381,9,29,20275.61,4.022098674019435,1.0298776657120987,1,Activos de mayor valor
17382,65,1,65.4,-1.862060501131114,-0.8935283203910731,0,Menor actividad y valor
17383,4,1,193.39000000000001,-0.3670994361087314,-2.138003257831722,0,Menor actividad y valor
17384,19,2,336.4,-0.26832090655076557,-0.9032598525210921,0,Menor actividad y valor
17385,15,1,256.11,-0.6788290195907256,-1.2987950127696068,0,Menor actividad y valor
17386,8,6,2686.42,1.7872990850994315,-0.3296057744659265,1,Activos de mayor valor
17387,20,2,746.81,0.09041216290130705,-0.5824671825038458,0,Menor actividad y valor
17388,78,4,1259.56,0.29410566838236823,0.6430252774724112,0,Menor actividad y valor
17389,1,34,31833.68,4.990271676911045,0.23285117461023075,1,Activos de mayor valor
17391,164,2,508.8,-0.878710749233974,0.5848051084020691,0,Menor actividad y valor
17392,307,2,417.27,-1.210967725257962,0.90840605016615,0,Menor actividad y valor
17394,219,1,203.86999999999998,-1.7877547983553748,0.28005443393089996,0,Menor actividad y valor
17396,39,8,7330.8,1.920775726191858,1.0776703166570354,1,Activos de mayor valor
17397,22,2,681.41,0.012267221846563155,-0.558128260343897,0,Menor actividad y valor
17398,115,3,653.38,-0.36541717152558967,0.562409314431603,0,Menor actividad y valor
17400,126,5,2097.84,0.5194700191212737,1.1994029351360669,1,Activos de mayor valor
17402,5,13,2633.85,2.5600206424060956,-0.3286971599820693,1,Activos de mayor valor
17403,36,1,263.92,-0.9848805197403958,-0.7564496441173056,0,Menor actividad y valor
17404,4,15,31906.82,3.9330502098693927,0.5151356418198231,1,Activos de mayor valor
17405,1,3,1031.41,1.401861307660335,-1.8455875767223915,1,Activos de mayor valor
17406,333,3,2184.42,-0.19762709025992561,1.6720136163783257,0,Menor actividad y valor
17408,163,1,32.65,-2.5320354943085,-0.5640563022449558,0,Menor actividad y valor
17409,185,2,771.85,-0.7271943298405704,0.812284593480395,0,Menor actividad y valor
17410,16,5,1214.72,1.0287461273812337,-0.2742986392666882,1,Activos de mayor valor
17411,12,3,778.94,0.5538671984037317,-0.7611203260006622,1,Activos de mayor valor
17412,3,7,1258.06,1.8583877175670933,-1.0687507538368175,1,Activos de mayor valor
17414,44,2,778.0,-0.1813488178367838,-0.08443709404873424,0,Menor actividad y valor
17415,80,1,507.84,-0.9747038383599095,-0.02202283403809853,0,Menor actividad y valor
17416,30,7,6893.42,1.8824021126419987,0.8486289139941989,1,Activos de mayor valor
17418,42,2,463.46000000000004,-0.4091850037397159,-0.3016003365816829,0,Menor actividad y valor
17419,11,12,4226.57,2.45236366626727,0.25456214762283313,1,Activos de mayor valor
17420,50,3,598.83,-0.09277617149408102,0.00976221882264228,0,Menor actividad y valor
17422,16,6,1979.37,1.3995939359507228,-0.03762048907125065,1,Activos de mayor valor
17423,46,2,698.41,-0.24906164861928043,-0.09612204741312431,0,Menor actividad y valor
17425,19,2,759.17,0.11682281491025133,-0.6074265601670036,0,Menor actividad y valor
17426,8,6,5037.26,2.0852959718849444,-0.10071096139560631,1,Activos de mayor valor
17427,72,1,100.8,-1.6979548379559035,-0.6739953537205078,0,Menor actividad y valor
17428,1,28,17256.85,4.529790252738228,-0.062080860820899864,1,Activos de mayor valor
17429,128,3,524.9200000000001,-0.5096153798944644,0.5501545028395604,0,Menor actividad y valor
17430,33,2,265.76,-0.5824083641254242,-0.6524343590168105,0,Menor actividad y valor
17431,313,1,403.3,-1.6013342873537095,0.7531662771543629,0,Menor actividad y valor
17432,18,2,365.76,-0.20916413574073559,-0.905387847355725,0,Menor actividad y valor
17433,88,1,303.15999999999997,-1.254674013712353,-0.1497263352489708,0,Menor actividad y valor
17434,2,7,2373.82,2.269160060620896,-1.0200146342445304,1,Activos de mayor valor
17436,2,2,216.29999999999998,0.24775130031633147,-2.2661586515103216,0,Menor actividad y valor
17438,254,1,388.45000000000005,-1.5395729586547957,0.607596414769051,0,Menor actividad y valor
17440,157,3,186.42000000000002,-1.076310232764114,0.30292077512827614,0,Menor actividad y valor
17442,37,6,2248.56,1.1527567011853117,0.5187184900421401,1,Activos de mayor valor
17443,220,1,534.24,-1.3341368527586865,0.6326892494795647,0,Menor actividad y valor
17444,148,3,2940.04,0.2515226413669966,1.2684563066864065,0,Menor actividad y valor
17446,177,2,120.9,-1.5861107931883747,0.11177171482408696,0,Menor actividad y valor
17447,40,2,541.53,-0.31732261031317877,-0.2752077930330446,0,Menor actividad y valor
17449,2,7,2519.21,2.2973346618998836,-0.998373401134178,1,Activos de mayor valor
17450,8,46,194390.79,5.54036855655803,1.9580683723565684,1,Activos de mayor valor
17451,1,7,1721.4,2.2717467445505326,-1.3940370245467482,1,Activos de mayor valor
17453,18,2,486.71999999999997,-0.07401378092627432,-0.8015773158587649,0,Menor actividad y valor
17454,192,4,517.53,-0.4683098854610212,0.8857560692539409,0,Menor actividad y valor
17455,204,1,131.7,-1.966697528756145,0.07711907133271038,0,Menor actividad y valor
17456,365,1,249.86,-1.886168301222516,0.6764899007849362,0,Menor actividad y valor
17457,127,5,1737.7,0.427215530378641,1.1358146019302737,1,Activos de mayor valor
17458,15,1,316.5,-0.57879461506551,-1.2219574438560743,0,Menor actividad y valor
17459,43,2,657.3,-0.2525884582873286,-0.15999734420876996,0,Menor actividad y valor
17460,94,6,622.4300000000001,0.19427372378888313,0.632221650707909,0,Menor actividad y valor
17461,23,3,735.82,0.29269569223451974,-0.3931649206055541,1,Activos de mayor valor
17462,60,2,675.69,-0.3643170055174148,0.05713425696898039,0,Menor actividad y valor
17463,16,5,1875.86,1.234654662350706,-0.11613794124790584,1,Activos de mayor valor
17464,158,1,289.96000000000004,-1.4973725376708387,0.20196722447687993,0,Menor actividad y valor
17466,10,2,763.28,0.3477520596841017,-0.9844530571742918,1,Activos de mayor valor
17468,10,2,137.0,-0.4638507781613761,-1.6078544687121694,0,Menor actividad y valor
17469,16,5,1870.97,1.2334176780127053,-0.11708808304929097,1,Activos de mayor valor
17470,45,5,1125.07,0.6121729563745995,0.3288398597553891,1,Activos de mayor valor
17472,191,3,697.54,-0.526943585243564,0.9056369714723868,0,Menor actividad y valor
17475,79,1,194.37,-1.4238383826574232,-0.37852826863585887,0,Menor actividad y valor
17480,78,1,511.82,-0.9614591115968013,-0.035034438695674436,0,Menor actividad y valor
17481,4,4,1255.59,1.3469282941467284,-1.1077929120542387,1,Activos de mayor valor
17483,65,3,414.04,-0.3658842986044589,0.03908332364492187,0,Menor actividad y valor
17486,261,1,396.87,-1.5397757232954234,0.6325542749565389,0,Menor actividad y valor
17489,59,2,376.64,-0.634564461116226,-0.16577439741858133,0,Menor actividad y valor
17490,1,7,2092.32,2.3642225622212014,-1.3230052925458429,1,Activos de mayor valor
17491,1,10,3558.87,2.904142566912166,-1.007807906191264,1,Activos de mayor valor
17492,248,1,374.57,-1.547684735447292,0.5792847917629647,0,Menor actividad y valor
17495,8,2,497.56,0.22184373980617722,-1.267257231359621,0,Menor actividad y valor
17496,359,1,271.05,-1.8414044596357424,0.6955450224694103,0,Menor actividad y valor
17498,76,1,272.22,-1.2502146521065465,-0.2806104510115918,0,Menor actividad y valor
17499,290,1,622.88,-1.366586714883512,0.8629350935762319,0,Menor actividad y valor
17500,17,3,1138.0,0.6091139714798122,-0.41690323532982054,1,Activos de mayor valor
17501,221,2,288.6,-1.2602051688652889,0.5669500876537866,0,Menor actividad y valor
17502,9,4,689.1,0.7979763243849609,-0.8866571297124591,1,Activos de mayor valor
17503,3,2,558.96,0.586686557689836,-1.7390357985197138,1,Activos de mayor valor
17504,206,9,2997.0299999999997,0.9641479707806471,1.8343661542926395,1,Activos de mayor valor
17505,162,2,1145.84,-0.4896319249476491,0.8723516760828376,0,Menor actividad y valor
17506,76,1,302.2,-1.2008477932700132,-0.24269120276994713,0,Menor actividad y valor
17507,262,2,605.58,-0.9743846538178061,0.9436567569447009,0,Menor actividad y valor
17508,281,1,387.31,-1.5794085704181506,0.6703302937551295,0,Menor actividad y valor
17509,58,8,6083.64,1.6839011919834983,1.2561474024049253,1,Activos de mayor valor
17510,25,1,308.48,-0.7763885921792283,-0.9234945445713991,0,Menor actividad y valor
17511,3,31,91062.38,5.1427415440846955,1.0207621618997862,1,Activos de mayor valor
17512,29,10,2924.9900000000002,1.7766950933558685,0.6375050696322995,1,Activos de mayor valor
17513,72,1,513.2,-0.9300114560664782,-0.08412926907014007,0,Menor actividad y valor
17514,128,1,208.65,-1.5729026313599292,-0.04995019254271756,0,Menor actividad y valor
17515,31,4,639.02,0.31793353863928075,-0.176732178126973,1,Activos de mayor valor
17516,15,5,764.88,0.8328133197609952,-0.48101728718331577,1,Activos de mayor valor
17517,309,1,153.94,-2.0512085251890735,0.3957234328433879,0,Menor actividad y valor
17519,17,6,1844.02,1.3441923672920046,-0.02716904491691112,1,Activos de mayor valor
17520,54,1,546.81,-0.7918360556616967,-0.24055312552132815,0,Menor actividad y valor
17521,30,3,723.2099999999999,0.18674467527424118,-0.23720654540620034,0,Menor actividad y valor
17522,2,5,1070.71,1.6315782638475849,-1.419843741429654,1,Activos de mayor valor
17523,11,4,652.74,0.7026653327391986,-0.7907901632433755,1,Activos de mayor valor
17524,361,1,145.0,-2.138625379168912,0.47238394115645066,0,Menor actividad y valor
17525,360,1,422.70000000000005,-1.6323943174475417,0.8586605096191117,0,Menor actividad y valor
17526,5,4,1195.8999999999999,1.25420617936103,-1.0099373996934895,1,Activos de mayor valor
17527,54,4,939.37,0.2934871842000667,0.3067421188352639,0,Menor actividad y valor
17528,1,8,3628.5,2.731748297071929,-1.0775134571260139,1,Activos de mayor valor
17530,1,10,2367.12,2.7108636573860903,-1.1562676446255418,1,Activos de mayor valor
17531,190,1,296.7,-1.556560831823104,0.3265520064940606,0,Menor actividad y valor
17534,54,1,223.36,-1.2151036310795011,-0.5656697856283153,0,Menor actividad y valor
17535,280,1,164.4,-1.9827135559949665,0.3572527969593477,0,Menor actividad y valor
17536,177,1,76.5,-2.167756340936457,-0.20828324031624038,0,Menor actividad y valor
17537,30,2,887.67,0.023465756985106726,-0.2727181931693677,0,Menor actividad y valor
17538,26,1,98.42,-1.3292280055554302,-1.3131382103093725,0,Menor actividad y valor
17540,25,2,578.9,-0.11174727974065009,-0.5396895944248055,0,Menor actividad y valor
17542,270,1,170.75,-1.9510086014675567,0.348002314874575,0,Menor actividad y valor
17545,43,3,642.32,-0.0031905289973080883,-0.05833670026821389,0,Menor actividad y valor
17548,234,1,103.3,-2.133055052587244,0.07599167792833231,0,Menor actividad y valor
17549,24,2,148.86,-0.738370607855161,-1.0573775741732117,0,Menor actividad y valor
17550,197,3,267.16,-0.992658919211425,0.576451890601873,0,Menor actividad y valor
17551,359,1,290.34,-1.8089223870399702,0.720494873506939,0,Menor actividad y valor
17552,60,4,930.41,0.24939535846970712,0.36889343469247105,0,Menor actividad y valor
17553,130,1,1487.6,-0.6493627265026768,0.6736986083439922,0,Menor actividad y valor
17554,1,5,1952.45,2.0711204020802354,-1.4582356554821867,1,Activos de mayor valor
17555,20,2,480.31,-0.1185185011534814,-0.7429492123980035,0,Menor actividad y valor
17556,206,1,157.9,-1.8849709684570153,0.14889767307250376,0,Menor actividad y valor
17557,14,3,541.46,0.327035824993953,-0.8026471101089616,1,Activos de mayor valor
17560,95,4,854.95,0.036108804119130436,0.6255963370568877,0,Menor actividad y valor
17561,19,1,165.12,-0.9711775193714072,-1.316418411464527,0,Menor actividad y valor
17562,14,7,1122.38,1.2994147913968286,-0.27237010702375747,1,Activos de mayor valor
17564,24,3,454.01,0.04854730262452824,-0.5428416920274741,0,Menor actividad y valor
17566,8,2,869.77,0.4862584527503444,-1.064157269661163,1,Activos de mayor valor
17567,7,8,4331.48,2.286133599112039,-0.13421107421462636,1,Activos de mayor valor
17569,332,1,344.14,-1.6987912303333732,0.7327900100223562,0,Menor actividad y valor
17571,50,4,1425.67,0.5199707720686568,0.41068460076986907,1,Activos de mayor valor
17572,71,4,226.75000000000003,-0.4817618374520602,-0.038968828702157704,0,Menor actividad y valor
17573,29,3,380.6,-0.10452515866619644,-0.4913419702624154,0,Menor actividad y valor
17574,243,1,185.65,-1.8714701817976973,0.31177044244817337,0,Menor actividad y valor
17576,8,19,3564.83,2.871340536671745,0.17497444713110746,1,Activos de mayor valor
17578,218,1,143.45999999999998,-1.9516716256588253,0.14992319652016528,0,Menor actividad y valor
17579,5,3,448.90000000000003,0.5883477585155199,-1.4516553140896133,1,Activos de mayor valor
17580,253,3,215.72,-1.1887866282635722,0.6567771854756262,0,Menor actividad y valor
17581,1,25,11025.24,4.218563496185473,-0.2670113502956737,1,Activos de mayor valor
17582,236,1,175.27,-1.8874813243931463,0.27247863408213013,0,Menor actividad y valor
17584,7,2,1242.3,0.7001201970829695,-1.0091140626618864,1,Activos de mayor valor
17585,109,4,1116.68,0.11061054130360085,0.8090645418039315,0,Menor actividad y valor
17588,100,3,1240.2,-0.008993385573524911,0.7077722395247674,0,Menor actividad y valor
17589,60,4,2404.17,0.6992154992565132,0.7144054235971365,1,Activos de mayor valor
17590,2,3,1468.02,1.4142089395613222,-1.4600939678203495,1,Activos de mayor valor
17591,73,7,2203.67,1.0094329616631843,0.9849606066247607,1,Activos de mayor valor
17593,4,5,3923.86,2.0519334573332966,-0.623248481576551,1,Activos de mayor valor
17594,85,2,993.18,-0.3131131509825721,0.41498561261917855,0,Menor actividad y valor
17595,12,2,386.69,-0.0378849984531275,-1.1257471939304664,0,Menor actividad y valor
17596,23,7,2806.69,1.554210358266859,0.3592005164647923,1,Activos de mayor valor
17597,214,1,2044.3700000000001,-0.6879606561277598,1.1034994818309556,0,Menor actividad y valor
17600,18,1,161.67000000000002,-0.9615345959744764,-1.3565785581456693,0,Menor actividad y valor
17601,239,1,116.00999999999999,-2.0865751948513473,0.13121732812939196,0,Menor actividad y valor
17602,2,6,5054.42,2.5065758723789138,-0.7959223704526408,1,Activos de mayor valor
17603,78,1,394.72,-1.0843687748197939,-0.1294427551429943,0,Menor actividad y valor
17604,217,2,309.36,-1.2204327014319278,0.5806383475659281,0,Menor actividad y valor
17608,33,2,191.99,-0.7358977359851456,-0.7703312990120231,0,Menor actividad y valor
17609,41,5,1105.78,0.638731156743949,0.2648765727456513,1,Activos de mayor valor
17611,7,15,3961.12,2.7643871815761547,0.053331456705920745,1,Activos de mayor valor
17612,53,6,2048.45,0.9743495719308077,0.7075517922124996,1,Activos de mayor valor
17613,23,14,4544.55,2.3514556045744537,0.7751245176366733,1,Activos de mayor valor
17614,57,1,386.32,-0.9765028655119516,-0.3331462602480025,0,Menor actividad y valor
17615,130,3,329.6,-0.7356143290305114,0.390829377588402,0,Menor actividad y valor
17616,174,3,571.1999999999999,-0.5861246455141557,0.7742049919898117,0,Menor actividad y valor
17618,6,3,930.28,0.8744271043540998,-1.0889624173790537,1,Activos de mayor valor
17619,312,1,214.37,-1.8987388193873602,0.5217683924886681,0,Menor actividad y valor
17620,60,1,81.44,-1.7293715707004906,-0.8646661141644092,0,Menor actividad y valor
17621,21,3,1379.9,0.6237733087049365,-0.2195506756336856,1,Activos de mayor valor
17623,33,1,527.0500000000001,-0.6255247664821283,-0.5588389253998843,0,Menor actividad y valor
17624,15,2,843.48,0.2519343948112725,-0.710578635913575,0,Menor actividad y valor
17625,18,4,2020.4,1.062368718080049,-0.08834923641896578,1,Activos de mayor valor
17628,81,1,75.75,-1.8762942745141624,-0.7031660416713331,0,Menor actividad y valor
17629,6,8,1814.12,1.9246324195978881,-0.53571498680749,1,Activos de mayor valor
17630,170,2,503.59999999999997,-0.8972162443312787,0.6037140943918853,0,Menor actividad y valor
17631,2,3,528.33,0.9302199942545196,-1.8318514058228446,1,Activos de mayor valor
17633,31,4,1324.84,0.6632620155408138,0.08851857002976049,1,Activos de mayor valor
17634,36,9,2358.59,1.5083276073521605,0.6556396763524154,1,Activos de mayor valor
17636,19,1,285.56,-0.7126501185711087,-1.1178405614807037,0,Menor actividad y valor
17637,31,2,547.0600000000001,-0.21784109585392866,-0.4286264954619238,0,Menor actividad y valor
17639,276,1,108.5,-2.172798565955542,0.1979507191667311,0,Menor actividad y valor
17640,87,1,621.66,-0.9106503995442271,0.10404345738109085,0,Menor actividad y valor
17642,120,2,712.29,-0.60097775864221,0.5105119130354931,0,Menor actividad y valor
17643,373,1,101.55,-2.318581300886868,0.36440019096685433,0,Menor actividad y valor
17644,1,11,2895.64,2.885117887774005,-1.0496132770870876,1,Activos de mayor valor
17646,219,3,1008.39,-0.404404863785554,1.1260029326166898,0,Menor actividad y valor
17647,65,1,133.06,-1.52892335525204,-0.637641872867026,0,Menor actividad y valor
17648,61,4,1797.5,0.5551823530232369,0.6188511600377775,1,Activos de mayor valor
17649,138,1,868.49,-0.9269523805347006,0.5154491611638783,0,Menor actividad y valor
17650,21,1,166.08,-1.0048535812339359,-1.2538992057938505,0,Menor actividad y valor
17651,12,10,3945.0,2.2379456451104933,0.21629984107416725,1,Activos de mayor valor
17652,25,12,4867.72,2.223959196705103,0.7961419654671401,1,Activos de mayor valor
17653,37,4,1207.56,0.5537008599464364,0.16372923227197428,1,Activos de mayor valor
17654,277,1,117.55,-2.136522319070934,0.22915673475942805,0,Menor actividad y valor
17655,11,7,2638.94,1.789780420946086,-0.10264748879664527,1,Activos de mayor valor
17656,73,5,1674.69,0.6190347755658123,0.7749960546369516,1,Activos de mayor valor
17658,26,2,595.42,-0.11284524459222592,-0.5055343504309088,0,Menor actividad y valor
17659,17,12,2999.46,2.134907000234051,0.3867293075818924,1,Activos de mayor valor
17660,141,1,178.75,-1.6825395274729882,-0.04512407594305924,0,Menor actividad y valor
17663,26,7,1802.91,1.2994484230965995,0.27274140563743576,1,Activos de mayor valor
17664,19,2,604.64,0.009067956902108482,-0.6901942975995942,0,Menor actividad y valor
17666,4,2,728.16,0.626636431962048,-1.5014170199124446,1,Activos de mayor valor
17667,66,5,2055.51,0.7540949744390374,0.7865839826121165,1,Activos de mayor valor
17668,1,2,347.75,0.6269499884078075,-2.350901058982686,1,Activos de mayor valor
17669,43,7,3406.7200000000003,1.4145027876175948,0.8139913425068059,1,Activos de mayor valor
17670,228,1,205.7,-1.7988542137590235,0.3087105581029734,0,Menor actividad y valor
17671,16,4,1572.71,0.9861497336383536,-0.2500393265459257,1,Activos de mayor valor
17672,50,2,3178.17,0.43767460463184205,0.5071122745401451,1,Activos de mayor valor
17673,2,6,1594.97,1.9598843596852775,-1.2158423667820246,1,Activos de mayor valor
17674,74,2,551.04,-0.539777874132483,0.11396508667958467,0,Menor actividad y valor
17675,1,31,20374.28,4.697600868669143,0.036052462236450505,1,Activos de mayor valor
17676,4,6,1371.18,1.6931141023503364,-0.947036015457542,1,Activos de mayor valor
17677,2,30,16345.38,4.409521824494248,0.20070683063389855,1,Activos de mayor valor
17678,264,1,298.11,-1.6794080748627318,0.5358592823566418,0,Menor actividad y valor
17679,53,2,1992.1100000000001,0.19444563077863886,0.3732913430155421,0,Menor actividad y valor
17680,24,1,184.4,-1.0043531480454198,-1.1349681670594176,0,Menor actividad y valor
17682,10,6,2474.33,1.6716639450212403,-0.23233389127666934,1,Activos de mayor valor
17684,44,1,239.41,-1.1056865720308817,-0.6677178478920354,0,Menor actividad y valor
17685,17,7,3155.83,1.7196783437929666,0.21951555667160683,1,Activos de mayor valor
17686,7,7,5739.46,2.3129833343216597,-0.07677860571729264,1,Activos de mayor valor
17690,30,15,4726.8,2.3307275998500474,0.9763744528984082,1,Activos de mayor valor
17691,358,2,290.40000000000003,-1.4408726230170588,0.8739049023179055,0,Menor actividad y valor
17692,127,4,740.9399999999999,-0.14156266884267515,0.755907658737502,0,Menor actividad y valor
17693,137,1,200.47,-1.6175359767072715,-0.021691706353637933,0,Menor actividad y valor
17694,142,1,283.12,-1.4681377348548337,0.12606815679618463,0,Menor actividad y valor
17695,132,2,765.34,-0.6030840405732554,0.5965832314876243,0,Menor actividad y valor
17696,38,8,2285.71,1.3780051419223454,0.6372834870923025,1,Activos de mayor valor
17697,236,1,338.95,-1.5760646599880246,0.5116813316502385,0,Menor actividad y valor
17698,261,1,154.95,-1.9838650192461436,0.29144421343991034,0,Menor actividad y valor
17700,17,4,2534.64,1.19049236295475,-0.040075396597038765,1,Activos de mayor valor
17701,253,1,417.95,-1.5034509955410111,0.631698279741002,0,Menor actividad y valor
17702,30,4,1824.37,0.8269947868054723,0.18484133405510292,1,Activos de mayor valor
17703,35,3,798.74,0.17666258143224667,-0.10628202680149292,0,Menor actividad y valor
17704,169,2,885.19,-0.6279478046664726,0.8051032233859878,0,Menor actividad y valor
17705,3,9,1823.52,2.2361903319837797,-0.8482917951216739,1,Activos de mayor valor
17706,4,17,10504.49,3.5128628706937324,0.1555760662089964,1,Activos de mayor valor
17707,185,2,152.4,-1.4939209816007286,0.22335309314229937,0,Menor actividad y valor
17708,188,2,263.33,-1.2420216012343628,0.4316778481733913,0,Menor actividad y valor
17709,170,1,137.45,-1.8773106808229887,-0.022394004091157244,0,Menor actividad y valor
17711,11,2,385.1,-0.009257456395196097,-1.177985890482975,0,Menor actividad y valor
17712,45,1,522.91,-0.7447275637939599,-0.3700789067385384,0,Menor actividad y valor
17714,321,1,153.0,-2.068601921210046,0.41758353323222713,0,Menor actividad y valor
17715,201,1,326.4,-1.5328600456596129,0.39668330026905235,0,Menor actividad y valor
17716,23,11,5655.99,2.2532600311452784,0.7694349213479462,1,Activos de mayor valor
17718,232,1,139.35,-1.989028508134478,0.17869397050749128,0,Menor actividad y valor
17719,38,15,5396.04,2.3058043971383486,1.1701271848843589,1,Activos de mayor valor
17720,26,4,1195.94,0.6796674635671479,-0.05643658572521964,1,Activos de mayor valor
17722,96,4,2424.04,0.5259317305532936,1.0114448834230505,1,Activos de mayor valor
17723,127,6,3276.4000000000005,0.8672736995328922,1.4256540207532624,1,Activos de mayor valor
17724,71,3,1033.0,0.03369390862682864,0.4266941639046248,0,Menor actividad y valor
17725,16,11,3439.08,2.1491447505579946,0.36967395317001706,1,Activos de mayor valor
17727,15,1,1060.25,-0.006619286553111757,-0.7824630374679962,0,Menor actividad y valor
17728,4,3,2876.01,1.5377810983700368,-0.8914611473659122,1,Activos de mayor valor
17730,3,13,5298.4800000000005,3.0462390861528643,-0.331236470536912,1,Activos de mayor valor
17731,79,4,1240.11,0.2819275147620855,0.6453360689567661,0,Menor actividad y valor
17732,373,1,303.97,-1.8018167358327648,0.7613329569274633,0,Menor actividad y valor
17733,39,2,692.19,-0.1916931654749318,-0.20160914763308546,0,Menor actividad y valor
17734,54,3,700.63,-0.04729131930963721,0.11472180267294767,0,Menor actividad y valor
17735,2,19,13110.02,3.908385446715321,-0.04726082356261452,1,Activos de mayor valor
17736,9,3,377.44,0.31119974846489096,-1.1908202331819828,1,Activos de mayor valor
17737,9,2,168.24,-0.33068433315115736,-1.5939539745043159,0,Menor actividad y valor
17738,19,4,1879.05,1.0084023122635504,-0.08223446293782914,1,Activos de mayor valor
17739,12,7,2791.35,1.7858173593874023,-0.031463723004486084,1,Activos de mayor valor
17742,113,2,355.11,-0.9075850958770855,0.21974040928633576,0,Menor actividad y valor
17744,4,6,2322.4,1.9428190777275964,-0.7552347712289549,1,Activos de mayor valor
17746,240,1,110.25,-2.1120986725623,0.11546839616907949,0,Menor actividad y valor
17747,113,1,71.4,-2.0298202669964605,-0.5155476112866141,0,Menor actividad y valor
17749,178,2,674.52,-0.7763629438506894,0.738943556536767,0,Menor actividad y valor
17750,5,9,1710.45,2.0509689066165526,-0.614553236145494,1,Activos de mayor valor
17752,359,1,80.64,-2.412129638229933,0.25716449280008824,0,Menor actividad y valor
17754,1,5,1664.65,1.9955487292921434,-1.5162831206850436,1,Activos de mayor valor
17757,1,30,5593.39,4.055999107185291,-0.44684725897013233,1,Activos de mayor valor
17758,19,8,3408.2000000000003,1.8224750787174802,0.359372404772011,1,Activos de mayor valor
17759,17,3,819.96,0.4538604694488871,-0.5361552238630403,1,Activos de mayor valor
17760,22,2,287.59,-0.3958022680444374,-0.8715710973341064,0,Menor actividad y valor
17761,33,1,712.78,-0.4826219550475067,-0.4490736434085522,0,Menor actividad y valor
17763,263,1,15.0,-3.0663969059535163,-0.5330087481930338,0,Menor actividad y valor
17764,51,2,772.55,-0.23990747982377722,0.004661153351988613,0,Menor actividad y valor
17765,159,3,367.63,-0.7603768792835613,0.5572577635779806,0,Menor actividad y valor
17767,15,1,271.2,-0.6517864670382651,-1.2780233192186772,0,Menor actividad y valor
17768,8,3,2081.9,1.1601000693721555,-0.6364765806165296,1,Activos de mayor valor
17769,13,10,3957.43,2.211127802267942,0.2644249939570529,1,Activos de mayor valor
17770,199,5,1143.27,0.058361894509855565,1.2663595579973808,0,Menor actividad y valor
17771,57,2,245.81,-0.8232831879614082,-0.34217011036357686,0,Menor actividad y valor
17772,11,2,173.45,-0.38595424511454235,-1.4673309973000317,0,Menor actividad y valor
17774,97,4,1213.73,0.19421761235922352,0.7661628750949779,0,Menor actividad y valor
17775,255,1,56.4,-2.4489295288152295,-0.08726118934087937,0,Menor actividad y valor
17777,25,3,647.56,0.20162245281047922,-0.3888914775825202,0,Menor actividad y valor
17779,21,3,650.32,0.2674503058537001,-0.49324644477436475,0,Menor actividad y valor
17781,159,2,188.02,-1.337396901217279,0.2039468475076966,0,Menor actividad y valor
17783,72,2,283.47,-0.8438146530467429,-0.1446341547852804,0,Menor actividad y valor
17785,53,1,131.94,-1.4562455079704844,-0.7679097433994999,0,Menor actividad y valor
17786,85,2,266.85,-0.9349639722790227,-0.0626651072714824,0,Menor actividad y valor
17787,153,4,1817.54,0.2128877274825343,1.19965332790487,0,Menor actividad y valor
17788,74,2,1117.9,-0.2047960606903806,0.37126844443236245,0,Menor actividad y valor
17789,281,1,225.9,-1.834169790766268,0.474645290001648,0,Menor actividad y valor
17790,27,14,1964.3,1.8949891020467624,0.5674594653386102,1,Activos de mayor valor
17791,30,1,106.1,-1.3467193970610176,-1.1984594282205518,0,Menor actividad y valor
17793,25,1,300.34,-0.789026864510126,-0.9332021459289757,0,Menor actividad y valor
17795,180,2,342.83,-1.1008214511266148,0.5000272978066677,0,Menor actividad y valor
17796,40,4,690.0,0.25960008970151266,0.008292823506380855,0,Menor actividad y valor
17797,22,3,780.43,0.33682516617831165,-0.39873635021826365,1,Activos de mayor valor
17799,22,10,3039.17,1.8963441075634877,0.4830082378454432,1,Activos de mayor valor
17800,37,9,1187.21,1.1728507570223095,0.4226869519017045,1,Activos de mayor valor
17802,82,3,1285.04,0.08281249031013649,0.5962686348844346,0,Menor actividad y valor
17805,74,1,512.31,-0.9411577553188208,-0.06762575061126369,0,Menor actividad y valor
17806,11,1,546.04,-0.21093910007231942,-1.2061862301809938,0,Menor actividad y valor
17809,16,12,5411.91,2.4365032465968053,0.5653828079115321,1,Activos de mayor valor
17811,4,39,7761.82,4.091944443219861,0.35083018270680383,1,Activos de mayor valor
17812,13,4,699.81,0.6767467371431186,-0.6677464496278482,1,Activos de mayor valor
17813,14,5,1698.07,1.2352791865728008,-0.23172864309652777,1,Activos de mayor valor
17816,37,4,36.56,-1.092209344473625,-1.1005131986982049,0,Menor actividad y valor
17817,4,3,387.68,0.5886399919847028,-1.620507274212864,1,Activos de mayor valor
17819,72,7,3704.87,1.2608783416437461,1.1654814343553268,1,Activos de mayor valor
17824,51,1,298.4,-1.0568701427394762,-0.4961435662223112,0,Menor actividad y valor
17827,5,5,1987.33,1.6598443308866042,-0.7553401908553496,1,Activos de mayor valor
17828,23,4,1820.09,0.9236477523269685,0.021741019324245933,1,Activos de mayor valor
17829,299,1,889.24,-1.2096441006593763,1.0117309434696171,0,Menor actividad y valor
17830,2,3,398.7,0.7970307455692179,-1.9341555892982292,1,Activos de mayor valor
17831,33,1,35.400000000000006,-1.8937117512301946,-1.5329478362122821,0,Menor actividad y valor
17832,50,1,155.37,-1.3574428134748784,-0.7450242869820355,0,Menor actividad y valor
17835,3,3,342.24,0.6149302950990433,-1.8072462158386386,1,Activos de mayor valor
17836,47,1,110.21000000000001,-1.4958787663361175,-0.9075789439115183,0,Menor actividad y valor
17837,42,8,1541.23,1.153944829850447,0.5557255215246969,1,Activos de mayor valor
17838,27,5,2720.8,1.22028145814935,0.33556275113400297,1,Activos de mayor valor
17839,42,1,318.15,-0.9539844581467601,-0.5933533864952659,0,Menor actividad y valor
17841,2,124,40519.84,6.10163658386409,1.0646925607555604,1,Activos de mayor valor
17843,303,1,205.48,-1.9075813581269274,0.4879203624376378,0,Menor actividad y valor
17844,107,1,51.559999999999995,-2.161015452878204,-0.6664595278391594,0,Menor actividad y valor
17846,85,1,2033.1,-0.3405592505702825,0.5206175848112401,0,Menor actividad y valor
17848,81,9,901.1999999999999,0.7484766470987928,0.8099781642490221,1,Activos de mayor valor
17849,218,4,605.8000000000001,-0.4420494818998567,1.0231272761707169,0,Menor actividad y valor
17850,372,34,5391.21,2.1511103286577047,2.9006598825254866,1,Activos de mayor valor
17852,12,2,114.34,-0.6127141015299361,-1.567279994878313,0,Menor actividad y valor
17854,185,2,311.26,-1.1568972391567864,0.48222487988848267,0,Menor actividad y valor
17855,373,1,208.97,-1.9787947044178869,0.6253941574526433,0,Menor actividad y valor
17856,2,4,1418.03,1.5997066243534719,-1.3873466224503195,1,Activos de mayor valor
17857,4,23,26879.04,4.2186376652297914,0.6077849940156809,1,Activos de mayor valor
17858,6,12,5140.66,2.7510745515789217,-0.015834587462805014,1,Activos de mayor valor
17859,305,1,141.92000000000002,-2.0845368845785854,0.3580798255630377,0,Menor actividad y valor
17860,369,1,226.45000000000002,-1.9367709447631283,0.6477014544778492,0,Menor actividad y valor
17861,3,8,2097.88,2.207276712675606,-0.8375740111199699,1,Activos de mayor valor
17862,324,1,330.9,-1.7080493320883547,0.7031280300539366,0,Menor actividad y valor
17863,59,6,3160.0,1.1395617148664563,0.9321595083929892,1,Activos de mayor valor
17864,13,3,554.85,0.3649528319122268,-0.837503364730803,1,Activos de mayor valor
17865,31,20,10526.32,2.944229930575252,1.3920716815819398,1,Activos de mayor valor
17866,143,1,329.65,-1.3988875519613033,0.18572242922967677,0,Menor actividad y valor
17867,30,6,1157.8700000000001,0.916028810847444,0.14807700752324132,1,Activos de mayor valor
17869,107,5,428.18,-0.1712348629636686,0.5185816502781593,0,Menor actividad y valor
17870,2,12,1865.89,2.5943726781841274,-0.9219432311437611,1,Activos de mayor valor
17871,205,1,155.9,-1.8891269460948665,0.14121459722489116,0,Menor actividad y valor
17873,80,5,1848.96,0.6314207197703416,0.8683277631612666,1,Activos de mayor valor
17874,185,6,683.46,-0.018096041129917077,1.0921584121499404,0,Menor actividad y valor
17877,170,1,237.61,-1.6192177721053318,0.17585010756033148,0,Menor actividad y valor
17878,44,1,379.45,-0.8880449204204351,-0.5005448089416474,0,Menor actividad y valor
17879,174,1,178.51999999999998,-1.7629685127548738,0.08687616275447387,0,Menor actividad y valor
17880,365,1,458.92,-1.5987553308935478,0.8972550867138278,0,Menor actividad y valor
17881,304,1,133.35000000000002,-2.1126066949776776,0.33348355570938143,0,Menor actividad y valor
17883,3,4,664.34,1.1306727033700232,-1.4808341256333575,1,Activos de mayor valor
17884,4,4,695.0699999999999,1.066841404038865,-1.3229308520718168,1,Activos de mayor valor
17885,12,1,156.34,-0.8323665926676331,-1.6092839478105998,0,Menor actividad y valor
17886,32,3,869.28,0.24998032842163997,-0.13065608223879904,0,Menor actividad y valor
17887,129,1,111.35,-1.8716403834981548,-0.2722530107640642,0,Menor actividad y valor
17888,21,8,716.0,1.046783775189241,-0.14805877349755825,1,Activos de mayor valor
17889,212,2,201.37,-1.4143348525773827,0.4101826157750648,0,Menor actividad y valor
17890,323,2,586.89,-1.0689049567198843,1.0644906990982403,0,Menor actividad y valor
17891,162,1,203.85999999999999,-1.673225396048143,0.08993364433430222,0,Menor actividad y valor
17892,56,3,244.1,-0.5596238798762292,-0.24568342182768138,0,Menor actividad y valor
17893,225,1,107.21,-2.1006877611266113,0.06463975528840972,0,Menor actividad y valor
17894,72,8,1118.96,0.8000691780291437,0.7747197713273266,1,Activos de mayor valor
17895,44,1,95.45,-1.538742829561617,-1.0003533065563268,0,Menor actividad y valor
17896,23,1,256.32,-0.8333287626468613,-1.0414587786443426,0,Menor actividad y valor
17897,173,3,541.8100000000001,-0.6089373966609516,0.7513678992976643,0,Menor actividad y valor
17898,85,2,152.06,-1.2003000579041143,-0.26647278585196316,0,Menor actividad y valor
17899,159,1,154.55,-1.7966925368329925,-0.02212974239264166,0,Menor actividad y valor
17900,190,2,112.19999999999999,-1.6481465727663887,0.12949031776483017,0,Menor actividad y valor
17901,29,1,110.38,-1.3156140591510077,-1.2049748007494023,0,Menor actividad y valor
17904,21,1,181.07,-0.9641148521183062,-1.222607322558989,0,Menor actividad y valor
17905,71,4,798.99,0.11394382679187272,0.41859949737296775,0,Menor actividad y valor
17906,247,1,72.9,-2.3169974039623047,-0.01536486511646066,0,Menor actividad y valor
17908,374,1,232.03,-1.9304065140968545,0.6650379234743313,0,Menor actividad y valor
17911,9,1,366.23,-0.330259537657708,-1.4669140494020068,0,Menor actividad y valor
17912,310,5,310.06,-0.727885727728768,1.071837413376454,0,Menor actividad y valor
17913,59,2,408.65,-0.5959863228772044,-0.13614208871873387,0,Menor actividad y valor
17914,4,1,329.36,-0.1156469108676812,-1.9448597005886668,0,Menor actividad y valor
17917,45,3,335.03,-0.32810746545262204,-0.2666866392266946,0,Menor actividad y valor
17919,88,1,1304.04,-0.5640972187570219,0.3807135901378127,0,Menor actividad y valor
17920,4,17,4119.5,3.0690895582974496,-0.18529128472965783,1,Activos de mayor valor
17921,64,4,820.23,0.16543890983672285,0.36330486960211933,0,Menor actividad y valor
17923,282,1,207.50000000000003,-1.875621499325552,0.44608842774069624,0,Menor actividad y valor
17924,12,7,2962.5,1.8140236725658099,-0.009798131621910549,1,Activos de mayor valor
17925,373,1,244.08,-1.905480760293982,0.6817074354761401,0,Menor actividad y valor
17926,133,2,397.29,-0.9162544588266669,0.3629799518510886,0,Menor actividad y valor
17928,45,2,212.54,-0.8033906183137436,-0.5418523039155688,0,Menor actividad y valor
17929,11,4,843.0,0.8237849448115604,-0.6977568055344832,1,Activos de mayor valor
17930,36,5,1740.48,0.9020754896974109,0.34961079906302295,1,Activos de mayor valor
17931,134,2,408.36,-0.9060958296291003,0.3776777599975717,0,Menor actividad y valor
17932,29,3,1331.57,0.4884024549335616,-0.03590749662366112,1,Activos de mayor valor
17934,52,2,704.25,-0.2910138245046759,-0.01692981462048686,0,Menor actividad y valor
17935,138,2,145.79,-1.4035399823659682,0.022663144807328558,0,Menor actividad y valor
17936,5,1,380.13,-0.11750926188838141,-1.777213765693833,0,Menor actividad y valor
17937,9,7,4301.22,2.090992602578895,-0.04035939901185671,1,Activos de mayor valor
17939,160,1,99.14,-2.007889762006416,-0.1785748252736811,0,Menor actividad y valor
17940,49,10,4020.04,1.7322984240351647,1.0771191143167838,1,Activos de mayor valor
17941,131,1,304.56,-1.4030670126236435,0.10182188326335012,0,Menor actividad y valor
17942,8,1,77.50000000000001,-1.0215817732915795,-2.095632938090299,0,Menor actividad y valor
17946,233,2,149.57999999999998,-1.5904156243641059,0.3621309843890782,0,Menor actividad y valor
17947,37,1,176.68,-1.184466194328607,-0.8850228040537178,0,Menor actividad y valor
17948,147,1,358.56000000000006,-1.3696098793799096,0.2336194627149148,0,Menor actividad y valor
17949,1,45,58510.48,5.526166848418839,0.5590703091280605,1,Activos de mayor valor
17950,72,3,482.2,-0.3322934153598327,0.15836639684385728,0,Menor actividad y valor
17951,40,3,1008.5400000000001,0.23744343052471412,0.06100958592701607,0,Menor actividad y valor
17954,5,12,2314.13,2.4316262735947194,-0.4041585421626582,1,Activos de mayor valor
17955,199,4,557.3,-0.4468799797782009,0.9352555918277924,0,Menor actividad y valor
17956,249,1,12.75,-3.117440754641439,-0.6227458892015979,0,Menor actividad y valor
17957,66,1,111.68,-1.6170454559679976,-0.6913840456601396,0,Menor actividad y valor
17958,117,1,508.4599999999999,-1.1178476496222634,0.21692983059997378,0,Menor actividad y valor
17960,171,1,73.78,-2.171598360341731,-0.24303241171184764,0,Menor actividad y valor
17961,21,39,1296.44,2.677732658191679,0.6385282512468171,1,Activos de mayor valor
17962,142,1,102.41,-1.9473643945096946,-0.2420313151924802,0,Menor actividad y valor
17964,32,2,463.21,-0.3083282641026562,-0.4695945356194622,0,Menor actividad y valor
17965,38,14,2599.19,1.9011462619518444,0.8794738576418175,1,Activos de mayor valor
17966,38,5,1098.43,0.6638809390286308,0.21547016349226458,1,Activos de mayor valor
17967,372,1,112.27,-2.270416169796332,0.39891350430579764,0,Menor actividad y valor
17968,374,1,265.1,-1.8674837114004104,0.71336964705851,0,Menor actividad y valor
17969,166,2,228.2,-1.2623642902697343,0.3012895025551895,0,Menor actividad y valor
17970,211,1,562.79,-1.2936144897539685,0.6252589186130851,0,Menor actividad y valor
17972,242,1,135.19,-2.019347756757651,0.19437555152736166,0,Menor actividad y valor
17973,52,1,337.04,-1.006591730761355,-0.4398597443807932,0,Menor actividad y valor
17974,25,3,703.99,0.24118082322583906,-0.35850624134980913,0,Menor actividad y valor
17975,15,13,4483.26,2.4374767331384373,0.48675033472064666,1,Activos de mayor valor
17976,372,1,321.79,-1.773867378168138,0.7803183037520249,0,Menor actividad y valor
17977,29,1,288.14,-0.8632870946133352,-0.8575372918836245,0,Menor actividad y valor
17978,365,1,300.91999999999996,-1.7983228915172587,0.7439649635296121,0,Menor actividad y valor
17979,36,4,732.41,0.327056879118854,-0.03508947538399649,1,Activos de mayor valor
17980,166,3,811.45,-0.4020274136593059,0.8722193313276494,0,Menor actividad y valor
17984,145,1,152.68,-1.7674488233360865,-0.08458241622480243,0,Menor actividad y valor
17985,22,1,631.35,-0.3907470999365786,-0.7409745301290763,0,Menor actividad y valor
17986,56,1,20.8,-2.3341666053368093,-1.3921115722013973,0,Menor actividad y valor
17987,185,1,198.57,-1.7360525323437281,0.16408271772535182,0,Menor actividad y valor
17988,12,7,201.12,0.5407904876359769,-0.9877830864419501,1,Activos de mayor valor
17990,237,3,630.84,-0.6565717930018928,1.0052405672405995,0,Menor actividad y valor
17991,225,2,93.35,-1.7987871709141223,0.16981941272617326,0,Menor actividad y valor
17994,122,4,674.89,-0.17055094464085074,0.696690213310215,0,Menor actividad y valor
17995,282,1,76.1,-2.3473284054119703,0.08376496437396876,0,Menor actividad y valor
17997,74,8,1962.46,1.0559424420425174,0.996324066774575,1,Activos de mayor valor
17999,37,2,380.39,-0.4553984790473775,-0.45173119787344534,0,Menor actividad y valor
18001,12,2,415.13,-0.004318739229434742,-1.0999645667582334,0,Menor actividad y valor
18004,362,1,157.92,-2.0994734743452033,0.5050151830975442,0,Menor actividad y valor
18005,4,2,226.47,0.07430455825004936,-1.9256694419757803,0,Menor actividad y valor
18006,23,1,444.68,-0.5728842373049295,-0.84140836339877,0,Menor actividad y valor
18008,70,9,2116.19,1.2079582592398872,1.0293359091679137,1,Activos de mayor valor
18009,235,1,247.39,-1.7232387264934945,0.3947140900079755,0,Menor actividad y valor
18010,257,1,174.8,-1.921178702226072,0.32532704027164316,0,Menor actividad y valor
18011,373,1,102.78999999999999,-2.3128823576771462,0.36877761435123524,0,Menor actividad y valor
18013,155,2,187.29,-1.3295602950427252,0.18648769108533905,0,Menor actividad y valor
18014,28,1,162.22,-1.121464615520964,-1.0872850980484963,0,Menor actividad y valor
18015,4,1,120.03,-0.5917676170278651,-2.310573454215512,0,Menor actividad y valor
18016,32,5,1477.66,0.8682086143917803,0.21749849205280303,1,Activos de mayor valor
18017,81,3,523.0,-0.33826888747032563,0.2615904390793497,0,Menor actividad y valor
18018,108,2,122.14,-1.3939664745451064,-0.19544698758900406,0,Menor actividad y valor
18019,52,1,38.45,-2.0251395988685688,-1.2222179978124115,0,Menor actividad y valor
18022,36,1,612.72,-0.5865372643213549,-0.4504776389379658,0,Menor actividad y valor
18024,153,2,389.78,-0.9784211267118956,0.44423568756383647,0,Menor actividad y valor
18027,99,1,115.31,-1.7549929901201922,-0.4259590819641781,0,Menor actividad y valor
18030,4,2,230.64999999999998,0.08293857550216356,-1.9190375546890146,0,Menor actividad y valor
18032,334,1,73.5,-2.4280307226500857,0.17820585319482,0,Menor actividad y valor
18033,65,1,93.82000000000001,-1.6931267934325864,-0.7637684096012587,0,Menor actividad y valor
18034,22,2,418.68,-0.21823787682306714,-0.7351818599330645,0,Menor actividad y valor
18035,36,3,713.89,0.11301589351664429,-0.1297612561862362,0,Menor actividad y valor
18036,32,3,403.12,-0.11374588745211195,-0.4100383438767241,0,Menor actividad y valor
18037,154,6,70.02,-1.022728969128309,0.15141195519141556,0,Menor actividad y valor
18040,19,2,357.20000000000005,-0.23995582120821562,-0.8814723064254183,0,Menor actividad y valor
18041,12,21,4097.37,2.8831117565885314,0.49524091219665023,1,Activos de mayor valor
18042,54,1,165.04999999999998,-1.3578068900691018,-0.6752817891069305,0,Menor actividad y valor
18043,25,3,529.29,0.10616047992657505,-0.46221690951668853,0,Menor actividad y valor
18044,4,10,2088.6,2.3015143150616173,-0.6209686655326818,1,Activos de mayor valor
18045,45,1,178.34,-1.2530396145618186,-0.7605191999139649,0,Menor actividad y valor
18048,203,2,172.29000000000002,-1.4713994963507233,0.32631477136117143,0,Menor actividad y valor
18050,359,1,74.4,-2.449830724864521,0.22820585745708477,0,Menor actividad y valor
18053,71,1,300.02,-1.1786221946048214,-0.2878812950318305,0,Menor actividad y valor
18055,7,10,6761.34,2.678820412671253,0.10470369618298915,1,Activos de mayor valor
18056,288,1,363.65,-1.6185832786955892,0.662978091366335,0,Menor actividad y valor
18058,10,1,170.16,-0.7286332409707016,-1.6845232684523403,0,Menor actividad y valor
18059,23,3,306.46,-0.12171561733631418,-0.711478981741088,0,Menor actividad y valor
18061,22,10,2119.41,1.7255039779227501,0.351783982582764,1,Activos de mayor valor
18062,173,3,720.52,-0.4739923703763496,0.8550207156051567,0,Menor actividad y valor
18064,133,2,814.0,-0.576755413417532,0.6237530470828132,0,Menor actividad y valor
18065,6,14,2392.83,2.518077815518096,-0.23952309878698652,1,Activos de mayor valor
18066,75,1,318.0,-1.1717679172353035,-0.23247705078387815,0,Menor actividad y valor
18067,40,1,396.33,-0.8319003306069007,-0.5437471837196812,0,Menor actividad y valor
18068,289,1,101.69999999999999,-2.220717565751205,0.2036751614583937,0,Menor actividad y valor
18069,26,5,2009.24,1.0904860530423466,0.20213977668359204,1,Activos de mayor valor
18071,258,2,453.0,-1.10591172317265,0.828416728933964,0,Menor actividad y valor
18072,186,1,247.44,-1.634243497225579,0.2472558142973936,0,Menor actividad y valor
18073,114,12,3859.82,1.5460098904974215,1.6542226840358292,1,Activos de mayor valor
18074,374,1,489.6,-1.5774157510580438,0.9361741611474229,0,Menor actividad y valor
18075,23,10,2611.75,1.8082470502415473,0.45480766437766845,1,Activos de mayor valor
18077,8,11,2584.41,2.2566673241237347,-0.13752276934878027,1,Activos de mayor valor
18078,217,2,336.13,-1.1812031100149294,0.6107710448940111,0,Menor actividad y valor
18079,45,4,3613.15,1.0001210033043992,0.6838052759166574,1,Activos de mayor valor
18080,19,2,1231.5,0.34596219352106855,-0.4314219857570602,1,Activos de mayor valor
18081,36,3,343.45,-0.23320289044410203,-0.39569585936606094,0,Menor actividad y valor
18082,26,1,680.84,-0.4162691081024274,-0.611884051490591,0,Menor actividad y valor
18084,16,1,90.47999999999999,-1.1919721012728697,-1.6367256559422518,0,Menor actividad y valor
18085,330,2,689.95,-1.0004808977723805,1.1368700388962991,0,Menor actividad y valor
18086,274,1,101.34,-2.202094722224711,0.16872802875775247,0,Menor actividad y valor
18087,98,2,4055.7199999999993,0.2998751411087299,1.0163747614152732,0,Menor actividad y valor
18088,61,1,166.03,-1.4007805458771676,-0.5971923526545664,0,Menor actividad y valor
18092,2,11,9068.26,3.2714033660475077,-0.3768937365028762,1,Activos de mayor valor
18093,93,4,2106.52,0.47139150415240805,0.9404180111563155,1,Activos de mayor valor
18094,82,7,3017.3,1.114528754459837,1.1721232942410387,1,Activos de mayor valor
18095,313,2,580.0500000000001,-1.0624781802374241,1.0403541741168367,0,Menor actividad y valor
18096,12,3,849.06,0.5946872227670885,-0.7297659989573009,1,Activos de mayor valor
18097,8,6,2662.4,1.7830420579417472,-0.33287564565822103,1,Activos de mayor valor
18099,127,1,168.31,-1.6712607620794129,-0.13271698705550955,0,Menor actividad y valor
18101,11,2,222.4,-0.26868338059750835,-1.3772539065566587,0,Menor actividad y valor
18102,1,60,259657.3,6.488107839911761,1.209746498562054,1,Activos de mayor valor
18104,37,1,754.64,-0.4980876671364187,-0.3578076160970116,0,Menor actividad y valor
18105,38,1,113.48000000000002,-1.4028199964712567,-1.0286544108107876,0,Menor actividad y valor
18106,330,1,421.9,-1.600148442861002,0.8029721817145633,0,Menor actividad y valor
18108,254,1,271.0,-1.7097632355201644,0.4768713188470812,0,Menor actividad y valor
18109,2,26,8004.92,3.946050792521954,-0.11211661068592435,1,Activos de mayor valor
18110,20,1,198.8,-0.9022830913782434,-1.21825411308206,0,Menor actividad y valor
18112,12,2,352.69,-0.08140547450362083,-1.1591757687648037,0,Menor actividad y valor
18113,369,1,76.32000000000001,-2.4483742568961264,0.2547331058483358,0,Menor actividad y valor
18114,290,1,220.1,-1.858448643131447,0.48513032743532747,0,Menor actividad y valor
18116,68,8,1403.1100000000001,0.9288075229586336,0.8213461045447421,1,Activos de mayor valor
18117,26,1,315.65,-0.7799454560218974,-0.8912280089831383,0,Menor actividad y valor
18118,11,26,5625.08,3.249222046633479,0.6382253921304887,1,Activos de mayor valor
18119,368,1,180.7,-2.0422198738148416,0.5641951750907134,0,Menor actividad y valor
18120,214,1,111.15,-2.0646697661971727,0.04603348679739816,0,Menor actividad y valor
18121,149,2,653.3,-0.7239781308290572,0.6152708267673632,0,Menor actividad y valor
18122,8,6,1793.06,1.595692625715995,-0.47678088483949466,1,Activos de mayor valor
18123,24,2,574.4399999999999,-0.10042586289112866,-0.5673649276557449,0,Menor actividad y valor
18125,30,4,1131.75,0.6007588579356054,0.0110669325603289,1,Activos de mayor valor
18126,61,1,200.92000000000002,-1.3108341171736981,-0.5281034732152247,0,Menor actividad y valor
18127,19,3,347.08,0.0067675557160782294,-0.7818660167111882,0,Menor actividad y valor
18129,243,1,112.55000000000001,-2.1071216713504013,0.13076384122910703,0,Menor actividad y valor
18130,15,3,1059.39,0.6201981334078572,-0.5176158059160838,1,Activos de mayor valor
18133,212,1,931.4999999999999,-1.056823070644914,0.8115051345396133,0,Menor actividad y valor
18135,29,5,681.9100000000001,0.5383182433707656,-0.12428024411565074,1,Activos de mayor valor
18136,63,3,784.33,-0.05174678365968488,0.25183975009171117,0,Menor actividad y valor
18138,295,1,152.65,-2.0375195632149725,0.3633824658985088,0,Menor actividad y valor
18139,18,6,8438.34,2.0444515413995363,0.56084742200547,1,Activos de mayor valor
18142,157,2,1019.52,-0.5330637340266884,0.8100993715626075,0,Menor actividad y valor
18143,117,2,1000.16,-0.43063602985247323,0.6180712916519173,0,Menor actividad y valor
18144,8,12,2888.75,2.3818616680501554,-0.06637405241564802,1,Activos de mayor valor
18145,13,4,2861.55,1.3439932835173403,-0.1552267547020655,1,Activos de mayor valor
18146,141,2,160.35000000000002,-1.3668545553834677,0.07064352268787562,0,Menor actividad y valor
18147,46,2,179.33999999999997,-0.8917288519888884,-0.5897620681814996,0,Menor actividad y valor
18149,51,3,612.0799999999999,-0.08983394491973545,0.030029595278149038,0,Menor actividad y valor
18150,32,3,566.58,0.047310457747212306,-0.28632912521390536,0,Menor actividad y valor
18151,135,2,653.35,-0.686513578100699,0.553185359963473,0,Menor actividad y valor
18154,3,2,399.19,0.42740541617026273,-1.861381462956106,1,Activos de mayor valor
18155,75,3,371.62,-0.4708974868911321,0.08925114402842489,0,Menor actividad y valor
18156,13,2,675.64,0.19787893498493966,-0.8759299789399487,0,Menor actividad y valor
18158,9,2,453.4,0.1376201658282153,-1.2342439389057678,0,Menor actividad y valor
18159,301,1,530.15,-1.4570583394223695,0.8278510762931497,0,Menor actividad y valor
18160,57,2,638.0600000000001,-0.37218129197414007,0.004326409353394852,0,Menor actividad y valor
18161,15,5,1618.69,1.187939025672851,-0.20824117549975105,1,Activos de mayor valor
18164,37,1,399.65000000000003,-0.7989283897253804,-0.5888868119360738,0,Menor actividad y valor
18165,177,1,302.46000000000004,-1.520547341195983,0.288845386130291,0,Menor actividad y valor
18167,23,3,1384.8600000000001,0.5922351856936368,-0.16308521372642798,1,Activos de mayor valor
18168,176,6,1160.04,0.251413237103913,1.2531776994816908,0,Menor actividad y valor
18169,61,1,202.65,-1.3067889753138258,-0.5249963535407669,0,Menor actividad y valor
18170,33,3,980.31,0.2955100332082013,-0.06799996332474789,1,Activos de mayor valor
18171,59,5,1231.31,0.5534232076365682,0.5301141130654916,1,Activos de mayor valor
18172,15,20,7561.68,3.0521846914550292,0.8322009051251706,1,Activos de mayor valor
18173,87,4,2106.84,0.49665930512043266,0.898660183741216,1,Activos de mayor valor
18174,7,1,104.0,-0.8386751849581863,-2.064366740047182,0,Menor actividad y valor
18176,358,1,476.35,-1.5737412282934584,0.8985606435388508,0,Menor actividad y valor
18177,31,6,1340.8700000000001,0.9734209768551078,0.22160283395839173,1,Activos de mayor valor
18178,129,4,1590.81,0.21446550315100932,1.043754817577679,0,Menor actividad y valor
18179,9,6,1793.17,1.5554741903787617,-0.4099667426789362,1,Activos de mayor valor
18180,5,6,1843.75,1.7637906744892564,-0.7236721049957543,1,Activos de mayor valor
18181,24,1,366.85,-0.6794809181929076,-0.8854300959541599,0,Menor actividad y valor
18183,227,2,632.07,-0.8995646452761353,0.8686930705876901,0,Menor actividad y valor
18184,15,1,49.8,-1.4477233031880836,-1.8893914958849831,0,Menor actividad y valor
18185,249,1,304.25,-1.6475147628527127,0.5063210575945792,0,Menor actividad y valor
18188,15,3,2001.04,0.9215381662971761,-0.2861530841311731,1,Activos de mayor valor
18189,78,2,1090.24,-0.23651335251373268,0.39509104583937044,0,Menor actividad y valor
18190,192,2,284.46000000000004,-1.213557586335484,0.47296309660144525,0,Menor actividad y valor
18191,262,1,207.79999999999998,-1.8469420232313838,0.4001491081928542,0,Menor actividad y valor
18192,72,1,957.97,-0.6344951908219211,0.1428601502558353,0,Menor actividad y valor
18193,165,1,243.76,-1.5958155106780159,0.16630574168104953,0,Menor actividad y valor
18194,82,1,973.8399999999999,-0.675753957867904,0.23022346965193127,0,Menor actividad y valor
18196,95,2,686.63,-0.5299389581176449,0.3504488844604773,0,Menor actividad y valor
18198,4,17,5425.56,3.1996392352856304,-0.08501458642942236,1,Activos de mayor valor
18200,106,1,150.35,-1.6559762327746765,-0.28715973428015584,0,Menor actividad y valor
18202,200,3,1396.99,-0.21547440300290258,1.1873616155717015,0,Menor actividad y valor
18203,157,1,160.42000000000002,-1.7743235880499044,-0.016612867692325322,0,Menor actividad y valor
18204,71,3,1975.35,0.34085990856912773,0.6626318775390496,1,Activos de mayor valor
18205,36,2,517.36,-0.2997178103088994,-0.35688197450305265,0,Menor actividad y valor
18209,29,1,139.10000000000002,-1.2068386605602015,-1.1214231744365648,0,Menor actividad y valor
18210,2,6,2621.38,2.19535029496034,-1.0349782919233952,1,Activos de mayor valor
18211,26,5,600.07,0.5180389967335516,-0.23756334692912956,1,Activos de mayor valor
18212,326,1,216.07,-1.9117258964466357,0.5523710337192269,0,Menor actividad y valor
18213,237,1,232.48000000000002,-1.7558143273068734,0.37751820835445754,0,Menor actividad y valor
18215,89,1,299.34000000000003,-1.2649349080088734,-0.14724625244840472,0,Menor actividad y valor
18216,31,1,481.75,-0.6448942684365954,-0.6299372811671736,0,Menor actividad y valor
18217,29,2,621.75,-0.13260921333257591,-0.42300889880450154,0,Menor actividad y valor
18218,211,2,641.92,-0.8644500877357142,0.8281913637665936,0,Menor actividad y valor
18219,3,10,2069.77,2.3824625828813173,-0.7657242000531258,1,Activos de mayor valor
18220,227,1,305.28000000000003,-1.610729664502481,0.44915272976841086,0,Menor actividad y valor
18221,22,5,1041.61,0.8404407302035978,-0.13861711699359827,1,Activos de mayor valor
18222,93,1,443.0,-1.0961942707079133,0.02269140427758305,0,Menor actividad y valor
18223,5,14,6484.54,3.049544661922708,0.025750574450374035,1,Activos de mayor valor
18224,264,1,158.95000000000002,-1.9762058096770738,0.30788555161454645,0,Menor actividad y valor
18225,3,12,5504.96,2.997305058313453,-0.34566345705828416,1,Activos de mayor valor
18226,44,11,5228.05,1.9758345969760218,1.139283351609931,1,Activos de mayor valor
18227,218,1,93.75,-2.151651857599514,-0.0036839042169972552,0,Menor actividad y valor
18228,57,2,779.9,-0.2771374010028916,0.07733070779426508,0,Menor actividad y valor
18229,12,20,7276.900000000001,3.113302875321574,0.6865915092298469,1,Activos de mayor valor
18230,9,7,2810.2000000000003,1.8892300571457474,-0.19533551510381011,1,Activos de mayor valor
18231,192,5,2071.77,0.3536762306957349,1.4601549061039059,1,Activos de mayor valor
18232,82,4,592.97,-0.08155604130182426,0.4002797425464529,0,Menor actividad y valor
18233,326,1,440.0,-1.5756325856157032,0.8105281453141632,0,Menor actividad y valor
18235,72,3,1796.48,0.29060963388445293,0.6368253450419515,0,Menor actividad y valor
18236,30,6,882.24,0.7872464033458558,0.049157769105026825,1,Activos de mayor valor
18237,3,5,987.1,1.4831701122032535,-1.2670549283395363,1,Activos de mayor valor
18239,219,5,1561.6100000000001,0.16969602124161337,1.440262746130503,0,Menor actividad y valor
18240,46,1,422.58,-0.8537377019422749,-0.4338669969871143,0,Menor actividad y valor
18241,10,17,2073.09,2.4424153839677447,0.06453135788557973,1,Activos de mayor valor
18242,72,4,2232.4900000000002,0.5955004815373265,0.801279942758378,1,Activos de mayor valor
18245,7,7,2567.06,1.931578009820202,-0.36974039265912223,1,Activos de mayor valor
18246,24,2,596.1,-0.0829059866380279,-0.5539077105578527,0,Menor actividad y valor
18248,123,2,804.02,-0.5529703893634939,0.5700987407243089,0,Menor actividad y valor
18249,17,1,95.34,-1.1892626769833823,-1.5816384942416952,0,Menor actividad y valor
18250,310,1,349.27,-1.6656860640615025,0.694834285906919,0,Menor actividad y valor
18251,87,1,4314.72,0.007323688868078429,0.8091498416694887,0,Menor actividad y valor
18252,51,2,518.27,-0.42888992080041805,-0.1404984185064108,0,Menor actividad y valor
18255,89,1,103.3,-1.7664225970986664,-0.532444675457082,0,Menor actividad y valor
18257,39,8,2337.63,1.3789791437716177,0.6615101721905594,1,Activos de mayor valor
18259,25,3,2338.6000000000004,0.8099548992360383,0.07837562413526235,1,Activos de mayor valor
18260,173,6,2628.35,0.6455277562902462,1.5400489913676412,1,Activos de mayor valor
18261,43,2,324.24,-0.5869143020467094,-0.41679684415442086,0,Menor actividad y valor
18262,140,1,149.48,-1.7641147809485458,-0.11433671821441374,0,Menor actividad y valor
18263,26,3,1213.1599999999999,0.4845265013888376,-0.13659104262081104,1,Activos de mayor valor
18265,72,2,801.51,-0.35206009172352726,0.2330881415941821,0,Menor actividad y valor
18268,134,1,25.5,-2.5709626161140213,-0.7744118033865989,0,Menor actividad y valor
18269,366,1,168.6,-2.0728198682948316,0.5356509958301405,0,Menor actividad y valor
18270,38,2,283.15,-0.6048746246853758,-0.5424570898077241,0,Menor actividad y valor
18272,3,6,3078.58,2.1616582947208163,-0.7940746924165677,1,Activos de mayor valor
18273,2,3,204.0,0.4804350464049924,-2.1773363626303404,1,Activos de mayor valor
18274,30,1,175.92,-1.108724280459923,-1.0156526602919116,0,Menor actividad y valor
18276,44,1,335.86,-0.9457436533231804,-0.5448638648372685,0,Menor actividad y valor
18277,58,1,110.38,-1.5739746121529414,-0.7762185617043484,0,Menor actividad y valor
18278,74,1,173.9,-1.4516647199712704,-0.4597519822162432,0,Menor actividad y valor
18280,278,1,180.60000000000002,-1.9356800418433056,0.386755798903694,0,Menor actividad y valor
18281,181,1,80.82,-2.1505255468126077,-0.17443937972549745,0,Menor actividad y valor
18282,8,2,178.05,-0.26371945501538463,-1.640223868398703,0,Menor actividad y valor
18283,4,16,2045.53,2.685541407399466,-0.46203618076997366,1,Activos de mayor valor
18287,43,3,1837.28,0.49464595315799914,0.32405718898252617,1,Activos de mayor valor
